# Blender 5.0.0
# www.blender.org
mtllib Aranhoso_character.mtl
o ct_urban_character
v 0.092682 1.829575 0.028070
v 0.086634 1.818702 0.042310
v 0.091562 1.817481 0.045096
v 0.095666 1.907079 0.086166
v 0.099024 1.907079 0.086166
v 0.097375 1.875954 0.083411
v 0.094072 1.875954 0.083411
v 0.094577 1.840774 0.077683
v 0.091507 1.840774 0.077683
v 0.097496 1.837807 0.077029
v 0.099047 1.845434 0.057867
v 0.094036 1.840571 0.057092
v 0.094381 1.833293 0.075859
v 0.101623 1.877101 0.062269
v 0.101239 1.907241 0.063527
v 0.092276 1.847941 0.058147
v 0.082254 1.800741 0.074472
v 0.085971 1.803705 0.071515
v 0.086388 1.801873 0.064348
v 0.083478 1.798798 0.064627
v 0.089219 1.809275 0.049287
v 0.085497 1.807826 0.047174
v 0.078831 1.801870 0.073411
v 0.080001 1.799245 0.064719
v 0.081952 1.808498 0.047174
v 0.088315 1.817399 0.048945
v 0.086674 1.811367 0.052461
v 0.083306 1.804818 0.064020
v 0.082084 1.805639 0.068720
v 0.093905 1.843912 0.050726
v 0.098001 1.848978 0.039953
v 0.103320 1.868685 0.048030
v -0.045894 1.947607 0.151937
v -0.044751 1.943831 0.152382
v -0.055813 1.941916 0.145883
v -0.056423 1.946079 0.147062
v -0.064695 1.933124 0.133810
v -0.054130 1.931275 0.139138
v -0.061102 1.935631 0.133097
v -0.054390 1.941444 0.143397
v -0.044800 1.942433 0.148655
v -0.036230 1.942538 0.146404
v -0.036123 1.943961 0.151682
v -0.030574 1.939292 0.143080
v -0.028888 1.940063 0.148351
v -0.026849 1.933938 0.139191
v -0.022368 1.932670 0.142720
v -0.034294 1.933926 0.141362
v -0.033636 1.931386 0.143314
v -0.043984 1.932749 0.141318
v -0.044374 1.930448 0.142424
v -0.053458 1.933558 0.139116
v -0.024617 1.946494 0.160124
v -0.017557 1.940081 0.159222
v -0.023312 1.918558 0.153870
v -0.033807 1.917182 0.148785
v -0.050690 1.917721 0.142562
v -0.037101 1.947477 0.152496
v -0.038107 1.955744 0.164289
v -0.052725 1.955367 0.157306
v -0.065741 1.941663 0.137852
v -0.068193 1.951855 0.144223
v -0.054869 1.958274 0.162140
v -0.038990 1.957900 0.168188
v -0.025370 1.956533 0.172133
v -0.009877 1.947046 0.167878
v -0.015065 1.923312 0.162051
v -0.020362 1.910494 0.167688
v -0.041370 1.911108 0.152055
v -0.068922 1.911450 0.131771
v -0.068731 1.919318 0.129620
v -0.081448 1.949245 0.126434
v -0.069785 1.955446 0.147016
v -0.071890 1.931649 0.129346
v -0.080975 1.921775 0.114035
v -0.084539 1.917623 0.110461
v -0.086556 1.923436 0.106122
v -0.079486 1.933101 0.120348
v -0.086364 1.939029 0.112581
v -0.074684 1.942554 0.131802
v -0.093774 1.847941 0.058147
v -0.101517 1.877101 0.062269
v -0.100464 1.845434 0.057867
v -0.097292 1.837808 0.077029
v -0.094416 1.833293 0.075859
v -0.095020 1.840571 0.057091
v -0.097271 1.875954 0.083411
v -0.101133 1.907241 0.063527
v -0.098921 1.907079 0.086166
v -0.093963 1.875954 0.083411
v -0.091398 1.840774 0.077682
v -0.095557 1.907079 0.086166
v -0.094616 1.840774 0.077682
v 0.033746 1.931386 0.143314
v 0.033917 1.917182 0.148785
v 0.023421 1.918558 0.153870
v 0.022477 1.932670 0.142720
v 0.000055 1.955601 0.175536
v 0.000055 1.948047 0.168939
v 0.025479 1.956533 0.172133
v 0.009986 1.947046 0.167878
v 0.024726 1.946494 0.160124
v 0.017666 1.940081 0.159222
v 0.028997 1.940063 0.148351
v 0.015174 1.923312 0.162051
v 0.020472 1.910493 0.167688
v 0.041479 1.911108 0.152055
v 0.050799 1.917721 0.142562
v 0.044484 1.930448 0.142424
v 0.054240 1.931275 0.139138
v 0.039099 1.957900 0.168189
v 0.012067 1.914611 0.181946
v 0.036232 1.943961 0.151682
v 0.069032 1.911450 0.131771
v 0.000055 1.928499 0.174126
v -0.006738 1.927696 0.171802
v -0.011958 1.914611 0.181946
v 0.000055 1.918060 0.187026
v 0.006847 1.927696 0.171802
v 0.079595 1.933101 0.120348
v 0.068840 1.919318 0.129620
v 0.071999 1.931649 0.129346
v 0.081084 1.921775 0.114035
v 0.086473 1.939029 0.112581
v 0.086665 1.923436 0.106122
v 0.084649 1.917623 0.110461
v 0.064804 1.933124 0.133810
v 0.053568 1.933558 0.139116
v 0.044093 1.932749 0.141318
v 0.034403 1.933926 0.141362
v 0.026958 1.933938 0.139191
v 0.030684 1.939292 0.143080
v 0.069894 1.955446 0.147016
v 0.081557 1.949245 0.126434
v 0.074793 1.942554 0.131802
v 0.065850 1.941663 0.137852
v 0.068303 1.951855 0.144223
v 0.052834 1.955367 0.157306
v 0.054978 1.958274 0.162140
v 0.038217 1.955744 0.164289
v 0.037210 1.947477 0.152496
v 0.046003 1.947607 0.151937
v 0.044860 1.943831 0.152382
v 0.056532 1.946079 0.147062
v 0.055923 1.941916 0.145883
v 0.036339 1.942538 0.146404
v 0.044909 1.942433 0.148655
v 0.054499 1.941444 0.143397
v 0.061211 1.935631 0.133097
v -0.095833 1.843912 0.050726
v -0.099494 1.842318 0.053622
v -0.086525 1.818702 0.042310
v -0.092573 1.829575 0.028070
v -0.092907 1.817488 0.045091
v -0.097892 1.848978 0.039953
v -0.089465 1.817957 0.048846
v -0.069307 1.807728 0.110601
v -0.070520 1.789133 0.098337
v -0.086108 1.803705 0.071515
v -0.091489 1.821311 0.081747
v -0.086682 1.822861 0.077892
v -0.080461 1.806089 0.068244
v -0.086865 1.819948 0.084615
v -0.038481 1.791225 0.146734
v -0.038722 1.768113 0.138826
v -0.066722 1.791060 0.093843
v -0.080585 1.802247 0.074386
v -0.078722 1.801870 0.073411
v -0.067002 1.809845 0.108577
v -0.048573 1.798354 0.133988
v -0.084269 1.820741 0.084693
v 0.098407 1.842315 0.053624
v 0.069416 1.807728 0.110601
v 0.038831 1.768113 0.138826
v 0.038587 1.791225 0.146734
v 0.090816 1.821311 0.081747
v 0.087503 1.822861 0.079144
v 0.087323 1.819948 0.084616
v 0.070629 1.789133 0.098338
v 0.066832 1.791060 0.093843
v 0.048682 1.798354 0.133988
v 0.067112 1.809845 0.108577
v 0.083961 1.820740 0.084693
v -0.038613 1.760230 0.136587
v -0.062175 1.787149 0.086848
v -0.080673 1.799245 0.064719
v -0.050043 1.771052 0.076593
v 0.000001 1.755409 0.104818
v 0.000055 1.757063 0.135714
v 0.050152 1.771052 0.076593
v 0.038721 1.760230 0.136587
v 0.062284 1.787149 0.086848
v 0.000055 1.749871 0.148254
v 0.082284 1.794452 0.020003
v 0.080150 1.725564 0.023797
v 0.051743 1.699688 0.076297
v 0.000000 1.682142 0.097456
v -0.051725 1.699688 0.076297
v -0.079582 1.725564 0.023797
v -0.083358 1.794452 0.020003
v -0.082624 1.808498 0.047174
v -0.025930 1.912329 0.170313
v -0.013011 1.915480 0.184247
v 0.000055 1.919385 0.188992
v 0.013120 1.915480 0.184247
v 0.026039 1.912329 0.170313
v 0.042955 1.910975 0.155278
v 0.071055 1.910294 0.133407
v 0.086963 1.917356 0.110060
v 0.088868 1.923563 0.105016
v -0.088759 1.923563 0.105016
v -0.086853 1.917356 0.110060
v -0.070946 1.910294 0.133407
v -0.042846 1.910975 0.155278
v 0.081139 1.847694 0.102441
v 0.067016 1.822636 0.117198
v 0.068011 1.844429 0.125037
v 0.084862 1.873507 0.110058
v 0.085913 1.895433 0.110059
v 0.070706 1.869738 0.131802
v 0.047366 1.839018 0.145452
v 0.048646 1.814077 0.138798
v 0.070880 1.890016 0.132605
v 0.044015 1.867887 0.158274
v 0.022767 1.865861 0.177455
v 0.023525 1.833163 0.168284
v 0.027969 1.813437 0.161209
v 0.038524 1.797974 0.149094
v 0.077691 1.828976 0.098248
v 0.022545 1.795540 0.162738
v 0.088876 1.833068 0.084209
v 0.025309 1.886415 0.181185
v 0.043485 1.887147 0.157913
v 0.043220 1.902841 0.157465
v 0.025674 1.900473 0.180236
v 0.017084 1.885499 0.193045
v 0.000055 1.864571 0.188933
v 0.000055 1.832187 0.180955
v 0.000055 1.812258 0.178137
v 0.000055 1.794275 0.169431
v -0.022343 1.795514 0.162818
v -0.027859 1.813437 0.161209
v -0.038237 1.797974 0.149094
v -0.048537 1.814077 0.138798
v -0.023415 1.833163 0.168284
v -0.022658 1.865861 0.177455
v 0.000055 1.885942 0.199941
v 0.000055 1.900172 0.200671
v 0.015102 1.899392 0.193031
v -0.016975 1.885499 0.193045
v -0.014993 1.899392 0.193031
v -0.025200 1.886415 0.181185
v -0.077581 1.828976 0.098248
v -0.081030 1.847694 0.102441
v -0.067902 1.844429 0.125037
v -0.066907 1.822636 0.117198
v -0.047726 1.839018 0.145452
v -0.043906 1.867887 0.158274
v -0.043375 1.887147 0.167315
v -0.025565 1.900473 0.180236
v -0.070597 1.869738 0.131802
v -0.084753 1.873507 0.110058
v -0.070771 1.890016 0.132605
v -0.043111 1.902841 0.164632
v -0.085803 1.895433 0.110059
v -0.088822 1.833068 0.084209
v -0.094713 1.967219 0.089469
v -0.071423 1.978342 0.147466
v -0.031578 1.976469 0.170428
v 0.000055 1.976469 0.177493
v 0.031687 1.976469 0.170428
v 0.071532 1.978342 0.147466
v 0.094822 1.967219 0.089469
v -0.091296 1.830171 0.078739
v -0.095329 1.831880 0.082023
v -0.091489 1.833068 0.084209
v 0.091618 1.833068 0.084209
v 0.094812 1.831879 0.082023
v 0.091429 1.830171 0.078739
v -0.037704 1.796979 0.150113
v -0.036066 1.762141 0.141218
v -0.036295 1.791343 0.152282
v -0.035609 1.761653 0.150116
v -0.035609 1.783875 0.161828
v -0.017777 1.754090 0.163105
v -0.017777 1.777975 0.175605
v 0.000055 1.775442 0.180232
v 0.000055 1.752032 0.167106
v 0.017886 1.777975 0.175605
v 0.017886 1.754090 0.163105
v 0.035719 1.761653 0.150116
v 0.035719 1.783875 0.161828
v 0.036174 1.762141 0.141218
v 0.036395 1.791343 0.152282
v 0.037897 1.796979 0.150113
v 0.021924 1.794642 0.164241
v 0.000055 1.793409 0.170356
v -0.021776 1.794630 0.164281
v -0.020672 1.789349 0.164323
v 0.000055 1.787817 0.169315
v 0.020776 1.789349 0.164323
v -0.108459 1.964727 0.105351
v -0.092056 1.966059 0.151665
v -0.059420 1.965850 0.179584
v -0.031578 1.965850 0.192031
v 0.000055 1.965850 0.199096
v 0.031687 1.965850 0.192031
v 0.059529 1.965850 0.179584
v 0.092165 1.966059 0.151665
v 0.000055 1.753744 0.152439
v -0.083422 1.804818 0.064020
v -0.086932 1.811135 0.052461
v -0.090258 1.809275 0.049287
v -0.086797 1.807826 0.047174
v -0.086516 1.801873 0.064348
v -0.083598 1.798798 0.064627
v -0.103210 1.868685 0.048030
v -0.000942 0.285095 -0.145773
v 0.080487 0.304130 -0.129415
v 0.078338 0.304130 -0.122754
v 0.069715 -0.018884 0.012762
v 0.081605 -0.089238 0.058962
v 0.075416 -0.079118 -0.030684
v 0.063837 -0.018361 -0.038745
v 0.069714 -0.018884 -0.093141
v 0.070217 -0.084052 -0.103314
v 0.128982 -0.086155 -0.123535
v 0.128493 -0.018884 -0.115847
v 0.061370 -0.130776 -0.111769
v 0.059145 -0.131205 -0.025808
v 0.059458 -0.136227 0.055655
v 0.081565 -0.133120 0.126057
v 0.062652 -0.150384 0.129136
v 0.079035 -0.144952 0.161062
v 0.065611 -0.152761 0.162323
v 0.056593 -0.186894 0.172513
v 0.079271 -0.143376 0.208659
v 0.073039 -0.176160 0.225700
v 0.131465 -0.138624 0.214475
v 0.130714 -0.175145 0.238007
v 0.164656 -0.144431 0.209705
v 0.174087 -0.178334 0.229358
v 0.058514 -0.190868 0.128255
v 0.064494 -0.190465 0.049419
v 0.056229 -0.194959 -0.008611
v 0.060513 -0.194023 -0.114209
v 0.125789 -0.189918 -0.141508
v 0.128866 -0.132372 -0.138796
v 0.131504 -0.127567 0.126759
v 0.131224 -0.137768 0.161791
v 0.164341 -0.140948 0.161119
v 0.163857 -0.130405 0.126847
v 0.130093 -0.088635 0.073042
v 0.128494 -0.018884 0.047064
v 0.156014 -0.092015 0.058731
v 0.175001 -0.018884 0.016968
v 0.087991 0.261219 -0.159889
v 0.158320 0.183223 -0.150795
v 0.172063 0.259714 -0.155468
v 0.092498 -0.051133 -0.178679
v 0.161246 -0.064324 -0.169845
v 0.163235 0.016170 -0.163303
v 0.086428 0.019326 -0.169782
v 0.029124 0.011238 -0.114091
v 0.037754 0.079573 -0.108645
v 0.017461 0.075722 -0.005407
v 0.032451 0.161535 -0.003822
v 0.038099 0.173863 -0.086156
v 0.049416 0.254775 0.043965
v 0.039725 0.250454 -0.072432
v 0.089927 0.185756 -0.152943
v 0.086641 0.079496 -0.159821
v 0.157635 0.078591 -0.153041
v 0.222339 0.071669 -0.092824
v 0.228286 0.166210 -0.095274
v 0.226308 0.253472 -0.074845
v 0.006545 0.001715 -0.007685
v 0.009129 -0.055920 -0.007642
v 0.039585 -0.052089 -0.119015
v 0.053537 -0.069399 0.069113
v 0.082016 0.045048 0.070030
v 0.078864 0.092838 0.064323
v 0.090681 0.161164 0.069964
v 0.142600 0.165475 0.101592
v 0.141584 0.217886 0.085778
v 0.202192 0.144059 0.061201
v 0.188380 0.223557 0.070446
v 0.219139 0.245233 0.041037
v 0.245880 0.142775 -0.013989
v 0.234738 0.068222 -0.013321
v 0.217150 0.010075 -0.095726
v 0.086187 0.224619 0.075365
v 0.138762 -0.078874 0.098766
v 0.143778 0.067899 0.090803
v 0.139996 0.107351 0.086035
v 0.205023 0.090452 0.046863
v 0.235777 0.008936 -0.013932
v 0.226686 -0.090898 -0.001838
v 0.207402 -0.087827 -0.101481
v 0.209012 0.051744 0.054823
v 0.199213 -0.084432 0.062553
v 0.052636 -0.220924 -0.008584
v 0.052628 -0.201254 -0.008608
v 0.128866 -0.202185 -0.008604
v 0.128866 -0.220924 -0.008574
v 0.199187 -0.202341 -0.008603
v 0.197274 -0.220924 -0.008570
v 0.201891 -0.220832 0.048208
v 0.128866 -0.220832 0.048208
v 0.060184 -0.220833 0.047831
v 0.179828 -0.145520 0.057175
v 0.179369 -0.148008 0.127188
v 0.181478 -0.018884 -0.040190
v 0.187793 -0.190173 0.172683
v 0.177836 -0.153720 0.162294
v 0.193230 -0.196701 0.126696
v 0.195502 -0.196359 0.050085
v 0.191503 -0.196672 -0.008683
v 0.181012 -0.138452 -0.027478
v 0.166651 -0.092899 -0.034793
v 0.169342 -0.087751 -0.105613
v 0.174416 -0.018884 -0.093141
v 0.173745 -0.134968 -0.112782
v 0.176494 -0.191288 -0.116989
v 0.065916 -0.202297 0.241550
v 0.130750 -0.176847 0.246904
v 0.129998 -0.198118 0.255657
v 0.177935 -0.201763 0.242953
v 0.178258 -0.180210 0.236393
v 0.198148 -0.195513 0.176932
v 0.198637 -0.220597 0.193500
v 0.057294 -0.220000 -0.121298
v 0.127319 -0.220000 -0.150412
v 0.128654 -0.199355 -0.148247
v 0.054369 -0.200262 -0.119659
v 0.058833 -0.197875 0.048811
v 0.053146 -0.197370 0.128327
v 0.053181 -0.220703 0.127949
v 0.047452 -0.220597 0.193500
v 0.047917 -0.189394 0.176692
v 0.067796 -0.177288 0.233905
v 0.200256 -0.201814 0.127545
v 0.200102 -0.220703 0.128119
v 0.202417 -0.202208 0.048704
v 0.182677 -0.198439 -0.119153
v 0.178353 -0.220000 -0.120376
v 0.128866 -0.220703 0.128119
v 0.128865 -0.220597 0.193500
v -0.740590 0.930004 -0.035705
v -0.745697 0.935483 -0.046100
v -0.742074 0.921972 -0.036340
v -0.744031 0.922363 -0.027814
v -0.745662 0.929594 -0.024990
v -0.742910 0.938529 -0.031308
v -0.760345 0.945297 -0.089315
v -0.763869 0.937134 -0.097382
v -0.758587 0.938684 -0.089490
v -0.760361 0.935219 -0.083665
v -0.762233 0.947129 -0.082172
v -0.764556 0.932548 -0.080856
v -0.763340 0.945196 -0.078246
v -0.751473 0.942154 -0.067827
v -0.743964 0.934903 -0.056989
v -0.760044 0.922814 -0.070028
v -0.761441 0.921310 -0.058443
v -0.760603 0.913619 -0.047516
v -0.763674 0.914820 -0.037447
v -0.767016 0.923271 -0.035481
v -0.791485 0.919807 -0.048132
v -0.793634 0.910383 -0.053926
v -0.764473 0.931373 -0.088726
v -0.772444 0.947591 -0.106356
v -0.788277 0.953832 -0.099475
v -0.784936 0.957585 -0.117773
v -0.775150 0.946229 -0.110294
v -0.765983 0.943567 -0.100329
v -0.775102 0.934544 -0.108649
v -0.778753 0.927264 -0.101244
v -0.781175 0.927067 -0.093956
v -0.782824 0.918523 -0.085721
v -0.785569 0.918015 -0.073956
v -0.789887 0.910835 -0.064318
v -0.782992 0.944358 -0.112426
v -0.791466 0.942346 -0.106008
v -0.796503 0.962137 -0.120322
v -0.777690 0.972981 -0.118604
v -0.776602 0.968483 -0.097969
v -0.759447 0.986228 -0.097734
v -0.763954 0.982130 -0.074939
v -0.747112 0.993234 -0.040871
v -0.738709 0.998905 -0.066733
v -0.720025 1.011994 -0.087629
v -0.761022 0.993890 -0.122266
v -0.788807 0.976630 -0.121898
v -0.803512 0.964641 -0.113230
v -0.793703 0.940829 -0.098728
v -0.800320 0.936808 -0.090834
v -0.806276 0.966150 -0.107107
v -0.799030 0.978700 -0.112708
v -0.775030 0.998984 -0.124548
v -0.741134 1.018152 -0.122762
v -0.699155 1.043819 -0.096541
v -0.809153 0.931294 -0.068097
v -0.802702 0.934302 -0.078602
v -0.811782 0.967624 -0.097082
v -0.808837 0.981280 -0.102271
v -0.788264 1.004443 -0.110937
v -0.755934 1.026432 -0.124443
v -0.717645 1.056844 -0.116563
v -0.720412 1.064608 -0.125987
v -0.687885 1.038916 -0.110085
v -0.680154 1.117127 -0.129275
v -0.816131 0.968658 -0.085138
v -0.713945 1.146043 -0.117331
v -0.708832 1.144747 -0.113849
v -0.721528 1.157027 -0.062863
v -0.678198 1.119172 -0.122213
v -0.649250 1.088750 -0.118509
v -0.651495 1.094694 -0.111450
v -0.638057 1.082242 -0.061767
v -0.644213 1.089723 -0.062209
v -0.688231 1.041705 -0.016856
v -0.674892 1.030119 -0.055544
v -0.650055 1.094218 -0.021066
v -0.652363 1.099458 -0.029456
v -0.677875 1.121860 -0.012113
v -0.678074 1.122075 -0.021378
v -0.711881 1.149359 -0.026345
v -0.707333 1.147102 -0.031278
v -0.728628 1.160586 -0.061743
v -0.757006 1.091628 -0.110189
v -0.742101 1.075189 -0.109372
v -0.729380 1.065473 -0.117489
v -0.770205 1.035197 -0.112142
v -0.765586 1.100107 -0.055077
v -0.747569 1.087444 -0.018514
v -0.717930 1.065723 -0.009218
v -0.798373 0.931241 -0.049280
v -0.809059 0.928784 -0.057006
v -0.819520 0.967634 -0.060032
v -0.818889 0.967659 -0.070789
v -0.814816 0.983172 -0.088030
v -0.798712 1.008985 -0.090525
v -0.779249 1.041512 -0.092709
v -0.751604 1.084470 -0.097861
v -0.755237 1.089545 -0.063563
v -0.818103 0.984371 -0.066625
v -0.802485 1.010434 -0.067589
v -0.782638 1.044659 -0.066119
v -0.778729 1.043182 -0.036333
v -0.753452 1.089444 -0.049364
v -0.741184 1.078926 -0.023668
v -0.762642 1.036551 -0.016801
v -0.746158 1.034405 -0.006363
v -0.772123 1.009961 -0.016299
v -0.754476 1.007873 -0.005398
v -0.744874 1.011813 0.004245
v -0.730587 1.041626 -0.004785
v -0.732540 1.012371 0.011739
v -0.718950 1.010003 0.010783
v -0.719353 1.060677 -0.018968
v -0.716415 1.037572 -0.004980
v -0.708179 1.003000 -0.001495
v -0.703091 1.030417 -0.016748
v -0.700787 1.045227 -0.022755
v -0.799372 1.005251 -0.023916
v -0.802406 1.010285 -0.043561
v -0.818864 0.982890 -0.044349
v -0.817168 0.978544 -0.027018
v -0.745717 0.992968 -0.014896
v -0.761906 0.998331 -0.019842
v -0.770041 1.001672 -0.019901
v -0.786663 0.990932 -0.020552
v -0.805620 0.971082 -0.022247
v -0.811418 0.955299 -0.021674
v -0.821612 0.961741 -0.026818
v -0.821948 0.964945 -0.044381
v -0.818960 0.933105 -0.026623
v -0.808182 0.934001 -0.018865
v -0.754777 0.916115 -0.000129
v -0.757198 0.925259 -0.002259
v -0.753570 0.924888 -0.010672
v -0.750544 0.916296 -0.010367
v -0.759630 0.911991 -0.014668
v -0.760176 0.919501 -0.020170
v -0.781159 0.919259 -0.031657
v -0.779152 0.909203 -0.024297
v -0.786084 0.908430 -0.027879
v -0.783563 0.909702 -0.012737
v -0.790077 0.908725 -0.016239
v -0.788782 0.919507 -0.010865
v -0.812510 0.925718 -0.023894
v -0.817135 0.931896 -0.039887
v -0.811735 0.951562 -0.052258
v -0.810419 0.925899 -0.038243
v -0.804245 0.932600 -0.043537
v -0.763761 0.911849 -0.003826
v -0.767306 0.919995 -0.001705
v -0.761054 0.945478 -0.064555
v -0.778676 0.934272 -0.065331
v -0.774194 0.941077 -0.076422
v -0.761572 0.938249 -0.053362
v -0.743717 0.945224 -0.055216
v -0.773245 0.944317 -0.086603
v -0.764990 0.932659 -0.040804
v -0.785695 0.931109 -0.050909
v -0.789923 0.934352 -0.054520
v -0.784873 0.937094 -0.071184
v -0.777933 0.941348 -0.082942
v -0.776064 0.945010 -0.093829
v -0.769660 0.946783 -0.097550
v -0.800136 0.950744 -0.057217
v -0.797061 0.952535 -0.078086
v -0.798991 0.951096 -0.043624
v -0.793584 0.936368 -0.036750
v -0.780443 0.928281 -0.025831
v -0.760527 0.929140 -0.014441
v -0.788740 0.963769 -0.047929
v -0.794658 0.964340 -0.026692
v -0.801556 0.951448 -0.027900
v -0.798534 0.937585 -0.023362
v -0.786213 0.928108 -0.015320
v -0.765063 0.928675 -0.005518
v -0.781227 0.983087 -0.022243
v -0.781988 0.965459 -0.076407
v -0.773163 0.980487 -0.044505
v -0.691363 1.037175 -0.055956
v -0.708981 1.008342 -0.059612
v -0.708753 1.001352 -0.035866
v -0.721360 0.987373 -0.018297
v -0.701155 1.013347 -0.030411
v -0.706512 1.000483 -0.019706
v -0.713026 0.987379 -0.010910
v -0.730027 0.974145 -0.006806
v -0.721678 0.971304 -0.002860
v -0.760926 0.967637 -0.007319
v -0.755388 0.968425 -0.014557
v -0.746358 0.976008 -0.004684
v -0.736287 0.968892 -0.009973
v -0.743516 0.979336 -0.004897
v -0.747055 0.986696 0.002811
v -0.745034 0.985680 0.012847
v -0.734496 0.999504 0.015333
v -0.721433 0.996762 0.013988
v -0.713206 0.991424 0.002322
v -0.739074 0.978446 0.018711
v -0.729303 0.972360 0.018664
v -0.751656 0.968973 0.008865
v -0.751174 0.975362 0.001130
v -0.749327 0.962022 0.013274
v -0.742131 0.954190 0.011865
v -0.734388 0.952486 0.003118
v -0.721376 0.969073 0.008612
v -0.761621 0.961987 -0.000604
v -0.758992 0.954887 0.002531
v -0.751815 0.948311 0.000888
v -0.743916 0.945076 -0.005635
v -0.732563 0.960948 -0.006255
v -0.740224 0.954171 -0.019355
v -0.752436 0.944163 -0.025903
v -0.756219 0.936907 -0.016530
v -0.763837 0.938936 -0.009808
v -0.769479 0.944409 -0.007861
v -0.771933 0.950101 -0.009994
v -0.745939 0.962031 -0.018753
v -0.763267 0.952235 -0.025635
v -0.770068 0.940271 -0.025483
v -0.762800 0.936524 -0.027754
v -0.763813 0.930822 -0.021519
v -0.771166 0.931670 -0.017470
v -0.776572 0.937373 -0.015270
v -0.771381 0.956406 -0.018081
v -0.776640 0.943569 -0.020839
v -0.242548 1.749253 -0.117592
v -0.239907 1.750534 -0.061506
v -0.276769 1.743512 -0.060136
v -0.256652 1.734893 -0.106970
v -0.313198 1.722093 -0.058957
v -0.256465 1.714828 0.019734
v -0.264602 1.735777 -0.061491
v -0.307295 1.719379 -0.109227
v -0.271109 1.698106 -0.157951
v 0.021222 1.854674 0.201787
v 0.043245 1.853371 0.191270
v 0.020993 1.851539 0.196069
v 0.045534 1.856497 0.196505
v 0.075459 1.865077 0.160543
v 0.020815 1.860773 0.201787
v 0.097114 1.877431 0.118819
v 0.079158 1.868152 0.164338
v 0.045155 1.862570 0.196649
v 0.020150 1.864168 0.196069
v 0.102223 1.880455 0.121173
v 0.106102 1.878347 0.098044
v 0.078968 1.874156 0.164410
v 0.042461 1.865952 0.191569
v 0.075067 1.877513 0.160693
v 0.097114 1.889720 0.118819
v 0.106102 1.894111 0.098044
v 0.125512 1.894111 0.045968
v 0.125512 1.878347 0.045968
v 0.113033 1.889838 0.100088
v 0.102224 1.886389 0.121173
v 0.113032 1.882227 0.100087
v 0.132745 1.882227 0.041067
v 0.132745 1.889838 0.041059
v -0.205137 1.498886 0.133379
v -0.149834 1.427746 0.191379
v -0.204383 1.429287 0.132883
v -0.078699 1.500227 0.228647
v -0.076719 1.427807 0.234336
v -0.152155 1.500477 0.188529
v -0.204130 1.581253 0.130831
v -0.152251 1.582521 0.182205
v -0.078315 1.581643 0.219097
v -0.064928 1.496914 0.218302
v -0.063239 1.415748 0.225453
v -0.149579 1.415733 0.179833
v -0.202730 1.417264 0.114259
v -0.203175 1.499038 0.114335
v -0.203010 1.585333 0.113128
v -0.151170 1.587086 0.163529
v -0.065765 1.586943 0.204605
v -0.211342 1.662432 0.090399
v -0.188743 1.624123 0.140385
v -0.196725 1.608410 0.129117
v -0.226516 1.711230 0.032883
v -0.224818 1.725149 0.037536
v -0.215071 1.730870 0.043529
v -0.197239 1.658865 0.125788
v -0.137153 1.630102 0.162234
v -0.131755 1.615767 0.155305
v -0.074208 1.623109 0.177483
v -0.083936 1.634679 0.179265
v -0.090194 1.665697 0.157100
v -0.147945 1.662673 0.143270
v -0.165020 1.744631 0.043457
v -0.236425 1.768462 -0.058353
v -0.180614 1.780337 -0.058431
v -0.233119 1.769838 -0.115236
v -0.236216 1.761701 -0.058107
v -0.235158 1.761045 -0.114112
v -0.233596 1.714517 -0.169996
v -0.110989 1.753973 0.046983
v -0.125685 1.786046 -0.062693
v -0.183899 1.780401 -0.119469
v -0.126205 1.787004 -0.125883
v -0.120314 1.739616 -0.186952
v -0.177945 1.732025 -0.182411
v -0.231530 1.699143 -0.171346
v -0.172283 1.712881 -0.181970
v -0.110587 1.722334 -0.188637
v -0.117963 1.781494 -0.123892
v -0.115213 1.778406 -0.067939
v -0.101802 1.727288 0.041700
v -0.083004 1.659512 0.141969
v -0.210821 1.495395 -0.132003
v -0.247500 1.590037 -0.166735
v -0.221214 1.590826 -0.162156
v -0.265126 1.676966 -0.150121
v -0.252930 1.682697 -0.151141
v -0.247638 1.589536 -0.178708
v -0.234823 1.491135 -0.140587
v -0.223379 1.473853 -0.060341
v -0.245974 1.462403 -0.063062
v -0.224052 1.477381 -0.005066
v -0.245743 1.477159 -0.156822
v -0.000000 1.671764 -0.206102
v 0.000000 1.713737 -0.199132
v -0.047588 1.712973 -0.195932
v 0.000000 1.788838 -0.151951
v -0.043776 1.788198 -0.146962
v -0.089331 1.785415 -0.111860
v -0.075635 1.671767 -0.201984
v -0.167018 1.671808 -0.191951
v -0.217235 1.590217 -0.191081
v -0.219587 1.439009 -0.179847
v -0.251730 1.441276 -0.064910
v -0.235910 1.465621 -0.004885
v -0.215296 1.517373 0.038133
v -0.166053 1.591777 -0.203027
v -0.119090 1.419108 -0.201770
v -0.109610 1.313433 -0.175931
v -0.073526 1.419083 -0.203813
v -0.000000 1.315566 -0.180225
v -0.000000 1.418956 -0.204511
v -0.222155 1.582702 0.064593
v -0.217429 1.584116 0.083856
v -0.216156 1.499244 0.057464
v -0.220687 1.505343 0.042631
v -0.236515 1.448107 0.001592
v -0.254727 1.403959 -0.070271
v -0.201319 1.311864 -0.156293
v -0.097142 1.205427 -0.157339
v -0.000134 1.207301 -0.154982
v -0.000000 1.113186 -0.151392
v -0.090957 1.113940 -0.146723
v -0.175012 1.113554 -0.128305
v -0.188468 1.202413 -0.138634
v -0.226893 1.113680 -0.053821
v -0.235170 1.199208 -0.065133
v -0.247689 1.307590 -0.070509
v -0.245844 1.306697 0.015445
v -0.241469 1.193673 0.017103
v -0.242992 1.404936 0.010009
v -0.240587 1.110501 0.020335
v -0.229042 1.105378 0.095924
v -0.225498 1.187422 0.095144
v -0.224725 1.304893 0.098142
v -0.227008 1.374403 0.105797
v -0.108003 1.779909 -0.070133
v -0.095839 1.731444 0.039605
v -0.069006 1.674436 0.132343
v -0.032971 1.641589 0.186894
v -0.215519 1.605890 0.099465
v -0.233558 1.648278 0.064636
v -0.219697 1.578109 0.061264
v -0.236794 1.644078 0.052520
v -0.260603 1.707644 0.008389
v -0.245920 1.705020 0.007521
v -0.229189 1.640522 0.049893
v -0.312881 1.735156 -0.059099
v -0.262634 1.726502 0.022843
v -0.306716 1.733416 -0.111418
v -0.271186 1.714444 -0.159366
v 0.818102 0.984369 -0.066625
v 0.814816 0.983171 -0.088030
v 0.816130 0.968656 -0.085138
v 0.818888 0.967657 -0.070789
v 0.818095 0.938681 -0.081812
v 0.809698 0.899960 -0.090548
v 0.811248 0.895192 -0.079903
v 0.815731 0.923693 -0.081044
v 0.815109 0.927351 -0.092552
v 0.815990 0.941914 -0.093924
v 0.811781 0.967622 -0.097083
v 0.808836 0.981278 -0.102271
v 0.798712 1.008983 -0.090526
v 0.802485 1.010432 -0.067589
v 0.802405 1.010283 -0.043561
v 0.818863 0.982888 -0.044350
v 0.819518 0.967632 -0.060032
v 0.824039 0.937476 -0.070666
v 0.823094 0.922187 -0.070720
v 0.818872 0.888577 -0.071107
v 0.823709 0.920092 -0.059882
v 0.817804 0.886136 -0.060853
v 0.824197 0.933178 -0.060139
v 0.782637 1.044657 -0.066120
v 0.779249 1.041510 -0.092709
v 0.778729 1.043180 -0.036333
v 0.799371 1.005249 -0.023916
v 0.817167 0.978543 -0.027018
v 0.821947 0.964944 -0.044382
v 0.811733 0.951560 -0.052258
v 0.813173 0.928176 -0.054366
v 0.814184 0.915692 -0.055772
v 0.809520 0.888364 -0.057264
v 0.802157 0.864935 -0.058962
v 0.809305 0.864666 -0.062389
v 0.719458 1.058367 -0.117073
v 0.720025 1.011992 -0.087629
v 0.741134 1.018151 -0.122762
v 0.731266 1.067072 -0.117179
v 0.755934 1.026430 -0.124444
v 0.743600 1.076478 -0.108152
v 0.770205 1.035195 -0.112142
v 0.752561 1.085312 -0.095891
v 0.754647 1.089084 -0.061385
v 0.752339 1.088536 -0.047481
v 0.762642 1.036549 -0.016802
v 0.723154 1.066923 -0.126100
v 0.758780 1.093180 -0.107177
v 0.764397 1.099161 -0.051518
v 0.739821 1.077783 -0.023052
v 0.746159 1.034403 -0.006363
v 0.730588 1.041624 -0.004786
v 0.732540 1.012369 0.011739
v 0.689860 1.040531 -0.113036
v 0.650575 1.089839 -0.120085
v 0.681723 1.118453 -0.129235
v 0.715096 1.147046 -0.115621
v 0.728133 1.160208 -0.059343
v 0.717908 1.059445 -0.019338
v 0.744782 1.085115 -0.016738
v 0.710408 1.148140 -0.024776
v 0.721261 1.156822 -0.061584
v 0.709469 1.145299 -0.112942
v 0.679003 1.119851 -0.122207
v 0.652147 1.095231 -0.112269
v 0.644026 1.089544 -0.063257
v 0.637750 1.081942 -0.063903
v 0.674188 1.029455 -0.059370
v 0.700051 1.044550 -0.098127
v 0.690989 1.036831 -0.057375
v 0.706537 1.146441 -0.030431
v 0.708753 1.001350 -0.035866
v 0.701155 1.013345 -0.030411
v 0.745718 0.992966 -0.014896
v 0.721360 0.987371 -0.018297
v 0.699262 1.043913 -0.024152
v 0.716415 1.037570 -0.004981
v 0.703092 1.030412 -0.016748
v 0.714823 1.063081 -0.009781
v 0.676058 1.120317 -0.012209
v 0.677145 1.121287 -0.021413
v 0.648547 1.092913 -0.022630
v 0.651609 1.098803 -0.030248
v 0.685543 1.039377 -0.019857
v 0.706512 1.000482 -0.019707
v 0.708179 1.002999 -0.001495
v 0.713207 0.991422 0.002321
v 0.713026 0.987377 -0.010910
v 0.719077 0.976194 0.008121
v 0.720643 0.975192 -0.003421
v 0.723274 0.963029 0.012649
v 0.726970 0.962417 0.000453
v 0.727410 0.948818 0.014455
v 0.730130 0.946285 -0.001999
v 0.729655 0.975322 -0.006900
v 0.734686 0.963318 -0.005066
v 0.739234 0.949379 -0.003531
v 0.733519 0.931612 0.016304
v 0.734923 0.930997 0.003956
v 0.748386 0.932062 0.004210
v 0.739285 0.921116 0.011203
v 0.747282 0.922254 0.013802
v 0.736619 0.921553 0.019272
v 0.742975 0.922111 0.024794
v 0.740626 0.934649 0.023204
v 0.735437 0.952353 0.020661
v 0.730203 0.967223 0.021237
v 0.726780 0.980556 0.017935
v 0.721433 0.996760 0.013988
v 0.718951 1.010001 0.010783
v 0.750535 0.925104 0.025478
v 0.748265 0.937235 0.023932
v 0.744978 0.954828 0.021202
v 0.740477 0.970301 0.020922
v 0.737567 0.984565 0.017665
v 0.734496 0.999502 0.015332
v 0.754339 0.925025 0.018067
v 0.786663 0.990930 -0.020552
v 0.772123 1.009959 -0.016299
v 0.754477 1.007871 -0.005398
v 0.744874 1.011811 0.004245
v 0.745289 0.988775 0.010964
v 0.746516 0.970637 0.014872
v 0.751286 0.956027 0.016112
v 0.753594 0.938329 0.020271
v 0.757065 0.936804 0.010728
v 0.754209 0.955104 0.007859
v 0.750079 0.969382 0.005566
v 0.748180 0.986696 0.001312
v 0.761906 0.998329 -0.019842
v 0.770040 1.001670 -0.019901
v 0.750427 0.952657 -0.000102
v 0.746744 0.967562 -0.000991
v 0.743755 0.978311 -0.004706
v 0.820720 0.868952 -0.031949
v 0.814292 0.894365 -0.025090
v 0.823836 0.890418 -0.029585
v 0.812751 0.871262 -0.028131
v 0.816019 0.859528 -0.033244
v 0.815651 0.861116 -0.044203
v 0.820397 0.870933 -0.043378
v 0.812931 0.874524 -0.047659
v 0.824141 0.892498 -0.041788
v 0.814206 0.898400 -0.046866
v 0.825254 0.900248 -0.041360
v 0.825133 0.897760 -0.029305
v 0.825380 0.925966 -0.027515
v 0.816762 0.929637 -0.022524
v 0.827019 0.935993 -0.028141
v 0.811417 0.955298 -0.021674
v 0.821612 0.961739 -0.026819
v 0.805619 0.971081 -0.022247
v 0.827501 0.936623 -0.041560
v 0.824994 0.927827 -0.041892
v 0.816746 0.931234 -0.047497
v 0.738709 0.998903 -0.066734
v 0.773162 0.980486 -0.044505
v 0.763954 0.982128 -0.074939
v 0.759446 0.986226 -0.097734
v 0.761022 0.993888 -0.122267
v 0.775030 0.998982 -0.124548
v 0.788264 1.004441 -0.110938
v 0.788806 0.976628 -0.121898
v 0.777689 0.972979 -0.118604
v 0.776602 0.968481 -0.097970
v 0.781987 0.965457 -0.076407
v 0.788739 0.963768 -0.047929
v 0.794658 0.964338 -0.026692
v 0.781227 0.983085 -0.022244
v 0.747112 0.993232 -0.040871
v 0.708981 1.008340 -0.059612
v 0.801555 0.951446 -0.027901
v 0.807229 0.928493 -0.028354
v 0.805584 0.894793 -0.030032
v 0.803976 0.871646 -0.032353
v 0.803311 0.872315 -0.042329
v 0.805149 0.895199 -0.042009
v 0.805125 0.927519 -0.042491
v 0.798991 0.951094 -0.043625
v 0.807006 0.863081 -0.033632
v 0.807216 0.864235 -0.042726
v 0.801394 0.913658 -0.104181
v 0.806509 0.930493 -0.100279
v 0.806208 0.932135 -0.107778
v 0.807143 0.944887 -0.109805
v 0.809093 0.943366 -0.102444
v 0.806275 0.966148 -0.107107
v 0.803511 0.964639 -0.113231
v 0.799028 0.978698 -0.112708
v 0.796502 0.962135 -0.120322
v 0.784935 0.957583 -0.117774
v 0.788276 0.953830 -0.099475
v 0.797060 0.952534 -0.078086
v 0.800134 0.950742 -0.057217
v 0.788476 0.939454 -0.113190
v 0.791871 0.940491 -0.116666
v 0.791623 0.936744 -0.100563
v 0.794064 0.932544 -0.089987
v 0.800965 0.930312 -0.077663
v 0.804972 0.927402 -0.060745
v 0.802620 0.912611 -0.060846
v 0.798772 0.933079 -0.115839
v 0.799641 0.943417 -0.117459
v 0.799146 0.914063 -0.076755
v 0.792150 0.916152 -0.088422
v 0.788884 0.920663 -0.097589
v 0.786267 0.923265 -0.108776
v 0.789306 0.921386 -0.113114
v 0.795624 0.917794 -0.111803
v 0.800055 0.889734 -0.062657
v 0.794327 0.893433 -0.075072
v 0.787099 0.898999 -0.084799
v 0.787515 0.907929 -0.095421
v 0.785537 0.909061 -0.099318
v 0.787287 0.911001 -0.106467
v 0.793807 0.909299 -0.107666
v 0.786501 0.879330 -0.085596
v 0.796312 0.875973 -0.076970
v 0.796825 0.880008 -0.087235
v 0.789962 0.892292 -0.092569
v 0.793110 0.866169 -0.065591
v 0.797345 0.907707 -0.101831
v 0.800211 0.909768 -0.097341
v 0.809616 0.867313 -0.070730
v 0.801520 0.866054 -0.070753
v 0.307294 1.719379 -0.109227
v 0.271109 1.702582 -0.157951
v 0.256651 1.734893 -0.106970
v 0.264602 1.739223 -0.061491
v 0.313197 1.722092 -0.058957
v 0.255604 1.710865 0.019734
v -0.216691 1.487747 -0.067885
v -0.240360 1.476015 -0.074946
v -0.219591 1.506361 -0.134101
v -0.243444 1.582071 -0.159178
v -0.278481 1.667595 -0.143745
v -0.408555 1.331220 -0.131848
v -0.439281 1.298801 -0.133537
v -0.438390 1.276558 -0.071129
v -0.398845 1.312482 -0.071129
v -0.384416 1.369050 -0.128519
v -0.371704 1.351371 -0.070167
v -0.326444 1.441504 -0.131560
v -0.321772 1.420802 -0.071381
v -0.245473 1.500811 -0.138159
v -0.272234 1.555977 -0.156843
v -0.315430 1.648992 -0.134194
v -0.293281 1.692638 -0.115613
v -0.296036 1.698727 -0.055455
v -0.282159 1.676053 0.009295
v -0.632843 1.112410 -0.124726
v -0.646676 1.149425 -0.148068
v -0.658953 1.138004 -0.130012
v -0.607829 1.114784 -0.135258
v -0.564531 1.239819 -0.150505
v -0.539942 1.207511 -0.129653
v -0.529890 1.275293 -0.149949
v -0.493005 1.233438 -0.129846
v -0.503079 1.312096 -0.150044
v -0.465772 1.266766 -0.134009
v -0.477393 1.346692 -0.165905
v -0.443168 1.381584 -0.162877
v -0.410206 1.417378 -0.153096
v -0.689214 1.196765 -0.130966
v -0.691391 1.171098 -0.117232
v -0.608384 1.279601 -0.134327
v -0.586505 1.318011 -0.142810
v -0.547239 1.346727 -0.141867
v -0.511615 1.379086 -0.140925
v -0.478020 1.423702 -0.136460
v -0.440780 1.466496 -0.131995
v -0.389798 1.544406 -0.134903
v -0.352980 1.479385 -0.155088
v -0.641947 1.301303 -0.071260
v -0.708005 1.228286 -0.072209
v -0.702816 1.190618 -0.069324
v -0.337317 1.653651 -0.064878
v -0.406209 1.568913 -0.071005
v -0.461892 1.486248 -0.070351
v -0.504109 1.440405 -0.070740
v -0.542681 1.398207 -0.071129
v -0.577765 1.366216 -0.071106
v -0.612574 1.329917 -0.068238
v -0.323509 1.630552 -0.001260
v -0.389225 1.548261 -0.006551
v -0.448312 1.460495 -0.013928
v -0.486646 1.423141 -0.011089
v -0.521338 1.383968 -0.008250
v -0.553857 1.351032 -0.004710
v -0.583877 1.314955 0.000441
v -0.604868 1.283966 -0.006478
v -0.259677 1.612857 0.043090
v -0.290500 1.568279 0.025165
v -0.356286 1.481106 0.006950
v -0.412790 1.413914 0.008318
v -0.445525 1.374819 0.009578
v -0.478262 1.335725 0.010839
v -0.507060 1.303157 0.013821
v -0.535862 1.270589 0.016804
v -0.564230 1.246317 0.003188
v -0.233210 1.505454 0.018105
v -0.252530 1.493735 0.002150
v -0.334464 1.430479 -0.010065
v -0.380593 1.365705 -0.008730
v -0.411002 1.331179 -0.010563
v -0.449035 1.297093 -0.010782
v -0.472708 1.268060 -0.010994
v -0.503146 1.242269 -0.012455
v -0.458646 1.247119 -0.071129
v -0.480626 1.225202 -0.073151
v -0.542582 1.213886 -0.019054
v -0.532610 1.174607 -0.071129
v -0.617713 1.123901 -0.012199
v -0.591564 1.109903 -0.071129
v -0.647310 1.151790 -0.002270
v -0.655660 1.144594 -0.020952
v -0.633524 1.116502 -0.027395
v -0.627926 1.108127 -0.065635
v -0.682965 1.190079 -0.022209
v -0.685669 1.173571 -0.033829
v 0.627872 1.108072 -0.066056
v 0.633189 1.112694 -0.125073
v 0.591551 1.109879 -0.071786
v 0.608247 1.115128 -0.135759
v 0.527465 1.176736 -0.072546
v 0.659325 1.138316 -0.130032
v 0.528146 1.202155 -0.134903
v 0.468394 1.213909 -0.072026
v 0.647168 1.149839 -0.148103
v 0.691660 1.171331 -0.116845
v 0.499370 1.234352 -0.138396
v 0.454972 1.247082 -0.071927
v 0.565529 1.240657 -0.150650
v 0.689572 1.197074 -0.130442
v 0.702756 1.190572 -0.068759
v 0.685372 1.173325 -0.033489
v 0.655286 1.144276 -0.020986
v 0.633208 1.116225 -0.027740
v 0.617291 1.123535 -0.012613
v 0.501323 1.235848 -0.013948
v 0.506436 1.302623 0.013678
v 0.537102 1.274220 0.011918
v 0.534347 1.210873 -0.012072
v 0.561551 1.243073 0.006049
v 0.646813 1.151363 -0.002324
v 0.682586 1.189764 -0.021795
v 0.707951 1.228256 -0.071392
v 0.609129 1.280246 -0.133425
v 0.536189 1.272788 -0.149535
v 0.465506 1.267678 -0.137711
v 0.283787 1.674972 -0.144119
v 0.265461 1.613108 -0.152863
v 0.320621 1.642277 -0.142647
v 0.326419 1.659978 -0.073174
v 0.403020 1.566345 -0.072034
v 0.388797 1.549234 -0.015434
v 0.448312 1.460495 -0.013928
v 0.412790 1.413912 0.008318
v 0.445525 1.374818 0.009578
v 0.486646 1.423140 -0.011089
v 0.477856 1.335381 0.010738
v 0.521005 1.383690 -0.007966
v 0.553338 1.350600 -0.004255
v 0.589481 1.321287 -0.000639
v 0.603873 1.283137 -0.005642
v 0.513131 1.377125 -0.138001
v 0.437521 1.389520 -0.161293
v 0.477789 1.347024 -0.165936
v 0.471636 1.422734 -0.129995
v 0.408941 1.416471 -0.159850
v 0.442596 1.468023 -0.139091
v 0.361003 1.475742 -0.154685
v 0.391447 1.545116 -0.138498
v 0.292837 1.543401 -0.154879
v 0.464380 1.489293 -0.069393
v 0.504109 1.440403 -0.070740
v 0.542630 1.398170 -0.070684
v 0.577689 1.366164 -0.070382
v 0.617025 1.339977 -0.072428
v 0.641810 1.301215 -0.069685
v 0.586622 1.316944 -0.131514
v 0.548098 1.346770 -0.127396
v 0.502454 1.317132 -0.147823
v 0.439540 1.299012 -0.133931
v 0.408834 1.337708 -0.129346
v 0.379280 1.371017 -0.126392
v 0.334930 1.429623 -0.134065
v 0.278849 1.477701 -0.132389
v 0.238006 1.494562 -0.132299
v 0.252688 1.569987 -0.158958
v 0.440559 1.277260 -0.071611
v 0.404224 1.312443 -0.070177
v 0.363973 1.351573 -0.068698
v 0.323053 1.401353 -0.075092
v 0.255255 1.450719 -0.057048
v 0.243719 1.463547 -0.064185
v 0.223378 1.473853 -0.060341
v 0.210820 1.495396 -0.132003
v 0.221214 1.590826 -0.162156
v 0.252930 1.682697 -0.151142
v 0.355642 1.483587 0.010992
v 0.313617 1.639316 -0.005033
v 0.289755 1.567685 0.026383
v 0.250504 1.583079 0.034880
v 0.264428 1.638115 0.025093
v 0.229188 1.640521 0.049893
v 0.245919 1.699025 0.007521
v 0.280917 1.672474 0.003389
v 0.298341 1.696289 -0.068663
v 0.215295 1.517373 0.038133
v 0.219697 1.578108 0.061264
v 0.244809 1.483175 -0.009121
v 0.224051 1.477381 -0.005066
v 0.243380 1.505916 0.011077
v 0.270283 1.484199 -0.002770
v 0.345828 1.422687 -0.009907
v 0.373337 1.363444 -0.010345
v 0.411002 1.331177 -0.010563
v 0.448737 1.296831 -0.011160
v 0.472264 1.267671 -0.011567
v 0.154067 1.500008 0.188529
v 0.078314 1.581643 0.219097
v 0.154275 1.581583 0.182205
v 0.153536 1.426932 0.191379
v 0.076718 1.427807 0.234336
v 0.210228 1.428891 0.132883
v 0.210876 1.498290 0.133379
v 0.210093 1.580876 0.130831
v 0.065764 1.586943 0.204605
v 0.078699 1.500227 0.228647
v 0.064927 1.496914 0.218302
v 0.063238 1.415748 0.225453
v 0.152390 1.415263 0.179833
v 0.204620 1.416785 0.114258
v 0.206862 1.497909 0.114335
v 0.206908 1.586842 0.113128
v 0.153981 1.587086 0.163529
v 0.312880 1.735156 -0.059099
v 0.262634 1.726502 0.022843
v 0.306715 1.733415 -0.111419
v 0.271185 1.714443 -0.159366
v 0.231530 1.699143 -0.171346
v 0.233596 1.714517 -0.169996
v 0.235157 1.761045 -0.114112
v 0.236216 1.761701 -0.058107
v 0.224817 1.725148 0.037536
v 0.226516 1.711229 0.032883
v 0.211341 1.662431 0.090399
v 0.215070 1.730870 0.043529
v 0.083935 1.634679 0.179265
v 0.147945 1.662672 0.143270
v 0.137153 1.630101 0.162234
v 0.090194 1.665697 0.157100
v 0.165020 1.744631 0.043457
v 0.110988 1.753973 0.046983
v 0.125685 1.786046 -0.062693
v 0.180614 1.780337 -0.058431
v 0.126205 1.787003 -0.125883
v 0.183899 1.780401 -0.119469
v 0.177944 1.732024 -0.182411
v 0.233118 1.769838 -0.115236
v 0.236425 1.768462 -0.058353
v 0.197239 1.658865 0.125788
v 0.193135 1.609237 0.129117
v 0.188190 1.624123 0.140385
v 0.131755 1.615767 0.155306
v 0.120314 1.739616 -0.186953
v 0.074207 1.623109 0.177483
v 0.083003 1.659512 0.141969
v 0.101802 1.727288 0.041700
v 0.115212 1.778407 -0.067939
v 0.117963 1.781494 -0.123892
v 0.110587 1.722334 -0.188637
v 0.172282 1.712881 -0.181970
v 0.258548 1.703957 0.011881
v 0.234477 1.646731 0.052520
v 0.230982 1.649584 0.064636
v 0.245974 1.462403 -0.063062
v 0.234822 1.491135 -0.140587
v 0.239314 1.464799 -0.004885
v 0.224515 1.502141 0.042631
v 0.225664 1.583903 0.064593
v 0.222259 1.585399 0.083856
v 0.217901 1.604780 0.099465
v 0.220930 1.497507 0.057464
v 0.240998 1.448107 0.001592
v 0.251012 1.441275 -0.064910
v 0.239949 1.474268 -0.156373
v 0.247499 1.590037 -0.166735
v 0.247637 1.589536 -0.178708
v 0.265126 1.676966 -0.150121
v 0.245616 1.406229 0.010009
v 0.254726 1.403959 -0.070271
v 0.240656 1.108925 0.020398
v 0.229042 1.105379 0.095924
v 0.225498 1.187422 0.095144
v 0.241431 1.194456 0.017075
v 0.224724 1.304893 0.098142
v 0.245843 1.306697 0.015445
v 0.247689 1.307590 -0.070509
v 0.218177 1.439009 -0.179669
v 0.217234 1.590217 -0.191081
v 0.235170 1.199208 -0.065133
v 0.167018 1.671808 -0.191951
v 0.166052 1.591777 -0.203027
v 0.119089 1.419108 -0.201770
v 0.200582 1.311135 -0.156272
v 0.188468 1.202413 -0.138634
v 0.175012 1.113554 -0.128305
v 0.226893 1.113680 -0.053821
v 0.090957 1.113940 -0.146723
v 0.073525 1.419083 -0.203813
v 0.109609 1.313433 -0.175931
v 0.097142 1.205427 -0.157339
v 0.075634 1.671767 -0.201984
v 0.047588 1.712973 -0.195932
v 0.043776 1.788198 -0.146962
v 0.089331 1.785415 -0.111860
v -0.000241 1.829391 -0.097876
v 0.000020 1.862485 -0.112574
v -0.053764 1.861426 -0.097489
v -0.053223 1.828669 -0.080447
v -0.069481 1.860193 -0.081453
v -0.083421 1.833553 -0.041310
v -0.085310 1.854132 -0.049640
v 0.052740 1.828669 -0.080447
v 0.083530 1.833553 -0.041310
v 0.085420 1.854132 -0.049640
v 0.069556 1.860193 -0.081453
v 0.053804 1.861426 -0.097489
v -0.076734 1.807607 -0.040286
v -0.077315 1.772529 -0.079216
v 0.000000 1.771376 -0.111349
v -0.221621 0.422480 -0.045322
v -0.223871 0.359271 -0.061659
v -0.170329 0.374300 -0.117238
v -0.172747 0.432747 -0.109298
v -0.084025 0.380088 -0.121833
v -0.091556 0.434116 -0.113424
v -0.085129 0.287365 -0.159054
v -0.167240 0.259714 -0.163671
v -0.083503 0.261220 -0.168125
v -0.165783 0.287387 -0.154803
v -0.220690 0.282477 -0.078324
v -0.226178 0.284747 0.021447
v -0.231937 0.349603 0.019987
v -0.231446 0.412082 0.040552
v -0.221268 0.253472 -0.082440
v -0.214129 0.245234 0.034283
v 0.075659 1.807608 -0.040286
v 0.075580 1.772304 -0.084742
v -0.266982 0.373787 -0.089836
v -0.185333 0.379752 -0.095374
v -0.179247 0.414748 -0.092016
v -0.257479 0.403406 -0.099798
v -0.179247 0.414748 -0.085495
v -0.185333 0.379752 -0.088853
v -0.247862 0.237046 -0.151399
v -0.262637 0.256569 -0.151541
v -0.229077 0.284636 -0.123780
v -0.208712 0.261026 -0.121353
v -0.189674 0.266694 -0.113143
v -0.172847 0.302895 -0.095549
v -0.228460 0.284636 -0.128546
v -0.171724 0.302895 -0.104224
v -0.139705 0.107352 0.079949
v -0.083799 0.112335 0.056047
v -0.078193 0.082846 0.058337
v -0.077644 0.021905 0.064698
v -0.140374 0.029862 0.084753
v -0.193291 0.014196 0.048502
v -0.088123 0.161164 0.063757
v -0.024919 0.169555 -0.010585
v -0.051237 0.114484 -0.012523
v -0.038414 0.071355 -0.011840
v -0.028486 0.004326 -0.014477
v -0.031133 -0.054154 -0.012517
v -0.058948 -0.071288 0.057733
v -0.140044 -0.077756 0.092887
v -0.196651 -0.079399 0.056402
v -0.221770 -0.078593 -0.008474
v -0.207972 -0.078879 -0.108868
v -0.230668 -0.004679 -0.022851
v -0.250261 0.032334 -0.020155
v -0.203885 0.084104 0.040482
v -0.141711 0.165475 0.095623
v -0.082501 0.224667 0.070022
v -0.045081 0.254775 0.037232
v -0.183492 0.223558 0.063913
v -0.135890 0.217887 0.079507
v -0.241946 0.100378 -0.025962
v -0.239918 0.051250 -0.115616
v -0.209306 0.126970 0.050358
v -0.216135 0.153972 0.059497
v -0.249171 0.153575 -0.015695
v -0.240243 0.171647 -0.100310
v -0.158819 0.174991 -0.163023
v -0.089247 0.185756 -0.160829
v -0.035429 0.250454 -0.080009
v -0.035611 0.174636 -0.093796
v -0.057540 0.110331 -0.112571
v -0.085974 0.079496 -0.167759
v -0.158204 0.071360 -0.170039
v -0.229804 0.126783 -0.098063
v -0.051715 0.063555 -0.118048
v -0.043044 0.017846 -0.122986
v -0.089547 0.035809 -0.180504
v -0.160583 0.026243 -0.173757
v -0.216573 0.006080 -0.102966
v -0.038375 -0.045936 -0.126534
v -0.092203 -0.051133 -0.186647
v -0.161468 -0.064324 -0.177746
v -0.027820 0.278705 -0.077624
v -0.030095 0.361877 -0.066313
v -0.039110 0.422778 -0.060764
v -0.025078 0.410741 0.057922
v -0.018372 0.349055 0.025804
v -0.029395 0.284588 0.030611
v -0.189510 0.411432 0.121385
v -0.191333 0.456036 0.117064
v -0.141407 0.463961 0.141425
v -0.216413 0.436763 0.086449
v -0.204155 0.382225 0.091466
v -0.231731 0.400249 0.058275
v -0.135989 0.234034 0.088833
v -0.179103 0.238970 0.076095
v -0.211989 0.257340 0.054045
v -0.224862 0.288871 0.044789
v -0.232080 0.348418 0.045345
v -0.219032 0.446777 0.074883
v -0.194264 0.466779 0.108303
v -0.141662 0.476178 0.134645
v -0.086457 0.469800 0.117718
v -0.088808 0.458277 0.127816
v -0.051688 0.453453 0.086142
v -0.080278 0.414044 0.133247
v -0.050655 0.442526 0.096355
v -0.025271 0.399640 0.074127
v -0.140641 0.423897 0.152648
v -0.174850 0.340423 0.122657
v -0.204785 0.343371 0.080625
v -0.197029 0.287460 0.080192
v -0.173355 0.264139 0.092054
v -0.135878 0.261013 0.104375
v -0.095743 0.262396 0.102852
v -0.138183 0.340572 0.138609
v -0.094999 0.341003 0.131162
v -0.046867 0.382856 0.101558
v -0.020906 0.348028 0.051927
v -0.029136 0.285000 0.054974
v -0.048661 0.258284 0.063426
v -0.085760 0.236919 0.082205
v -0.060855 0.285831 0.090671
v -0.041372 0.341266 0.085809
v -0.194063 0.467204 0.098155
v -0.144118 0.493904 0.134527
v -0.142248 0.476562 0.127228
v -0.084169 0.490493 0.119134
v -0.061553 0.515035 0.146185
v -0.055195 0.571348 0.129090
v 0.000378 0.615011 0.030818
v -0.007089 0.565449 0.025284
v -0.000758 0.498618 0.050493
v -0.029227 0.467575 0.039945
v -0.082636 0.469927 0.108447
v -0.138764 0.426309 0.127679
v -0.186502 0.421354 0.098339
v -0.031941 0.439172 0.039356
v -0.088996 0.422004 0.099346
v -0.039243 0.476156 -0.068428
v -0.045617 0.447148 -0.059038
v -0.093553 0.462417 -0.113467
v -0.176400 0.463235 -0.109687
v -0.222214 0.435597 -0.045466
v -0.225094 0.427456 0.036537
v -0.187996 0.489254 0.102883
v -0.150089 0.531271 0.173791
v -0.136220 0.578252 0.153282
v -0.021284 0.564241 -0.068679
v -0.084502 0.635920 -0.132315
v -0.088599 0.583626 -0.155384
v -0.088951 0.532859 -0.180472
v -0.022686 0.513580 -0.072306
v -0.089471 0.496329 -0.143767
v -0.180883 0.493248 -0.130695
v -0.249434 0.472418 -0.046800
v -0.238815 0.466278 0.033807
v -0.225915 0.497537 0.031230
v -0.204477 0.521162 0.124001
v -0.271577 0.533649 0.034944
v -0.259762 0.565310 0.030309
v -0.249461 0.503455 -0.044286
v -0.202442 0.524687 -0.148928
v -0.198821 0.584370 -0.129795
v -0.193444 0.641359 -0.111731
v -0.272161 0.567155 -0.045809
v -0.281142 0.533034 -0.044938
v -0.081293 0.686679 -0.121665
v -0.258360 0.643315 -0.045360
v -0.251203 0.640224 0.037743
v -0.251358 0.714648 -0.044439
v -0.189592 0.704238 -0.104878
v -0.188254 0.871508 -0.085677
v -0.221685 0.850384 -0.025690
v -0.233099 0.843530 0.050088
v -0.224561 0.957698 0.056039
v -0.179740 0.818025 0.138697
v -0.174652 0.949640 0.146511
v -0.111846 0.797287 0.168813
v -0.094361 0.859497 0.169327
v -0.039897 0.845419 0.173327
v -0.084524 0.926997 0.177794
v -0.220382 0.960703 -0.017348
v -0.192363 0.958614 -0.092961
v -0.131502 0.951206 -0.158863
v -0.202123 0.637343 0.129350
v -0.247396 0.712055 0.040601
v -0.195160 0.702776 0.138608
v -0.000000 1.003846 0.197625
v -0.060101 0.962970 0.190050
v -0.071264 1.004629 0.189691
v -0.129497 0.981355 0.170093
v -0.166341 1.009653 0.141364
v -0.219019 1.017445 0.059757
v -0.219831 1.025588 -0.006208
v -0.195430 1.032838 -0.075659
v -0.134350 1.035574 -0.127479
v -0.055997 0.948116 -0.173007
v -0.060832 1.036683 -0.137620
v -0.000000 0.944508 -0.177176
v 0.000000 1.037793 -0.142263
v -0.000000 0.862128 -0.158898
v -0.045198 0.863450 -0.157979
v -0.105204 0.867140 -0.146090
v -0.087012 0.827430 -0.132140
v -0.020402 0.678862 -0.077125
v -0.021613 0.620612 -0.082974
v -0.018690 0.821214 -0.032029
v -0.038104 0.841901 -0.135587
v -0.000001 0.841204 -0.136376
v 0.000000 0.812738 -0.032761
v -0.000000 0.801541 0.040074
v -0.005114 0.798562 0.040105
v -0.006110 0.743932 0.038590
v -0.038653 0.815321 -0.038273
v -0.001229 0.665657 0.030823
v -0.250211 1.305929 0.127118
v -0.251658 1.356581 0.127535
v -0.247623 1.184290 0.120752
v -0.202560 1.184965 0.189852
v -0.198148 1.107109 0.183203
v -0.174397 1.105645 0.176872
v -0.170729 1.184094 0.178464
v -0.208682 1.306167 0.195613
v -0.169527 1.301390 0.177444
v -0.208647 1.357073 0.194685
v -0.168518 1.374577 0.176461
v -0.243134 1.105404 0.116652
v -0.150240 1.346517 0.242988
v -0.149214 1.374371 0.195131
v -0.058679 1.374479 0.231061
v -0.078771 1.347012 0.265745
v -0.075194 1.179196 0.250651
v -0.057333 1.103039 0.220961
v -0.072264 1.121371 0.238643
v -0.153110 1.179364 0.228757
v -0.151857 1.303565 0.238815
v -0.150017 1.302414 0.195865
v -0.077970 1.304253 0.262938
v -0.058033 1.303035 0.229475
v -0.057892 1.181244 0.218446
v -0.149973 1.185539 0.194739
v -0.154012 1.121507 0.216369
v -0.152071 1.104047 0.194822
v -0.208095 0.261026 -0.126119
v -0.188439 0.266694 -0.122674
v -0.000000 1.102953 0.227378
v 0.000000 1.178936 0.231541
v -0.000000 1.300721 0.235328
v 0.000000 1.374761 0.234383
v 0.000000 1.415780 0.232472
v -0.000000 1.495960 0.222863
v -0.001632 1.579979 0.214038
v 0.174397 1.105645 0.176872
v 0.198148 1.107109 0.183203
v 0.243134 1.105404 0.116652
v 0.251658 1.356582 0.127535
v 0.227007 1.374403 0.105797
v 0.250211 1.305929 0.127118
v 0.247623 1.184290 0.120752
v 0.202560 1.184965 0.189852
v 0.170729 1.184094 0.178464
v 0.208647 1.357073 0.194685
v 0.168518 1.374577 0.176461
v 0.208682 1.306167 0.195613
v 0.169527 1.301390 0.177444
v -0.081606 -0.089238 0.058961
v -0.069247 -0.018883 0.006235
v -0.063326 -0.018360 -0.045659
v -0.059146 -0.131204 -0.025808
v -0.060514 -0.194023 -0.114210
v -0.056230 -0.194959 -0.008612
v -0.061371 -0.130775 -0.111770
v -0.128867 -0.132371 -0.138797
v -0.070218 -0.084051 -0.103315
v -0.128982 -0.086154 -0.123535
v -0.128469 -0.018883 -0.123342
v -0.069247 -0.018883 -0.100465
v -0.075417 -0.079118 -0.030685
v -0.059459 -0.136227 0.055654
v -0.062653 -0.150383 0.129135
v -0.064495 -0.190465 0.049419
v -0.058514 -0.190868 0.128255
v -0.065612 -0.152761 0.162322
v -0.056593 -0.186894 0.172513
v -0.073040 -0.176160 0.225699
v -0.079271 -0.143375 0.208658
v -0.125790 -0.189918 -0.141509
v -0.079036 -0.144952 0.161062
v -0.081566 -0.133120 0.126057
v -0.130714 -0.175145 0.238006
v -0.131466 -0.138623 0.214475
v -0.174088 -0.178334 0.229357
v -0.164656 -0.144430 0.209704
v -0.177836 -0.153720 0.162293
v -0.164341 -0.140947 0.161118
v -0.163858 -0.130405 0.126846
v -0.179370 -0.148008 0.127187
v -0.179829 -0.145519 0.057175
v -0.195502 -0.196358 0.050084
v -0.181013 -0.138452 -0.027479
v -0.191504 -0.196671 -0.008684
v -0.176495 -0.191288 -0.116989
v -0.173745 -0.134968 -0.112783
v -0.169342 -0.087750 -0.105614
v -0.174737 -0.018883 -0.100465
v -0.187794 -0.190173 0.172682
v -0.193230 -0.196701 0.126695
v -0.156015 -0.092015 0.058730
v -0.166652 -0.092899 -0.034794
v -0.181852 -0.018883 -0.047115
v -0.175327 -0.018883 0.010474
v -0.131505 -0.127567 0.126758
v -0.131225 -0.137767 0.161791
v -0.130094 -0.088635 0.073042
v -0.128469 -0.018883 0.040797
v 0.149213 1.374371 0.195131
v 0.150240 1.346517 0.242988
v 0.078770 1.347012 0.265744
v 0.058679 1.374479 0.231060
v 0.150017 1.302414 0.195865
v 0.151857 1.303568 0.238815
v 0.077970 1.304253 0.262938
v 0.058032 1.303035 0.229475
v 0.075195 1.179196 0.250651
v 0.057892 1.181244 0.218446
v 0.072264 1.121371 0.238643
v 0.154012 1.121507 0.216369
v 0.057333 1.103039 0.220961
v 0.152071 1.104047 0.194822
v 0.153110 1.179364 0.228757
v 0.149973 1.185539 0.194739
v 0.268446 1.167905 -0.052876
v 0.216704 1.211865 -0.064634
v 0.216704 1.211865 -0.052876
v 0.033132 1.640084 0.185080
v 0.011008 1.578318 0.204241
v 0.010519 1.494869 0.214724
v 0.010519 1.415774 0.224002
v 0.010650 1.374710 0.225620
v 0.011549 1.301184 0.227032
v 0.010823 1.179367 0.221870
v 0.010253 1.102969 0.217093
v 0.070207 1.672639 0.134442
v 0.095839 1.731444 0.039605
v 0.108002 1.779909 -0.070133
v 0.225791 1.265009 -0.070690
v 0.289025 1.215295 -0.058931
v 0.225791 1.265009 -0.058931
v -0.052760 1.103438 0.204791
v 0.000000 1.103359 0.206239
v -0.157347 1.106241 0.171436
v -0.217539 1.107341 0.086425
v -0.227612 1.107404 0.022000
v -0.215495 1.110802 -0.051510
v -0.165303 1.111106 -0.112991
v -0.080115 1.113471 -0.136708
v 0.000000 1.112777 -0.140733
v 0.080115 1.113471 -0.136708
v 0.153071 1.113097 -0.122210
v 0.215607 1.111744 -0.051792
v 0.227611 1.107404 0.022000
v 0.217538 1.107337 0.086425
v 0.157346 1.106241 0.171436
v 0.052760 1.103438 0.204791
v 0.098484 1.077115 0.185609
v 0.185707 1.080162 0.128899
v 0.217189 1.087227 0.066208
v 0.223737 1.094401 0.002384
v 0.185495 1.101400 -0.070364
v 0.137746 1.106402 -0.127659
v 0.059309 1.107518 -0.139362
v 0.000000 1.107708 -0.141268
v -0.059309 1.107518 -0.139362
v -0.137746 1.106402 -0.127659
v -0.185495 1.101400 -0.070364
v -0.223737 1.094401 0.002384
v -0.217189 1.087227 0.066208
v -0.170418 1.079109 0.147270
v -0.068954 1.076624 0.195884
v 0.000000 1.075946 0.202745
v -0.294368 1.377855 -0.058670
v -0.262751 1.348610 -0.063355
v -0.206573 1.421210 -0.064109
v -0.215125 1.473241 -0.059491
v -0.215095 1.473567 -0.047737
v -0.206544 1.421533 -0.052355
v -0.022460 1.694004 0.194754
v -0.019584 1.642509 0.179824
v -0.038016 1.691380 0.201957
v 0.105204 0.867140 -0.146090
v 0.188254 0.871508 -0.085677
v 0.192363 0.958614 -0.092961
v 0.131501 0.951206 -0.158863
v 0.055997 0.948115 -0.173007
v 0.045197 0.863450 -0.157979
v 0.087012 0.827430 -0.132140
v 0.038104 0.841901 -0.135587
v 0.025132 0.809809 -0.042746
v 0.005113 0.798562 0.040105
v -0.005364 0.743931 0.040998
v 0.018686 0.821214 -0.032029
v 0.060832 1.036683 -0.137620
v 0.135381 1.035738 -0.127843
v 0.195430 1.032838 -0.075659
v 0.219831 1.025588 -0.006208
v 0.220382 0.960703 -0.017348
v 0.224561 0.957698 0.056039
v 0.219019 1.017445 0.059757
v 0.182381 1.010848 0.126684
v 0.129497 0.981355 0.170093
v 0.097051 1.005884 0.178648
v 0.174653 0.949640 0.146511
v 0.233099 0.843530 0.050088
v 0.221685 0.850383 -0.025690
v 0.189159 0.704238 -0.097410
v 0.081671 0.686679 -0.114072
v 0.022840 0.681823 -0.069064
v 0.002051 0.668275 0.037957
v 0.011148 0.613689 0.031649
v 0.029377 0.621541 -0.074611
v 0.025622 0.560241 -0.063631
v 0.089277 0.583625 -0.147539
v 0.183969 0.818025 0.150140
v 0.084855 0.635919 -0.124642
v 0.192984 0.641359 -0.104213
v 0.201597 0.637343 0.135067
v 0.131322 0.632905 0.167945
v 0.125233 0.692591 0.176189
v 0.194686 0.702776 0.144256
v 0.253238 0.710004 0.046980
v 0.232581 0.703369 -0.037423
v 0.243206 0.643873 -0.039263
v 0.199938 0.584370 -0.122142
v 0.259683 0.645353 0.043309
v 0.031005 0.495587 -0.069278
v 0.084658 0.532859 -0.173124
v 0.203394 0.539655 -0.139847
v 0.013854 0.543345 0.031779
v 0.011446 0.468881 0.057603
v 0.031967 0.451167 0.046626
v 0.226662 0.422479 -0.038004
v 0.227257 0.435596 -0.038147
v 0.181260 0.463235 -0.101888
v 0.177592 0.432747 -0.101502
v 0.098082 0.462417 -0.105639
v 0.096076 0.434116 -0.105597
v 0.049954 0.447148 -0.051618
v 0.043421 0.422777 -0.053331
v 0.029333 0.410741 0.064469
v 0.036223 0.439172 0.046041
v 0.046344 0.469721 -0.061974
v 0.086817 0.493302 -0.136732
v 0.199289 0.517666 -0.117637
v 0.272794 0.498662 -0.041689
v 0.258252 0.569091 -0.037660
v 0.267361 0.572087 0.037646
v 0.267101 0.502887 0.042593
v 0.208203 0.569196 0.118387
v 0.231413 0.478054 0.037599
v 0.233199 0.475769 -0.040818
v 0.181219 0.485463 -0.124686
v 0.246974 0.456011 -0.039472
v 0.247815 0.454999 0.040533
v 0.204844 0.489254 0.108797
v 0.213470 0.521162 0.129758
v 0.137088 0.578252 0.158819
v 0.151012 0.531271 0.179176
v 0.055738 0.567700 0.134808
v 0.145018 0.493904 0.140205
v 0.230149 0.427456 0.043243
v 0.198994 0.467204 0.104400
v 0.146972 0.476561 0.133256
v 0.056557 0.625294 0.141058
v 0.053175 0.688851 0.150857
v 0.062122 0.515035 0.151776
v 0.084828 0.490493 0.124926
v 0.087122 0.469927 0.114615
v 0.093506 0.422004 0.105582
v 0.143473 0.426309 0.133703
v 0.191403 0.421354 0.104583
v 0.236525 0.412082 0.047227
v 0.094361 0.859497 0.169327
v 0.109934 0.797288 0.182981
v 0.042043 0.772587 0.165585
v 0.026329 0.759882 0.132382
v -0.040031 0.910977 0.187235
v 0.000000 0.959632 0.198397
v 0.060101 0.962970 0.190050
v 0.084524 0.926997 0.177794
v 0.040031 0.910977 0.187235
v 0.039898 0.845419 0.173327
v 0.025465 0.816906 0.144575
v 0.017509 0.804448 0.116063
v -0.000000 0.807913 0.116159
v 0.000000 0.819759 0.144213
v 0.000000 0.844060 0.177631
v 0.000000 0.905971 0.188972
v -0.017509 0.804448 0.116063
v -0.025465 0.816906 0.144575
v -0.050358 0.773516 0.152323
v -0.125073 0.694404 0.170573
v -0.131459 0.632905 0.155008
v -0.207053 0.569196 0.112545
v -0.050687 0.623389 0.137893
v -0.047407 0.681487 0.148478
v -0.035174 0.759882 0.122411
v -0.047918 -0.189394 0.176692
v -0.053146 -0.197370 0.128327
v -0.053182 -0.220703 0.127948
v -0.047453 -0.220597 0.193500
v -0.067796 -0.177288 0.233904
v -0.065917 -0.202296 0.241549
v -0.129998 -0.198117 0.255656
v -0.130751 -0.176846 0.246903
v -0.058833 -0.197874 0.048810
v -0.060184 -0.220832 0.047830
v -0.052629 -0.201254 -0.008608
v -0.054370 -0.200261 -0.119660
v -0.128654 -0.199354 -0.148248
v -0.127320 -0.219999 -0.150413
v -0.057295 -0.219999 -0.121299
v -0.052637 -0.220924 -0.008585
v -0.198148 -0.195512 0.176931
v -0.178259 -0.180210 0.236392
v -0.182678 -0.198439 -0.119154
v -0.178354 -0.219999 -0.120377
v -0.197275 -0.220924 -0.008571
v -0.199188 -0.202340 -0.008603
v -0.202418 -0.202208 0.048703
v -0.200256 -0.201813 0.127544
v -0.198638 -0.220597 0.193500
v -0.177936 -0.201762 0.242953
v -0.200102 -0.220703 0.128118
v -0.201892 -0.220832 0.048207
v -0.128867 -0.220832 0.048207
v -0.128866 -0.220703 0.128118
v -0.128866 -0.220597 0.193500
v -0.098344 1.961830 0.063401
v -0.120152 1.942354 0.049434
v -0.104037 1.942354 0.049434
v -0.127100 1.939866 0.041555
v -0.126049 1.897484 -0.016139
v -0.111868 1.911961 -0.020636
v -0.106791 1.909010 -0.041989
v -0.118251 1.891921 -0.061775
v -0.094617 1.888761 -0.105820
v -0.081371 1.906132 -0.081450
v -0.068546 1.888570 -0.128588
v -0.049935 1.905190 -0.108107
v -0.042280 1.888437 -0.136737
v -0.000014 1.907276 -0.117873
v -0.000082 1.889461 -0.141436
v 0.049907 1.905190 -0.108107
v 0.042114 1.888437 -0.136737
v 0.068382 1.888570 -0.128588
v 0.094452 1.888761 -0.105820
v 0.081411 1.906132 -0.081450
v 0.106900 1.909010 -0.041989
v 0.118085 1.891921 -0.061775
v 0.125884 1.897484 -0.016139
v 0.111977 1.911961 -0.020636
v 0.127209 1.939866 0.041555
v 0.098717 1.906039 -0.048735
v -0.098608 1.906039 -0.048735
v 0.120261 1.942354 0.049434
v 0.108568 1.964727 0.105351
v 0.098454 1.961830 0.063401
v 0.104147 1.942354 0.049434
v -0.040084 2.090621 -0.098443
v 0.000353 2.050125 -0.123663
v 0.000353 2.095734 -0.100930
v 0.000353 2.127110 -0.060923
v -0.000082 1.949448 -0.145546
v -0.000082 1.961088 -0.136594
v -0.036670 1.959256 -0.133849
v -0.037481 1.998421 -0.130131
v -0.000082 1.999907 -0.133335
v -0.037828 2.047947 -0.120253
v -0.070352 2.041062 -0.109626
v -0.071085 2.079263 -0.090828
v -0.100019 2.027359 -0.084845
v -0.097478 2.063616 -0.073179
v -0.077591 2.106141 -0.058048
v -0.044790 2.120396 -0.060343
v -0.047485 2.136084 -0.010692
v 0.000484 2.142848 -0.011149
v 0.000484 2.146655 0.032894
v -0.047011 2.140366 0.030600
v -0.067562 1.996946 -0.117783
v -0.099641 2.005366 -0.088054
v -0.082465 1.984689 -0.108096
v -0.065290 1.959953 -0.120083
v -0.071275 1.956508 -0.128191
v -0.035590 1.948228 -0.142512
v -0.085064 2.121701 0.021918
v -0.104844 2.098612 -0.006416
v -0.084643 2.118253 -0.008943
v -0.096133 2.090551 -0.053997
v -0.109467 2.064928 -0.053118
v -0.116494 2.008041 -0.055499
v -0.108324 1.997783 -0.090932
v -0.089800 1.979173 -0.114052
v -0.072060 1.944861 -0.131291
v -0.036321 1.891921 -0.153990
v -0.000082 1.891921 -0.156878
v -0.127201 2.000814 -0.055374
v -0.111831 1.941558 -0.107259
v -0.133500 1.938902 -0.058784
v -0.137475 2.001381 -0.007590
v -0.127536 2.008618 -0.006475
v -0.140631 1.986004 0.047537
v -0.142471 1.964956 0.054576
v -0.142967 1.942500 -0.013340
v -0.134096 1.891921 -0.061775
v -0.108330 1.891921 -0.114641
v -0.073293 1.891921 -0.141139
v -0.119842 2.067686 -0.002351
v -0.128427 2.003505 0.041321
v -0.139546 1.997431 0.036968
v -0.129672 1.992321 0.051006
v -0.130854 1.971517 0.057161
v -0.120353 1.992775 0.114117
v -0.127266 1.998138 0.069607
v -0.116874 2.063968 0.073860
v -0.119403 2.067718 0.041503
v -0.103262 2.092805 0.087380
v -0.104784 2.099236 0.052113
v -0.081890 2.110360 0.100361
v -0.106306 2.099677 0.011891
v -0.124998 1.987021 0.113091
v -0.106791 1.989066 0.155765
v -0.083956 2.119470 0.062724
v -0.123969 1.965495 0.112328
v -0.102556 1.965850 0.173213
v -0.071926 1.965850 0.202094
v -0.074884 1.989989 0.182137
v -0.039288 1.965850 0.217232
v -0.040537 1.990331 0.196159
v -0.039422 2.029432 0.185480
v -0.073182 2.023942 0.171505
v -0.092246 2.006504 0.162925
v -0.114027 2.042901 0.112949
v -0.045924 2.136540 0.072647
v -0.044836 2.124516 0.111525
v -0.078460 2.087530 0.132899
v -0.100204 2.070856 0.124270
v -0.097907 2.053432 0.137880
v -0.075106 2.062646 0.156142
v -0.041101 2.069671 0.168741
v 0.000484 2.031797 0.191560
v 0.000055 1.990436 0.202756
v -0.042969 2.099792 0.147091
v 0.000484 2.142135 0.075686
v 0.000484 2.129417 0.115310
v 0.000484 2.103643 0.151839
v 0.040390 2.029432 0.185480
v 0.000484 2.072476 0.174453
v 0.042069 2.069671 0.168741
v 0.043937 2.099792 0.147091
v 0.045804 2.124516 0.111525
v 0.046892 2.136540 0.072648
v 0.081874 2.110360 0.100362
v 0.083940 2.119470 0.062724
v 0.104427 2.092805 0.087380
v 0.101369 2.070856 0.124270
v 0.078444 2.087530 0.132899
v 0.076102 2.062646 0.156142
v 0.074149 2.023942 0.171505
v 0.099073 2.053432 0.137880
v 0.092785 2.006504 0.162925
v 0.047979 2.140366 0.030600
v 0.085048 2.121701 0.021918
v 0.105949 2.099236 0.052113
v 0.118236 2.063968 0.073860
v 0.115390 2.042901 0.112949
v 0.106900 1.989066 0.155765
v 0.074994 1.989989 0.182137
v 0.040646 1.990331 0.196159
v 0.120765 2.067718 0.041503
v 0.127238 1.998138 0.069608
v 0.120462 1.992775 0.114117
v 0.125108 1.987021 0.113091
v 0.130963 1.971517 0.057161
v 0.000055 1.965850 0.224023
v 0.039397 1.965850 0.217232
v 0.072035 1.965850 0.202094
v 0.102665 1.965850 0.173213
v 0.124078 1.965495 0.112328
v 0.142584 1.964956 0.054576
v 0.129644 1.992321 0.051006
v 0.128262 2.003505 0.041321
v 0.121204 2.067686 -0.002351
v 0.107471 2.099677 0.011891
v 0.139378 1.997431 0.036968
v 0.110564 2.064929 -0.053118
v 0.127371 2.008618 -0.006475
v 0.137307 2.001381 -0.007590
v 0.140603 1.986004 0.047537
v 0.084627 2.118253 -0.008943
v 0.106009 2.098612 -0.006416
v 0.097325 2.089198 -0.053997
v 0.096708 2.067350 -0.073179
v 0.116328 2.008041 -0.055499
v 0.127036 2.000814 -0.055374
v 0.142800 1.942500 -0.013340
v 0.144674 1.939688 0.041481
v 0.141264 1.897484 -0.016139
v 0.133335 1.938902 -0.058784
v 0.133931 1.892006 -0.061775
v 0.070828 2.079263 -0.090828
v 0.077334 2.106141 -0.058048
v 0.045496 2.120396 -0.060343
v 0.040790 2.090621 -0.098443
v 0.048453 2.136084 -0.010692
v 0.038535 2.047947 -0.120253
v 0.071058 2.041062 -0.109626
v 0.100725 2.027359 -0.084845
v 0.099476 2.005366 -0.088054
v 0.108159 1.997783 -0.090932
v 0.082300 1.984689 -0.108096
v 0.067397 1.996946 -0.117782
v 0.065125 1.959953 -0.120083
v 0.037315 1.998421 -0.130131
v 0.036505 1.959256 -0.133849
v 0.071111 1.956508 -0.128191
v 0.089635 1.979172 -0.114052
v 0.111665 1.941558 -0.107259
v 0.071895 1.944861 -0.131291
v 0.035424 1.948228 -0.142512
v 0.108165 1.891921 -0.114641
v 0.073128 1.891921 -0.141139
v 0.036156 1.891921 -0.153990
v -0.020129 1.619790 0.161780
v -0.051080 1.668106 0.115210
v -0.061511 1.740786 0.138032
v -0.088055 1.794288 0.040158
v -0.091169 1.725564 0.023796
v -0.092968 1.821295 -0.068038
v -0.093176 1.772529 -0.079304
v -0.074914 1.826022 -0.105510
v -0.083440 1.781947 -0.113560
v -0.038207 1.827775 -0.124739
v 0.000000 1.782556 -0.137669
v 0.000000 1.827699 -0.132575
v 0.038207 1.827775 -0.124739
v 0.074914 1.826022 -0.105510
v 0.083440 1.781947 -0.113560
v 0.092968 1.821295 -0.068038
v 0.093969 1.772529 -0.078268
v 0.088055 1.794288 0.040158
v 0.091169 1.725564 0.023796
v 0.061511 1.740786 0.138032
v 0.051458 1.668629 0.115095
v 0.023131 1.694895 0.194565
v 0.019583 1.642509 0.179824
v 0.016676 1.619933 0.162668
v -0.144561 1.939688 0.041481
v -0.141431 1.897484 -0.016139
v 0.000000 1.664108 -0.218720
v -0.152808 1.593407 -0.215890
v -0.109591 1.431604 -0.220902
v -0.078210 1.431585 -0.222309
v -0.000000 1.431465 -0.223424
v -0.000000 1.595099 -0.230100
v -0.069391 1.595064 -0.228154
v -0.069602 1.664112 -0.214930
v -0.153696 1.664147 -0.205698
v -0.083421 1.906039 -0.048735
v -0.085310 1.882677 -0.050926
v -0.077134 1.886608 -0.084178
v -0.053024 1.887984 -0.105553
v 0.000003 1.888022 -0.119033
v 0.053029 1.887984 -0.105553
v 0.077192 1.886608 -0.084178
v 0.083530 1.906039 -0.048735
v 0.085420 1.882677 -0.050926
v 0.090958 0.469800 0.123817
v 0.056049 0.453453 0.092477
v 0.146383 0.476178 0.135217
v 0.199195 0.466779 0.114472
v 0.224063 0.446777 0.081303
v -0.041796 1.862247 -0.101477
v -0.072847 1.849270 -0.116561
v -0.040990 1.887936 -0.104627
v -0.077829 1.871846 -0.128318
v -0.040355 1.862412 -0.104108
v -0.041079 1.887740 -0.108391
v 0.055021 1.861426 -0.100216
v 0.000020 1.862485 -0.115301
v 0.071130 1.860193 -0.084179
v -0.054981 1.861426 -0.100216
v -0.071055 1.860193 -0.084179
v -0.098608 1.854132 -0.049640
v -0.108033 1.859144 -0.041562
v -0.106791 1.840314 -0.035670
v -0.098608 1.882677 -0.050926
v -0.098608 1.833553 -0.041310
v -0.112027 1.829575 0.028070
v -0.118463 1.848978 0.039953
v -0.122005 1.868685 0.048030
v -0.125313 1.854427 0.033487
v -0.119881 1.836675 0.024180
v -0.129060 1.884205 0.040778
v -0.106791 1.886522 -0.043854
v 0.124196 1.871985 0.019168
v 0.124196 1.900549 0.019627
v 0.124196 1.884937 0.019233
v 0.127776 1.900558 0.019627
v 0.127776 1.871998 0.019168
v 0.132428 1.894571 0.019627
v 0.132428 1.878030 0.019168
v 0.128813 1.900558 0.040919
v 0.132333 1.900587 0.042300
v 0.125480 1.900581 0.045968
v 0.136422 1.894590 0.040110
v 0.136422 1.878011 0.040110
v 0.127794 1.871972 0.038103
v 0.132333 1.871950 0.042300
v 0.125480 1.871932 0.045968
v 0.112136 1.829575 0.028070
v 0.098717 1.833553 -0.041310
v 0.098717 1.854132 -0.049640
v 0.108142 1.859144 -0.041562
v 0.106900 1.886522 -0.043854
v 0.098717 1.882677 -0.050926
v 0.118572 1.848978 0.039953
v 0.122114 1.868685 0.048030
v 0.125422 1.854427 0.033487
v 0.119990 1.836675 0.024180
v 0.106900 1.840315 -0.035670
v -0.128867 -0.202185 -0.008605
v -0.128867 -0.220924 -0.008574
v 0.008223 0.253228 -0.146493
v 0.078654 0.266247 -0.135592
v 0.076505 0.266247 -0.128931
v 0.019818 1.857727 0.186143
v -0.025290 1.854820 0.189518
v -0.024446 1.846366 0.193161
v 0.020662 1.849272 0.189785
v -0.023566 1.842663 0.201403
v 0.021542 1.845570 0.198028
v -0.023186 1.846448 0.209646
v 0.021922 1.849355 0.206271
v -0.023474 1.854937 0.213289
v 0.021634 1.857844 0.209914
v -0.024318 1.863388 0.209647
v 0.020790 1.866295 0.206272
v -0.025198 1.867091 0.201404
v 0.019911 1.869997 0.198029
v -0.025577 1.863306 0.193161
v 0.019531 1.866212 0.189785
v 0.038625 1.693383 0.200884
v 0.152807 1.593407 -0.215890
v 0.078210 1.431585 -0.222309
v 0.109590 1.431604 -0.220902
v 0.069390 1.595064 -0.228154
v 0.153696 1.664147 -0.205698
v 0.069601 1.664112 -0.214930
v -0.000000 1.600254 0.184750
v 0.004630 1.595502 0.199575
v 0.025145 0.348027 0.058518
v 0.065253 0.285830 0.097004
v 0.033406 0.285000 0.061574
v 0.045692 0.341266 0.092147
v 0.029527 0.399640 0.080552
v 0.051208 0.382855 0.107778
v 0.055013 0.442526 0.102614
v 0.084753 0.414044 0.139230
v 0.099533 0.341003 0.137161
v 0.142891 0.340572 0.144552
v 0.140575 0.261013 0.110606
v 0.178203 0.264139 0.098377
v 0.179704 0.340423 0.128719
v 0.201971 0.287460 0.086603
v 0.209759 0.343371 0.087001
v 0.209126 0.382225 0.097761
v 0.194423 0.411432 0.127457
v 0.145358 0.423896 0.154034
v 0.100280 0.262395 0.109094
v 0.196252 0.456036 0.123168
v 0.221433 0.436763 0.092781
v 0.236813 0.400249 0.064818
v 0.237163 0.348417 0.051985
v 0.229915 0.288870 0.051465
v 0.216991 0.257339 0.060652
v 0.183974 0.238970 0.082537
v 0.140688 0.234034 0.095180
v 0.090257 0.236919 0.088601
v 0.053010 0.258284 0.069962
v 0.093317 0.458277 0.133839
v 0.146127 0.463961 0.142730
v 0.237019 0.349603 0.026816
v 0.231237 0.284746 0.028297
v 0.033667 0.284588 0.037393
v 0.022600 0.349054 0.032590
v 0.034370 0.361877 -0.058838
v 0.032085 0.278704 -0.070065
v 0.089624 0.287365 -0.150886
v 0.088515 0.380088 -0.113943
v 0.170601 0.287387 -0.146666
v 0.225727 0.282477 -0.070760
v 0.228921 0.359271 -0.054219
v 0.175165 0.374300 -0.109383
v -0.106129 1.793236 0.043662
v -0.108209 1.821863 -0.069520
v -0.078778 1.737286 0.144683
v 0.078778 1.737286 0.144683
v 0.106129 1.793236 0.043662
v 0.108209 1.821863 -0.069520
v 0.086126 1.826095 -0.116665
v 0.043387 1.827775 -0.144466
v 0.000000 1.827759 -0.150415
v -0.043386 1.827775 -0.144466
v -0.086126 1.826095 -0.116665
v 0.000000 1.662948 0.116369
v 0.000077 1.624183 0.152117
v -0.175981 1.074934 0.149913
v -0.070021 1.071134 0.212205
v -0.228053 1.082371 0.065648
v -0.230898 1.090176 -0.002055
v -0.194441 1.098379 -0.079326
v -0.142200 1.103175 -0.131946
v -0.061341 1.104025 -0.146172
v 0.000000 1.104028 -0.149496
v 0.061341 1.104025 -0.146172
v 0.142200 1.103175 -0.131946
v 0.194441 1.098379 -0.079326
v 0.230898 1.090176 -0.002055
v 0.228053 1.082371 0.065648
v 0.192691 1.076386 0.131294
v 0.100797 1.071939 0.197303
v -0.000000 1.070636 0.217252
v 0.000000 1.043381 -0.157160
v -0.063199 1.043809 -0.153095
v -0.141359 1.043470 -0.140752
v -0.199591 1.039080 -0.087516
v -0.233815 1.031589 -0.006085
v -0.227850 1.023813 0.060978
v -0.174290 1.014050 0.146090
v -0.072578 1.008344 0.201421
v 0.000000 1.007970 0.208133
v 0.100072 1.009701 0.189007
v 0.190977 1.015600 0.128775
v 0.227850 1.023813 0.060978
v 0.233815 1.031589 -0.006085
v 0.199591 1.039080 -0.087516
v 0.141359 1.043470 -0.140752
v 0.063199 1.043809 -0.153095
v 0.150075 1.769524 -0.180118
v 0.160224 1.754439 -0.180224
v 0.177318 1.755028 -0.186388
v 0.184263 1.770700 -0.192446
v 0.174115 1.785783 -0.192339
v 0.157020 1.785196 -0.186175
v 0.230980 1.800631 0.020405
v 0.248074 1.801220 0.014241
v 0.255020 1.816892 0.008183
v 0.244871 1.831975 0.008289
v 0.227777 1.831388 0.014453
v 0.220832 1.815716 0.020511
v -0.009327 1.921239 0.189533
v -0.015632 1.914376 0.188921
v -0.016692 1.913578 0.186425
v -0.013268 1.912763 0.188675
v -0.013401 1.911730 0.186146
v 0.002446 1.919724 0.189806
v 0.005948 1.918909 0.191294
v 0.005936 1.917705 0.188955
v 0.002451 1.920609 0.192089
v 0.000026 1.920355 0.189950
v 0.000027 1.921198 0.192225
v -0.002425 1.919724 0.189806
v -0.002428 1.920609 0.192089
v -0.006206 1.917705 0.188955
v -0.006216 1.918909 0.191294
v -0.008736 1.920945 0.191828
v -0.003648 1.924745 0.190743
v -0.003417 1.924032 0.192960
v 0.000053 1.925633 0.190902
v 0.000049 1.924866 0.193109
v 0.003665 1.924745 0.190743
v 0.013273 1.912969 0.188705
v 0.013404 1.911951 0.186179
v 0.008560 1.921043 0.191880
v 0.003431 1.924032 0.192960
v 0.009143 1.921347 0.189589
v 0.016954 1.913442 0.186464
v 0.015875 1.914250 0.188957
v -0.113264 1.963706 0.045054
v -0.110481 1.958981 0.045137
v -0.103885 1.961827 0.088339
v -0.102979 1.957475 0.088526
v -0.090307 1.961196 0.131608
v -0.089751 1.965701 0.131408
v -0.070859 1.968405 0.159532
v -0.070894 1.963954 0.159768
v -0.051589 1.968541 0.174147
v -0.051457 1.963561 0.174410
v -0.023652 1.968462 0.189860
v -0.023341 1.963326 0.190045
v -0.000294 1.968433 0.194419
v 0.000050 1.963298 0.194492
v 0.023199 1.968458 0.190038
v 0.023431 1.963342 0.190057
v 0.051303 1.968541 0.174408
v 0.051586 1.963564 0.174398
v 0.070592 1.968414 0.159929
v 0.070968 1.963923 0.159782
v 0.089861 1.965710 0.131405
v 0.090390 1.961174 0.131612
v 0.103089 1.957436 0.088483
v 0.104028 1.961817 0.088328
v 0.113460 1.963751 0.045131
v 0.110555 1.958907 0.045157
v -0.012422 1.914659 0.187219
v -0.013194 1.914126 0.186945
v -0.006231 1.920212 0.189119
v -0.006786 1.920048 0.188179
v -0.002510 1.921965 0.189949
v -0.003209 1.921949 0.188872
v 0.000090 1.922526 0.190065
v -0.000157 1.922717 0.189046
v 0.002599 1.921949 0.189943
v 0.002939 1.922032 0.188874
v 0.006078 1.920203 0.189118
v 0.006858 1.919864 0.187998
v 0.012256 1.914808 0.187283
v 0.013484 1.914456 0.186570
v -0.015425 1.915768 0.186270
v -0.014938 1.915778 0.186926
v -0.007827 1.920926 0.189460
v -0.002949 1.923585 0.190508
v 0.000095 1.924232 0.190654
v 0.003040 1.923455 0.190522
v 0.007751 1.920960 0.189478
v 0.015150 1.915714 0.187020
v 0.015529 1.915521 0.186186
v 0.008022 1.920894 0.187359
v 0.003028 1.923696 0.188524
v 0.000036 1.924476 0.188646
v -0.003024 1.923724 0.188506
v -0.008096 1.920726 0.187376
v -0.024136 1.962518 0.192314
v -0.024136 1.968446 0.192349
v 0.000053 1.968417 0.196931
v 0.000053 1.962492 0.196896
v 0.024243 1.968446 0.192349
v 0.024243 1.962518 0.192314
v 0.052893 1.968528 0.176383
v 0.052893 1.962604 0.176347
v 0.072613 1.968392 0.161461
v 0.072613 1.962914 0.161428
v 0.092063 1.965552 0.132653
v 0.092063 1.959551 0.132617
v 0.104673 1.955519 0.088979
v 0.106361 1.961101 0.089016
v 0.115367 1.962103 0.045413
v 0.112140 1.956939 0.045373
v -0.111969 1.956942 0.045369
v -0.115197 1.962103 0.045409
v -0.106219 1.961101 0.089014
v -0.104531 1.955519 0.088976
v -0.091956 1.959554 0.132616
v -0.091956 1.965552 0.132652
v -0.072506 1.968392 0.161461
v -0.072506 1.962914 0.161428
v -0.052786 1.968528 0.176383
v -0.052786 1.962604 0.176347
v -0.107965 1.955912 0.045364
v -0.106839 1.958181 0.045221
v -0.099973 1.954556 0.089613
v -0.099391 1.957002 0.089285
v -0.087027 1.958654 0.133893
v -0.086178 1.960898 0.133075
v -0.070801 1.961621 0.158888
v -0.069664 1.963586 0.157756
v 0.087134 1.958651 0.133894
v 0.069146 1.962724 0.157436
v 0.070908 1.961621 0.158889
v 0.086182 1.960800 0.132940
v 0.099844 1.954422 0.089613
v 0.099225 1.956866 0.089327
v 0.107619 1.955649 0.045364
v 0.106504 1.957922 0.045225
v -0.051063 1.961190 0.175439
v -0.023359 1.961104 0.190820
v 0.000053 1.961079 0.195316
v 0.023465 1.961104 0.190820
v 0.051171 1.961190 0.175440
v 0.049882 1.962192 0.173499
v 0.022675 1.962036 0.188598
v 0.000056 1.961986 0.192948
v -0.022570 1.962043 0.188599
v -0.049763 1.962217 0.173519
v 0.078200 1.923116 0.139437
v 0.096247 1.942487 0.115589
v 0.094551 1.934426 0.112893
v 0.046244 1.911444 0.170449
v 0.050337 1.949572 0.173868
v 0.069014 1.947990 0.158342
v 0.062304 1.916380 0.156252
v 0.084558 1.945362 0.140442
v 0.096248 1.951125 0.118064
v 0.087073 1.957101 0.139801
v -0.096141 1.942487 0.115589
v -0.096141 1.951125 0.118064
v -0.086966 1.957101 0.139801
v -0.084451 1.945362 0.140441
v -0.094444 1.934426 0.112893
v -0.078093 1.924951 0.139448
v -0.062197 1.916402 0.156252
v -0.068906 1.947990 0.158342
v -0.050230 1.949575 0.173868
v -0.023359 1.950593 0.191044
v 0.000053 1.950545 0.195329
v 0.023465 1.950593 0.191044
v 0.021206 1.909023 0.182809
v -0.046138 1.911444 0.170449
v -0.021099 1.909023 0.182809
v 0.014816 1.913869 0.185906
v -0.014719 1.913869 0.185906
v 0.094019 1.943061 0.114526
v 0.076270 1.923687 0.137893
v 0.092364 1.935120 0.111813
v 0.084961 1.957611 0.138494
v 0.082521 1.945813 0.139000
v 0.094007 1.951579 0.116967
v 0.067364 1.948964 0.156681
v 0.060604 1.916855 0.154431
v 0.044878 1.911910 0.168365
v 0.048991 1.950441 0.171901
v 0.019769 1.910094 0.181015
v 0.022630 1.951278 0.188751
v 0.000054 1.950970 0.192829
v -0.022551 1.951363 0.188767
v -0.048888 1.950459 0.171907
v -0.067244 1.948945 0.156681
v -0.093904 1.951556 0.116947
v -0.093945 1.943141 0.114501
v -0.085118 1.958048 0.138345
v -0.082445 1.945977 0.139018
v -0.060513 1.916871 0.154415
v -0.044647 1.911907 0.168450
v -0.019734 1.909837 0.180833
v 0.014596 1.916234 0.186800
v -0.014392 1.916224 0.186794
v -0.092278 1.935139 0.111782
v -0.076139 1.925573 0.137954
v -0.311728 0.617791 0.007794
v -0.282977 0.603025 0.123577
v -0.229905 0.601526 0.109739
v -0.258656 0.616292 -0.006043
v -0.261300 0.840437 -0.074106
v -0.329656 0.842367 -0.056587
v -0.315119 0.863412 -0.002186
v -0.271480 0.934694 0.161998
v -0.203124 0.932764 0.144479
v -0.237198 0.950265 0.009598
v -0.246763 0.861482 -0.019704
v -0.305554 0.952192 0.027117
v 0.305395 0.994051 0.102358
v 0.315497 1.002968 0.110811
v 0.247927 1.074963 0.058402
v 0.184202 0.989347 0.252148
v 0.194304 0.998263 0.260602
v 0.126734 1.070259 0.208193
v 0.175535 0.906951 0.242549
v 0.296728 0.911655 0.092758
v 0.110907 0.919796 0.190663
v 0.232100 0.924497 0.040873
v 0.308986 1.062829 0.107423
v 0.187793 1.058124 0.257214
v 0.199080 1.043673 0.265892
v 0.320272 1.048374 0.116102
v 0.226263 0.865980 0.082198
v 0.212133 0.850038 0.166585
v 0.209227 0.751406 0.145879
v 0.226263 0.611239 0.027124
v 0.207492 0.595871 0.113802
v 0.226263 0.769116 0.061233
v 0.235412 0.786998 -0.021386
v 0.234552 0.883395 -0.001356
v 0.235970 0.628375 -0.054794
v 0.304470 0.604588 0.125356
v 0.304470 0.748899 0.154855
v 0.319892 0.764660 0.082034
v 0.269445 0.591341 0.120864
v 0.269445 0.749219 0.153375
v 0.269445 0.846079 0.174341
v 0.304470 0.832195 0.172884
v 0.319892 0.847955 0.100062
v 0.286481 0.863793 0.092511
v 0.286481 0.766929 0.071546
v 0.286481 0.609051 0.037616
v 0.319892 0.620349 0.051272
v 0.321550 0.622352 0.041854
v 0.321550 0.766663 0.072776
v 0.332356 0.638284 -0.033033
v 0.298901 0.626936 -0.046436
v 0.332356 0.782598 -0.000835
v 0.321550 0.849959 0.090805
v 0.298901 0.881674 0.009892
v 0.332356 0.865891 0.017193
v 0.298901 0.784814 -0.011073
v 0.204861 1.533511 -0.190340
v 0.116700 1.559339 -0.200168
v 0.181050 1.786674 -0.179983
v 0.269211 1.760845 -0.170155
v 0.218055 1.768944 -0.191501
v 0.209016 1.771708 -0.192124
v 0.247694 1.903330 -0.177230
v 0.256732 1.900566 -0.176608
v 0.257924 1.902389 -0.185827
v 0.219246 1.770764 -0.200720
v 0.248885 1.905153 -0.186449
v 0.210207 1.773528 -0.201342
v 0.274627 1.763102 -0.212816
v 0.210278 1.535767 -0.233001
v 0.186466 1.788927 -0.222644
v 0.122117 1.561593 -0.242829
v -0.153799 0.978439 -0.115910
v -0.218430 0.972134 0.026565
v -0.257440 1.176546 0.017914
v -0.192808 1.182851 -0.124561
v -0.055382 1.174400 -0.203582
v 0.047202 1.226698 -0.208823
v -0.057742 1.180499 -0.192774
v 0.233197 1.322743 -0.140513
v 0.259016 1.370887 -0.063005
v 0.264671 1.376974 -0.069376
v 0.239073 1.329469 -0.147768
v 0.254906 1.378625 -0.067906
v 0.230910 1.333010 -0.141887
v 0.162663 1.278722 -0.208597
v 0.153311 1.281138 -0.202009
v 0.053678 1.222998 -0.218371
v -0.054906 1.167179 -0.190718
v -0.155250 1.120977 -0.159717
v -0.159114 1.127041 -0.172794
v -0.158743 1.134792 -0.161779
v 0.155692 1.269615 -0.200237
v 0.049586 1.214081 -0.206930
v -0.233867 1.101866 -0.111534
v -0.226989 1.112875 -0.103724
v -0.222695 1.098464 -0.101885
v 0.240338 1.467951 0.045246
v 0.243965 1.464514 0.051588
v 0.233265 1.537724 0.094514
v 0.236103 1.536681 0.101036
v 0.240236 1.539055 0.095655
v 0.248337 1.468569 0.046145
v 0.213414 1.626446 0.119754
v 0.215351 1.627141 0.125712
v 0.219057 1.628986 0.120957
v 0.187572 1.684951 0.116742
v 0.192423 1.687135 0.117777
v 0.189238 1.685547 0.121864
v 0.113906 1.730408 0.075207
v 0.093721 1.677428 0.140265
v 0.183466 1.649568 0.145423
v 0.203652 1.702550 0.080365
v 0.206816 1.714767 0.091296
v 0.117070 1.742624 0.086138
v 0.186630 1.661785 0.156354
v 0.096885 1.689642 0.151195
v -0.215655 0.965423 -0.144546
v -0.254664 1.169835 -0.153197
v -0.319297 1.163530 -0.010722
v -0.280286 0.959118 -0.002071
v -0.108749 1.066775 0.209212
v -0.092622 1.065652 0.204178
v -0.096033 1.060223 0.199928
v -0.092387 0.955400 0.206435
v -0.106250 0.951608 0.217249
v -0.106229 0.956246 0.211109
v -0.117093 0.960040 0.220348
v -0.114903 0.962992 0.213588
v -0.122623 0.972958 0.221260
v -0.119327 0.973326 0.214317
v -0.132583 1.035668 0.219837
v -0.129287 1.036033 0.212895
v -0.131318 1.049610 0.218316
v -0.128275 1.047188 0.211678
v -0.123598 1.060837 0.214771
v -0.122100 1.056171 0.208842
v -0.109576 1.061018 0.204175
v -0.095879 1.064901 0.193823
v -0.112152 1.066001 0.198908
v -0.092469 1.070335 0.198073
v -0.111324 1.071755 0.203946
v -0.093215 0.949643 0.201397
v -0.079397 0.960414 0.201933
v -0.109801 0.950813 0.206995
v -0.120643 0.959245 0.210094
v -0.126173 0.972162 0.211006
v -0.136134 1.034873 0.209583
v -0.134869 1.048814 0.208062
v -0.127149 1.060042 0.204517
v -0.077694 0.955802 0.196015
v -0.073220 0.969471 0.199333
v -0.090639 0.944663 0.206665
v -0.109822 0.946175 0.213135
v -0.122833 0.956294 0.216855
v -0.129469 0.971794 0.217948
v -0.139429 1.034505 0.216525
v -0.137912 1.051236 0.214701
v -0.128648 1.064711 0.210446
v -0.089811 0.950417 0.211702
v -0.072734 0.951941 0.200452
v -0.081628 1.057335 0.201323
v -0.074437 0.956553 0.206370
v -0.063469 0.965521 0.196553
v -0.069973 0.967122 0.192766
v -0.068783 0.981082 0.191380
v -0.062041 0.982277 0.194889
v -0.079224 1.043717 0.190121
v -0.072482 1.044912 0.193631
v -0.065526 0.981834 0.201734
v -0.075967 1.044468 0.200476
v -0.066716 0.967870 0.203121
v -0.072268 0.980638 0.198224
v -0.082709 1.043273 0.196966
v -0.087238 1.053566 0.197644
v -0.084884 1.056583 0.190968
v -0.079275 1.060349 0.194648
vn -0.6249 0.5012 0.5986
vn -0.6729 0.7382 0.0473
vn -0.5663 -0.0374 0.8234
vn -0.7081 0.4959 -0.5027
vn -0.6834 -0.0451 -0.7286
vn -0.6371 -0.5846 -0.5024
vn -0.5706 -0.8199 0.0473
vn -0.5540 -0.5789 0.5983
vn -0.3032 -0.9517 0.0482
vn -0.5777 -0.8143 0.0560
vn -0.4651 -0.8538 -0.2340
vn -0.1166 -0.9932 -0.0014
vn -0.0164 -0.9374 -0.3478
vn -0.2384 -0.6888 -0.6846
vn 0.2277 -0.8034 -0.5502
vn -0.1064 -0.9791 -0.1732
vn 0.2039 -0.9419 -0.2670
vn 0.1123 -0.9866 0.1181
vn 0.3636 -0.9283 0.0775
vn 0.1088 -0.9870 -0.1181
vn 0.3134 -0.8875 0.3377
vn 0.2510 -0.9451 0.2091
vn 0.0115 -0.8170 0.5765
vn -0.3271 -0.9265 -0.1859
vn -0.4680 -0.7922 0.3917
vn 0.6371 0.5846 0.5024
vn 0.6835 0.0452 0.7286
vn 0.9143 -0.1841 0.3607
vn 0.7081 -0.4959 0.5027
vn 0.9554 -0.2075 -0.2099
vn 0.6729 -0.7382 -0.0473
vn 0.6249 -0.5012 -0.5986
vn 0.9228 0.3279 -0.2023
vn 0.5663 0.0375 -0.8233
vn 0.5540 0.5789 -0.5983
vn 0.5706 0.8199 -0.0473
vn 0.8765 0.2982 0.3779
vn 0.5658 -0.8245 0.0058
vn 0.4742 -0.8275 0.3007
vn 0.2227 -0.9749 -0.0034
vn -0.0323 -0.9978 0.0584
vn 0.0366 -0.9753 0.2180
vn -0.0091 -0.8127 0.5826
vn -0.0375 -0.9982 -0.0478
vn -0.3919 -0.8580 0.3320
vn -0.0997 -0.9948 -0.0199
vn -0.4154 -0.9066 0.0745
vn -0.0299 -0.9703 0.2400
vn -0.3431 -0.9238 -0.1698
vn 0.2218 -0.9231 -0.3142
vn -0.2292 -0.7698 -0.5957
vn 0.2927 -0.7125 -0.6377
vn 0.0633 -0.9686 -0.2405
vn 0.5872 -0.7773 -0.2261
vn -0.0462 -0.7080 0.7047
vn -0.6895 -0.6940 -0.2074
vn 0.2247 -0.5317 -0.8166
vn -0.9737 0.2278 0.0077
vn -0.3701 0.8342 -0.4088
vn -0.1100 0.9939 -0.0054
vn -0.3103 0.9342 -0.1760
vn -0.6631 0.7356 -0.1386
vn -0.0914 0.9936 0.0665
vn 0.7013 0.6223 -0.3477
vn 0.2738 0.9560 -0.1050
vn 0.3289 0.8416 -0.4285
vn 0.9238 0.3605 0.1290
vn -0.2539 0.1708 0.9521
vn 0.8177 0.3845 0.4284
vn 0.6275 0.7433 0.2319
vn -0.6706 0.4557 0.5853
vn 0.6628 0.7307 0.1635
vn -0.7253 0.5965 0.3437
vn 0.6317 0.7270 0.2691
vn -0.7273 0.6852 -0.0402
vn 0.4782 0.7202 0.5027
vn -0.5921 0.6552 -0.4692
vn 0.2032 0.7058 0.6787
vn -0.2596 0.6853 -0.6804
vn -0.0006 0.7159 0.6982
vn -0.0047 0.6949 -0.7191
vn -0.2362 0.7665 0.5972
vn 0.2836 0.6801 -0.6761
vn -0.3973 0.7321 0.5534
vn 0.5877 0.6487 -0.4835
vn -0.6508 0.7238 0.2294
vn 0.7339 0.6784 -0.0348
vn -0.6766 0.7139 0.1803
vn 0.7371 0.5943 0.3217
vn -0.6330 0.7493 0.1948
vn 0.6607 0.4628 0.5910
vn -0.7991 0.3788 0.4669
vn 0.2667 0.2000 0.9428
vn 0.4084 0.0887 0.9085
vn 0.2876 -0.5708 0.7691
vn 0.2966 -0.0977 0.9500
vn 0.6535 0.0430 0.7557
vn 0.1666 0.0044 0.9860
vn 0.6517 0.0763 0.7546
vn 0.0591 0.0734 0.9955
vn 0.0575 -0.0954 0.9938
vn -0.6440 -0.1691 0.7461
vn 0.0663 -0.1339 0.9888
vn -0.6706 -0.1181 0.7324
vn -0.7214 0.0302 0.6919
vn 0.1123 0.0939 0.9892
vn 0.6653 -0.0677 0.7435
vn 0.7057 0.0695 0.7051
vn 0.9786 0.0731 0.1922
vn 0.9645 0.0899 0.2484
vn 0.9028 0.1650 -0.3972
vn 0.9219 0.1957 -0.3344
vn 0.5510 0.3190 -0.7711
vn -0.2481 -0.6133 0.7498
vn -0.2184 -0.6130 0.7593
vn 0.0397 -0.6033 0.7965
vn 0.0313 -0.5827 0.8121
vn 0.3215 -0.5987 0.7336
vn 0.6725 -0.5096 0.5367
vn 0.6718 -0.4615 0.5794
vn 0.8677 -0.4515 0.2077
vn 0.8636 -0.4685 0.1865
vn 0.8582 -0.4753 -0.1936
vn 0.8061 -0.5553 -0.2047
vn 0.7142 -0.4257 -0.5556
vn 0.7337 -0.4886 -0.4723
vn 0.3812 -0.4145 -0.8264
vn 0.3830 -0.4331 -0.8159
vn 0.0916 -0.4784 -0.8733
vn 0.1004 -0.3854 -0.9173
vn -0.0033 -0.5063 -0.8624
vn -0.0097 -0.4289 -0.9033
vn -0.0968 -0.4821 -0.8708
vn -0.0947 -0.3797 -0.9202
vn -0.3834 -0.4135 -0.8258
vn -0.3857 -0.4429 -0.8093
vn -0.7176 -0.4134 -0.5605
vn -0.7103 -0.5030 -0.4924
vn -0.8633 -0.4706 -0.1822
vn -0.8163 -0.5431 -0.1968
vn -0.8670 -0.4497 0.2146
vn -0.8688 -0.4502 0.2062
vn -0.6104 -0.5284 0.5901
vn -0.6148 -0.4900 0.6180
vn -0.0375 -0.5840 -0.8109
vn 0.6144 -0.6249 -0.4816
vn 0.5824 -0.5790 0.5706
vn -0.0000 -0.7088 0.7054
vn -0.5898 -0.5995 0.5411
vn -0.5937 -0.6659 -0.4517
vn 0.0029 0.5859 -0.8104
vn 0.0931 0.5707 -0.8159
vn 0.4145 0.5413 -0.7316
vn 0.6588 0.6398 -0.3958
vn 0.8498 0.5111 -0.1285
vn 0.8306 0.4792 0.2839
vn 0.6614 0.4461 0.6029
vn 0.3259 0.4602 0.8258
vn 0.0462 0.4840 0.8739
vn -0.2427 0.4774 0.8445
vn -0.6257 0.3915 0.6747
vn -0.8316 0.4710 0.2942
vn -0.8592 0.4974 -0.1203
vn -0.6570 0.6328 -0.4097
vn -0.4299 0.5396 -0.7239
vn -0.0970 0.5677 -0.8175
vn 0.0019 0.5305 0.8477
vn -0.2538 0.5700 0.7815
vn 0.2948 0.4643 0.8352
vn 0.6619 0.4515 0.5983
vn 0.8550 0.4318 0.2873
vn 0.8954 0.4383 -0.0781
vn 0.8032 0.2605 -0.5358
vn 0.2711 0.6059 -0.7479
vn 0.0568 0.6278 -0.7763
vn -0.0029 0.5929 -0.8053
vn -0.0542 0.6485 -0.7593
vn -0.1990 0.8624 -0.4655
vn -0.7989 0.2665 -0.5392
vn -0.7727 0.6219 -0.1274
vn -0.8374 0.4626 0.2910
vn -0.6248 0.4117 0.6634
vn -0.5778 0.6479 0.4964
vn 0.7562 0.6430 0.1213
vn -0.4273 0.4811 0.7655
vn -0.4476 0.8942 -0.0016
vn 0.7514 0.5675 0.3366
vn 0.6479 0.4191 0.6361
vn -0.0107 0.4855 0.8742
vn 0.0054 0.9541 -0.2993
vn 0.3500 0.9368 -0.0008
vn -0.5974 0.3986 0.6959
vn -0.7943 0.5308 0.2955
vn -0.7512 0.6398 0.1625
vn 0.5754 0.6578 0.4860
vn 0.4450 0.4714 0.7614
vn 0.7087 0.6655 0.2341
vn -0.0095 0.4864 0.8737
vn -0.0134 0.6990 0.7150
vn -0.0665 0.7364 0.6732
vn 0.6810 0.7168 0.1501
vn 0.1181 0.9773 0.1759
vn -0.6733 0.7086 0.2110
vn -0.6948 0.6913 0.1984
vn -0.5568 0.5569 -0.6163
vn -0.7488 0.6623 0.0255
vn -0.3696 0.3003 -0.8793
vn 0.0002 0.3052 -0.9523
vn 0.3070 0.3823 -0.8716
vn 0.5713 0.5955 -0.5649
vn 0.7421 0.6683 0.0521
vn 0.8541 0.3864 0.3482
vn 0.7358 0.3357 0.5881
vn 0.1198 0.2257 0.9668
vn -0.7549 0.3325 0.5654
vn -0.1146 0.2632 0.9579
vn -0.8475 0.3780 0.3727
vn 0.2954 0.5164 0.8038
vn 0.9253 0.3109 0.2172
vn 0.2837 0.2801 0.9171
vn 0.2854 0.2492 0.9254
vn 0.2966 0.1185 0.9476
vn 0.2913 0.1042 0.9509
vn 0.3176 0.0708 0.9456
vn 0.2854 0.0861 0.9545
vn 0.3022 0.0370 0.9525
vn 0.3075 0.0312 0.9510
vn 0.2912 -0.0234 0.9564
vn 0.2632 -0.0176 0.9646
vn 0.3770 -0.0312 0.9257
vn 0.2590 -0.0556 0.9643
vn 0.1885 -0.8412 0.5068
vn 0.2418 -0.6382 0.7310
vn -0.3101 -0.9499 0.0385
vn -0.5377 -0.5489 -0.6400
vn -0.4710 -0.5414 -0.6965
vn -0.5212 -0.2149 0.8259
vn -0.6122 -0.2604 0.7466
vn -0.9889 0.0017 0.1487
vn -0.4367 -0.7638 0.4753
vn 0.5212 -0.2150 0.8259
vn 0.9899 0.0156 0.1411
vn 0.5740 -0.2952 0.7638
vn 0.4332 -0.7643 0.4776
vn 0.9984 -0.0250 -0.0505
vn 0.9800 -0.1987 0.0088
vn 0.9471 0.0240 -0.3199
vn 0.9364 -0.1752 0.3042
vn 0.9528 0.1148 -0.2810
vn 0.4559 0.2934 -0.8403
vn 0.4596 0.1231 -0.8795
vn -0.4361 0.1188 -0.8920
vn -0.4086 0.3147 -0.8567
vn -0.3943 0.2637 -0.8804
vn 0.4400 0.2226 -0.8700
vn -0.3745 0.1168 -0.9198
vn 0.4487 0.0325 -0.8931
vn 0.9216 0.0856 -0.3786
vn 0.9356 0.0351 -0.3514
vn 0.9585 0.2780 0.0634
vn -0.5025 -0.7987 0.3311
vn -0.6809 -0.0483 0.7308
vn -0.5650 -0.0713 0.8220
vn -0.8922 0.2198 -0.3946
vn -0.9240 0.1186 -0.3636
vn -0.9625 -0.0847 -0.2576
vn -0.9745 -0.0882 -0.2063
vn -0.8998 -0.3449 0.2672
vn -0.9496 -0.3135 0.0078
vn -0.9989 -0.0238 -0.0403
vn -0.9556 0.2748 0.1064
vn 0.0894 0.3902 0.9164
vn 0.0969 0.0822 0.9919
vn 0.6090 0.2625 0.7484
vn -0.4814 0.0527 0.8749
vn -0.4152 0.3666 0.8326
vn -0.7806 0.3212 0.5361
vn -0.1906 0.9744 -0.1190
vn -0.2594 0.8265 -0.4997
vn -0.9185 0.1063 0.3808
vn -0.9544 -0.0836 0.2866
vn -0.8926 -0.3143 0.3232
vn -0.7021 -0.5772 0.4169
vn -0.4045 -0.5636 0.7202
vn -0.5378 -0.3007 0.7876
vn 0.0627 -0.5074 0.8595
vn 0.0580 -0.2148 0.9749
vn 0.4807 -0.4163 0.7718
vn 0.5465 -0.2263 0.8063
vn 0.7952 -0.3295 0.5091
vn 0.9213 -0.1686 0.3504
vn 0.9528 -0.0842 0.2916
vn 0.9521 0.0176 0.3051
vn 0.8699 0.1119 0.4804
vn 0.4959 0.7872 -0.3666
vn 0.3803 0.9124 -0.1511
vn -0.0090 0.9987 -0.0493
vn -0.6267 -0.2867 0.7246
vn -0.2707 -0.4486 0.8518
vn 0.1079 -0.4456 0.8887
vn 0.4725 -0.3715 0.7992
vn 0.7178 -0.2117 0.6633
vn 0.7974 -0.1296 0.5894
vn 0.8023 -0.1599 0.5751
vn 0.6597 -0.0548 0.7495
vn -0.3650 -0.2087 0.9073
vn -0.7183 -0.0634 0.6929
vn -0.7704 -0.1921 0.6079
vn 0.1007 -0.2404 0.9654
vn 0.5866 -0.2048 0.7835
vn -0.8986 0.2747 0.3420
vn -0.0006 -0.5722 -0.8201
vn 0.0004 -0.4886 -0.8725
vn 0.0263 -0.5778 -0.8157
vn 0.0362 -0.4750 -0.8793
vn 0.2780 -0.3364 -0.8998
vn 0.3503 -0.4262 -0.8341
vn 0.4709 -0.0032 -0.8822
vn 0.4533 0.0109 -0.8913
vn 0.2760 0.2563 -0.9264
vn 0.3370 0.4707 -0.8154
vn 0.0712 0.5700 -0.8185
vn 0.0620 0.5622 -0.8247
vn -0.0022 0.5690 -0.8224
vn 0.0036 0.5561 -0.8311
vn 0.0042 0.0656 -0.9978
vn 0.0795 0.0725 -0.9942
vn -0.6091 -0.5970 -0.5222
vn 0.2819 -0.7509 -0.5973
vn -0.5849 -0.6391 0.4994
vn 0.2866 -0.8644 0.4132
vn -0.3355 0.7394 0.5837
vn -0.9312 0.3159 -0.1816
vn -0.0644 0.7610 -0.6455
vn -0.9693 0.1953 0.1493
vn 0.0028 -0.8096 0.5870
vn 0.9694 0.0279 0.2438
vn 0.6264 -0.7703 -0.1198
vn -0.0001 -0.9877 -0.1566
vn -0.6711 -0.7315 -0.1205
vn 0.1549 -0.3583 0.9206
vn 0.2120 0.3485 0.9130
vn 0.6307 -0.3880 0.6721
vn 0.6143 0.0772 0.7853
vn 0.4359 -0.2637 0.8605
vn 0.5450 -0.8340 0.0865
vn 0.9476 -0.2779 0.1578
vn 0.4302 -0.4852 0.7613
vn 0.8516 -0.5228 0.0397
vn 0.3397 -0.8588 0.3834
vn 0.8304 -0.4047 -0.3828
vn 0.3409 -0.7484 -0.5690
vn 0.8237 -0.3000 -0.4812
vn 0.8537 -0.1002 -0.5111
vn 0.8368 0.0272 -0.5469
vn 0.9910 0.0020 -0.1342
vn 0.8136 0.2927 -0.5024
vn 0.4686 -0.6832 0.5601
vn 0.5649 0.8190 0.1009
vn 0.1499 -0.6174 0.7722
vn 0.6525 -0.4088 0.6381
vn 0.7288 -0.6717 0.1330
vn 0.5371 -0.5490 -0.6404
vn 0.4713 -0.5405 -0.6969
vn 0.6211 0.0427 -0.7826
vn 0.3422 0.0156 -0.9395
vn 0.1818 -0.9597 -0.2143
vn 0.4178 -0.8994 0.1287
vn 0.5041 -0.2826 -0.8161
vn 0.3598 -0.2073 -0.9097
vn 0.6145 -0.5505 -0.5652
vn 0.3076 -0.9507 0.0407
vn 0.5564 -0.6974 0.4518
vn 0.5851 0.0751 0.8075
vn 0.8953 0.2005 0.3978
vn 0.5959 -0.0384 0.8022
vn 0.9010 -0.1954 0.3872
vn 0.6543 -0.2234 -0.7225
vn 0.3010 -0.6930 -0.6551
vn 0.5547 0.6991 0.4513
vn 0.6717 0.2465 -0.6986
vn 0.3001 0.7037 -0.6440
vn -0.1523 -0.6229 0.7673
vn -0.4543 -0.6982 0.5533
vn -0.5274 -0.2494 0.8122
vn -0.9654 -0.0292 0.2590
vn -0.4511 -0.4770 0.7543
vn -0.9471 -0.2540 0.1963
vn -0.3433 -0.8546 0.3895
vn -0.8517 -0.5191 0.0721
vn -0.3367 -0.7492 -0.5703
vn -0.8307 -0.4009 -0.3862
vn -0.3573 -0.2053 -0.9112
vn -0.8387 0.0270 -0.5439
vn -0.4225 -0.8974 0.1271
vn -0.1874 -0.9589 -0.2130
vn -0.5997 0.0132 -0.8001
vn -0.3420 0.0159 -0.9396
vn -0.8548 -0.0957 -0.5100
vn -0.7042 -0.4156 0.5756
vn -0.7360 -0.6689 0.1039
vn -0.6312 -0.5481 -0.5489
vn -0.5269 -0.2361 -0.8165
vn 0.5664 -0.0672 0.8214
vn 0.6758 -0.0318 0.7364
vn 0.5066 -0.8096 0.2965
vn -0.4732 -0.0980 -0.8755
vn 0.0134 -0.0524 -0.9985
vn 0.0043 -0.7028 -0.7113
vn -0.3573 -0.6993 -0.6191
vn -0.5504 -0.7170 -0.4277
vn -0.8528 -0.1252 -0.5070
vn -0.3227 -0.8671 -0.3794
vn -0.2003 -0.8821 -0.4264
vn 0.0065 -0.8861 -0.4634
vn 0.1895 -0.8870 -0.4211
vn 0.3546 -0.6980 -0.6222
vn 0.3178 -0.8774 -0.3595
vn 0.5190 -0.7264 -0.4506
vn 0.8427 -0.0964 -0.5297
vn 0.4662 -0.0890 -0.8802
vn -0.0510 0.8244 -0.5637
vn -0.7532 0.2497 -0.6085
vn -0.5648 0.6206 0.5439
vn -0.5673 -0.8214 -0.0584
vn 0.5359 -0.6537 -0.5343
vn -0.1570 -0.5655 0.8097
vn 0.4408 0.8165 -0.3728
vn -0.6426 0.7209 -0.2596
vn 0.0917 0.9484 0.3036
vn 0.1305 -0.9428 -0.3068
vn -0.0034 -0.9303 -0.3667
vn -0.1512 -0.9353 -0.3199
vn 0.4619 -0.4392 0.7706
vn -0.1123 -0.9723 -0.2049
vn 0.6589 -0.5257 0.5380
vn -0.1928 -0.9775 -0.0852
vn 0.6645 -0.6596 0.3511
vn -0.1414 -0.9823 0.1230
vn 0.7687 -0.5369 0.3477
vn 0.6751 -0.7097 0.2014
vn -0.3556 -0.8567 0.3737
vn 0.7074 -0.6851 -0.1739
vn -0.2728 -0.9459 0.1755
vn 0.6212 -0.5718 -0.5359
vn -0.0901 -0.9882 0.1236
vn 0.4001 -0.5158 -0.7576
vn -0.0452 -0.9949 0.0897
vn 0.1693 -0.5232 -0.8352
vn -0.0257 -0.9888 0.1468
vn -0.0063 -0.5524 -0.8336
vn -0.0139 -0.9785 0.2056
vn -0.3333 0.4655 -0.8199
vn -0.0718 0.5603 -0.8251
vn -0.4550 0.0117 -0.8904
vn -0.0863 0.0794 -0.9931
vn -0.3664 -0.4344 -0.8228
vn -0.0276 -0.4847 -0.8742
vn -0.2848 -0.3378 -0.8971
vn -0.4658 -0.0080 -0.8848
vn -0.2709 0.2612 -0.9265
vn -0.0721 0.5714 -0.8175
vn -0.0241 -0.5748 -0.8179
vn -0.6722 -0.7079 0.2166
vn -0.9944 0.0377 -0.0987
vn -0.7090 -0.6827 -0.1769
vn -0.9514 0.1985 0.2356
vn -0.8151 -0.5106 0.2738
vn -0.6701 -0.6626 0.3345
vn 0.2027 -0.9691 0.1406
vn -0.6535 -0.5409 0.5294
vn 0.2162 -0.9698 -0.1125
vn -0.4620 -0.4486 0.7651
vn 0.1064 -0.9737 -0.2015
vn -0.2470 -0.4044 0.8806
vn 0.0671 -0.9755 -0.2097
vn -0.0018 -0.3832 0.9237
vn -0.0000 -0.9806 -0.1960
vn 0.2569 -0.4031 0.8784
vn -0.0661 -0.9752 -0.2112
vn -0.1596 -0.5283 -0.8339
vn 0.0406 -0.9869 0.1561
vn -0.3829 -0.5239 -0.7609
vn 0.0534 -0.9942 0.0935
vn -0.6302 -0.5714 -0.5257
vn 0.1090 -0.9864 0.1230
vn 0.2815 -0.9384 0.2002
vn 0.3519 -0.8583 0.3735
vn -0.0014 0.4131 -0.9107
vn 0.1755 0.3914 -0.9034
vn 0.4122 0.1902 -0.8910
vn 0.7560 0.1195 -0.6436
vn 0.9490 0.0726 -0.3068
vn 0.6249 0.4993 -0.6002
vn 0.8143 0.4925 -0.3073
vn -0.0015 0.3593 -0.9332
vn -0.0006 0.1394 -0.9902
vn 0.2025 0.4008 -0.8935
vn 0.1600 0.5270 -0.8346
vn 0.2736 0.4944 -0.8250
vn 0.3168 0.4437 -0.8383
vn 0.0832 0.6137 -0.7851
vn 0.2434 0.1287 -0.9614
vn 0.2307 0.3091 -0.9227
vn 0.0002 0.3240 -0.9461
vn -0.0022 0.6374 -0.7705
vn 0.5154 0.2428 -0.8219
vn 0.8068 0.1447 -0.5728
vn 0.6477 0.3654 -0.6686
vn 0.5004 0.0959 -0.8605
vn 0.8012 0.5045 -0.3218
vn 0.7387 0.3373 -0.5836
vn 0.4970 0.5058 -0.7051
vn 0.2576 0.6029 -0.7551
vn 0.2688 0.8430 -0.4659
vn -0.0003 0.8862 -0.4632
vn -0.0008 0.9805 -0.1964
vn 0.2916 0.9361 -0.1969
vn 0.2958 0.9552 0.0053
vn 0.5627 0.8058 -0.1845
vn 0.5702 0.8213 -0.0185
vn 0.8208 0.5705 -0.0274
vn 0.8194 0.5668 0.0854
vn 0.7970 0.5778 -0.1760
vn 0.7338 0.5526 -0.3953
vn 0.5109 0.7300 -0.4540
vn 0.9918 0.0414 -0.1208
vn 0.9472 0.2082 0.2439
vn 0.8602 0.5035 -0.0807
vn 0.8606 0.5031 -0.0788
vn 0.8900 0.2685 -0.3686
vn 0.9572 0.2691 -0.1063
vn 0.8305 0.3201 0.4559
vn 0.8526 0.3336 0.4021
vn 0.8198 0.5365 0.2004
vn 0.8963 0.4072 0.1756
vn 0.9608 0.2726 0.0504
vn 0.9873 0.1026 0.1211
vn 0.7306 0.5730 0.3712
vn 0.9173 0.3433 0.2018
vn 0.8272 0.2011 0.5247
vn 0.4947 0.3907 0.7763
vn 0.2587 0.4571 0.8510
vn -0.0009 0.4787 0.8780
vn 0.9192 0.3342 0.2081
vn 0.9317 0.2121 0.2948
vn 0.9535 0.2605 0.1513
vn 0.2787 0.3060 0.9103
vn 0.5085 0.2865 0.8120
vn 0.6364 0.2552 0.7280
vn 0.7530 0.2979 0.5867
vn 0.7740 0.4340 0.4610
vn 0.8132 0.5271 0.2469
vn 0.5723 0.8089 0.1347
vn 0.2883 0.9389 0.1881
vn 0.0021 0.9784 0.2068
vn -0.0003 1.0000 0.0093
vn 0.0007 0.8942 0.4476
vn 0.2871 0.8555 0.4308
vn 0.3066 0.6672 0.6789
vn 0.5643 0.7387 0.3685
vn 0.5352 0.6044 0.5902
vn 0.2819 0.4669 0.8382
vn 0.5205 0.4277 0.7390
vn -0.0015 0.7098 0.7044
vn -0.0001 0.4879 0.8729
vn -0.2721 0.4590 0.8457
vn 0.0024 0.3248 0.9458
vn -0.7662 0.4355 0.4725
vn -0.7621 0.2943 0.5767
vn -0.5617 0.5986 0.5711
vn -0.5316 0.4139 0.7389
vn -0.2914 0.6793 0.6735
vn -0.2904 0.8550 0.4298
vn -0.2891 0.9368 0.1973
vn -0.2490 0.4600 0.8523
vn -0.2774 0.3148 0.9077
vn -0.4954 0.2934 0.8176
vn -0.6669 0.2734 0.6932
vn -0.9288 0.2096 0.3057
vn -0.8114 0.5306 0.2452
vn -0.5748 0.7316 0.3667
vn -0.5873 0.7953 0.1506
vn -0.2837 0.9589 -0.0009
vn -0.9533 0.2620 0.1501
vn -0.9097 0.3546 0.2160
vn -0.8114 0.2545 0.5262
vn -0.4911 0.4045 0.7715
vn -0.9160 0.3348 0.2212
vn -0.5229 0.7258 -0.4469
vn -0.5710 0.7988 -0.1893
vn -0.2628 0.8480 -0.4603
vn -0.2860 0.9374 -0.1985
vn -0.5820 0.8129 -0.0194
vn -0.8260 0.5564 0.0899
vn -0.8290 0.5585 -0.0284
vn -0.8033 0.5716 -0.1671
vn -0.9565 0.2737 -0.1005
vn -0.9587 0.2800 0.0504
vn -0.8909 0.4171 0.1799
vn -0.9854 0.1121 0.1282
vn -0.7306 0.5840 0.3538
vn -0.8535 0.3273 0.4056
vn -0.8232 0.5309 0.2012
vn -0.8313 0.3151 0.4580
vn -0.8601 0.5036 -0.0811
vn -0.8536 0.5147 -0.0801
vn -0.8016 0.5061 -0.3184
vn -0.8947 0.2835 -0.3452
vn -0.7193 0.5512 -0.4229
vn -0.4041 0.2034 -0.8918
vn -0.7620 0.1163 -0.6371
vn -0.9480 0.0662 -0.3113
vn -0.8125 0.5022 -0.2959
vn -0.6098 0.5133 -0.6038
vn -0.2736 0.4944 -0.8250
vn -0.1896 0.4071 -0.8935
vn -0.2505 0.3590 -0.8991
vn -0.1163 0.5360 -0.8362
vn -0.3168 0.4437 -0.8383
vn -0.6465 0.3775 -0.6629
vn -0.7869 0.1517 -0.5981
vn -0.7293 0.3371 -0.5954
vn -0.5253 0.2545 -0.8120
vn -0.2258 0.3163 -0.9214
vn -0.2334 0.1307 -0.9636
vn -0.5102 0.0996 -0.8543
vn -0.0555 0.5600 -0.8266
vn -0.2446 0.6019 -0.7602
vn -0.5201 0.4865 -0.7020
vn -0.6844 0.5646 -0.4612
vn -0.9651 -0.2609 0.0208
vn -0.6942 0.5179 0.4998
vn 0.3929 -0.3079 -0.8665
vn 0.3864 -0.3980 0.8320
vn -0.1290 -0.9866 -0.0997
vn 0.7273 -0.6479 0.2265
vn 0.5480 -0.3608 0.7546
vn -0.0124 -0.3506 0.9364
vn -0.0000 -0.9848 0.1734
vn -0.0000 -1.0000 0.0016
vn 0.7006 -0.7110 -0.0600
vn -0.7037 -0.7103 0.0184
vn -0.5286 -0.3879 0.7551
vn -0.7209 -0.6429 0.2586
vn -0.9128 0.4080 -0.0174
vn -0.8996 0.4367 -0.0026
vn -0.8510 0.5198 -0.0757
vn -0.7302 0.4236 -0.5361
vn -0.8138 0.2782 -0.5103
vn -0.0266 0.7500 0.6609
vn 0.5377 0.6904 0.4840
vn -0.5883 0.6352 0.5004
vn -0.8524 0.5213 0.0404
vn -0.8086 0.5883 0.0080
vn -0.8414 0.5404 -0.0006
vn -0.0817 0.3356 -0.9385
vn 0.0072 0.3515 -0.9362
vn 0.4016 0.8734 0.2755
vn -0.0265 0.8457 0.5329
vn -0.4741 0.8388 0.2678
vn -0.7648 0.6437 0.0267
vn 0.9534 0.2992 0.0396
vn 0.9556 0.2943 0.0152
vn 0.9527 0.3036 0.0092
vn 0.9038 0.4204 -0.0803
vn 0.7868 0.3525 -0.5067
vn 0.7201 0.5335 -0.4435
vn 0.9403 0.3212 -0.1123
vn 0.8322 0.5544 -0.0134
vn 0.6880 0.7256 -0.0114
vn 0.9999 -0.0080 -0.0091
vn 0.8669 -0.4913 -0.0846
vn 0.6208 -0.6878 0.3762
vn 0.8955 -0.1294 0.4258
vn 0.9960 0.0519 0.0730
vn 0.6469 -0.0914 0.7571
vn 0.9896 -0.0768 0.1213
vn 0.6199 -0.1724 0.7655
vn 0.6670 0.0052 0.7450
vn -0.1060 0.1786 0.9782
vn 0.4829 -0.6113 0.6270
vn 0.5713 -0.1787 0.8011
vn -0.0986 -0.0934 0.9907
vn -0.1216 -0.1424 0.9823
vn -0.7277 0.0445 0.6845
vn -0.1991 -0.1334 0.9709
vn -0.7175 -0.3081 0.6247
vn -0.7094 -0.3205 0.6277
vn -0.9114 0.2046 0.3570
vn -0.6466 -0.0779 0.7588
vn -0.6682 0.0171 0.7437
vn -0.1282 -0.0340 0.9912
vn 0.0184 -0.3212 0.9468
vn -0.0201 -0.8533 0.5211
vn 0.0124 -0.9659 0.2586
vn -0.0282 -0.9968 -0.0754
vn -0.7284 -0.6115 0.3091
vn -0.5961 -0.5418 0.5926
vn -0.8939 -0.4483 0.0058
vn -0.0122 -0.5153 0.8569
vn -0.1713 -0.1717 0.9701
vn 0.0143 -0.1718 0.9850
vn 0.0188 -0.0632 0.9978
vn 0.2149 -0.0114 0.9766
vn 0.1264 -0.1355 0.9827
vn -0.0059 -0.2866 0.9580
vn -0.9840 -0.1345 0.1172
vn -0.9974 0.0239 0.0677
vn -0.9161 -0.1456 0.3737
vn -0.5739 -0.1342 0.8078
vn -0.2103 -0.0802 0.9743
vn -0.2555 -0.1207 0.9592
vn -0.4667 -0.3078 0.8291
vn -0.9866 0.0191 0.1623
vn -0.2546 -0.6655 0.7016
vn -0.7969 -0.5663 0.2103
vn -0.8523 -0.4486 0.2688
vn -0.5338 -0.3030 0.7895
vn -0.9938 0.0099 0.1108
vn 0.8370 -0.3625 -0.4099
vn 0.9454 -0.0114 0.3257
vn 0.6338 -0.2230 0.7407
vn 0.1018 -0.2295 0.9680
vn 0.0978 -0.5801 0.8087
vn 0.2184 -0.1158 0.9690
vn -0.9900 -0.0922 0.1064
vn 0.5866 -0.4427 0.6782
vn 0.9694 -0.0102 0.2455
vn 0.9418 -0.0914 -0.3237
vn 0.3620 -0.3406 -0.8677
vn 0.3798 -0.4636 -0.8005
vn -0.2777 -0.6532 -0.7044
vn -0.3321 -0.4391 -0.8348
vn -0.7613 -0.4894 -0.4252
vn -0.9092 -0.0329 -0.4150
vn 0.6763 -0.1678 0.7172
vn 0.8586 -0.4106 0.3069
vn 0.9639 -0.1581 0.2142
vn 0.9109 -0.1569 -0.3817
vn 0.4598 -0.5457 -0.7006
vn 0.8604 -0.4103 -0.3023
vn 0.5361 -0.1413 -0.8322
vn -0.3513 -0.1001 -0.9309
vn -0.8726 -0.2930 -0.3908
vn -0.9278 -0.0259 -0.3722
vn -0.3492 0.3492 -0.8696
vn 0.8948 0.1381 -0.4246
vn 0.9796 0.1114 0.1670
vn 0.6666 0.0076 0.7453
vn -0.8426 0.0234 -0.5380
vn -0.3251 0.0724 -0.9429
vn -0.8751 0.0054 -0.4839
vn -0.3003 0.2563 -0.9187
vn 0.5073 0.2243 -0.8321
vn 0.5496 0.0796 -0.8316
vn 0.9411 0.0645 -0.3320
vn 0.9788 0.0905 0.1838
vn -0.9088 -0.1757 -0.3784
vn -0.0043 -0.4295 -0.9031
vn 0.7418 -0.0350 -0.6697
vn 0.9742 0.0400 -0.2219
vn 0.9723 0.0683 0.2235
vn 0.0090 -0.9806 -0.1959
vn -0.3889 -0.8566 -0.3391
vn 0.0132 -0.8801 -0.4745
vn 0.8312 -0.0178 -0.5557
vn 0.4743 0.0016 -0.8804
vn 0.1289 0.0863 -0.9879
vn -0.0079 0.0662 -0.9978
vn 0.0692 -0.4360 -0.8973
vn -0.0045 -0.4934 -0.8698
vn -0.1091 -0.8468 -0.5206
vn 0.4091 -0.3341 -0.8491
vn 0.4051 -0.9066 0.1182
vn -0.2802 -0.5245 -0.8040
vn 0.9993 0.0367 -0.0041
vn 0.5584 0.5671 -0.6054
vn 0.5239 0.6664 0.5305
vn -0.3461 -0.4033 0.8471
vn 0.0997 -0.8400 0.5333
vn -0.0205 -0.7709 0.6367
vn -0.0958 -0.8284 0.5519
vn -0.2142 -0.9226 0.3209
vn -0.3521 -0.9164 0.1905
vn -0.6017 -0.7985 -0.0185
vn -0.2847 -0.9478 -0.1435
vn -0.1722 -0.9640 -0.2024
vn -0.1293 -0.8340 -0.5363
vn -0.0056 -0.6621 -0.7494
vn 0.0992 -0.7198 -0.6871
vn 0.2279 -0.9278 -0.2954
vn 0.3284 -0.9214 -0.2078
vn 0.6183 -0.7859 -0.0049
vn 0.4512 -0.8781 0.1593
vn 0.2477 -0.9165 0.3142
vn -0.1135 -0.7899 0.6027
vn 0.4503 -0.8114 0.3726
vn 0.1165 -0.8329 0.5410
vn 0.5420 -0.8181 -0.1924
vn 0.7692 -0.6387 -0.0220
vn 0.7147 -0.6389 -0.2848
vn 0.3987 -0.6847 -0.6101
vn 0.0746 -0.7115 -0.6987
vn 0.0136 -0.7048 -0.7093
vn -0.0914 -0.7179 -0.6901
vn -0.4031 -0.6598 -0.6342
vn -0.7148 -0.6319 -0.2996
vn -0.7981 -0.6020 -0.0234
vn -0.5471 -0.8208 -0.1641
vn -0.1136 -0.8408 0.5292
vn -0.4437 -0.8156 0.3714
vn 0.0656 -0.8102 0.5825
vn 0.0011 0.3710 -0.9286
vn -0.3652 0.8630 -0.3490
vn -0.3111 0.9333 0.1794
vn -0.4465 0.7977 0.4054
vn -0.3386 0.7501 0.5681
vn 0.2386 0.4649 0.8526
vn -0.0258 0.4861 0.8735
vn -0.4708 -0.0292 0.8818
vn -0.5262 -0.0343 0.8497
vn -0.0509 0.2661 0.9626
vn 0.0697 -0.0652 0.9954
vn -0.3556 0.1195 0.9270
vn 0.9953 -0.0096 -0.0967
vn 0.9723 0.0997 0.2113
vn 0.9890 -0.0232 0.1459
vn 0.9700 -0.0016 -0.2430
vn 0.9054 0.3885 0.1710
vn 0.9304 0.0304 0.3652
vn 0.5472 0.3383 0.7656
vn 0.6104 -0.2435 0.7538
vn 0.6386 0.3168 0.7013
vn 0.9168 0.0122 0.3992
vn 0.1740 -0.0117 0.9847
vn 0.9250 0.0148 0.3798
vn 0.1646 0.0060 0.9863
vn 0.8256 -0.0318 0.5634
vn 0.8128 -0.0832 0.5766
vn 0.7645 -0.3697 0.5280
vn -0.3799 -0.1278 0.9162
vn -0.3544 -0.0604 0.9332
vn -0.2623 -0.3760 0.8887
vn -0.2654 0.3450 0.9003
vn 0.7044 0.3686 0.6066
vn 0.3691 0.8383 0.4013
vn 0.6768 0.5681 0.4682
vn -0.1183 0.6861 0.7178
vn -0.7814 0.4460 0.4365
vn -0.0083 0.9065 0.4221
vn 0.0106 0.9891 0.1469
vn 0.3294 0.9345 0.1347
vn 0.5176 0.7488 0.4139
vn -0.0336 0.8638 0.5027
vn -0.4217 0.8929 0.1578
vn -0.4927 0.8309 0.2586
vn -0.9974 0.0655 0.0291
vn -0.8540 0.0831 -0.5136
vn -0.8464 0.1354 -0.5150
vn -0.9727 0.2279 -0.0429
vn -0.9332 0.3543 0.0593
vn -0.8707 0.4867 0.0710
vn -0.8590 0.4961 0.1261
vn -0.0640 0.1626 -0.9846
vn -0.5376 0.7361 0.4113
vn -0.0557 0.1712 -0.9837
vn 0.9136 0.3876 0.1230
vn 0.8300 0.5469 0.1094
vn 0.9882 0.1524 0.0144
vn 0.9842 0.1666 0.0593
vn 0.9965 0.0589 0.0585
vn 0.8122 0.1357 -0.5674
vn 0.8116 0.1386 -0.5675
vn -0.1688 -0.6345 0.7543
vn -0.0573 -0.7487 0.6605
vn 0.2376 -0.2540 -0.9376
vn 0.5486 -0.5138 -0.6596
vn -0.2940 -0.8515 -0.4343
vn 0.2958 -0.0179 0.9551
vn 0.3047 0.4413 0.8441
vn 0.3094 -0.0674 0.9485
vn 0.9975 -0.0310 -0.0640
vn 0.9970 -0.0178 -0.0756
vn 0.9147 0.4019 -0.0438
vn 0.2720 -0.5995 0.7527
vn 0.7819 -0.6232 -0.0171
vn 0.9675 0.0185 -0.2520
vn -0.1627 -0.0073 0.9866
vn -0.9197 0.0158 0.3924
vn -0.1582 0.0078 0.9874
vn -0.9281 0.0084 0.3723
vn -0.6596 0.3130 0.6834
vn -0.5487 0.3542 0.7572
vn -0.6568 -0.1682 0.7350
vn -0.8965 0.4007 0.1890
vn -0.9152 0.0830 0.3944
vn -0.0510 0.5006 0.8642
vn 0.2929 0.1027 0.9506
vn -0.1249 -0.0371 0.9915
vn -0.0336 0.2468 0.9685
vn 0.4459 -0.0381 0.8943
vn 0.4143 -0.0371 0.9094
vn -0.1673 0.9178 -0.3601
vn -0.1174 0.7805 -0.6140
vn -0.9023 -0.0340 -0.4298
vn -0.7563 -0.3761 0.5353
vn 0.1906 -0.4133 0.8904
vn -0.8079 -0.0820 0.5836
vn 0.3519 -0.0735 0.9332
vn 0.3677 -0.1038 0.9241
vn -0.8201 -0.0424 0.5706
vn 0.2662 0.3384 0.9025
vn -0.7030 0.3640 0.6110
vn -0.1447 0.7409 0.6559
vn -0.1281 0.7891 -0.6008
vn -0.7774 0.5155 -0.3605
vn -0.9717 0.0135 -0.2360
vn -0.7841 -0.6202 -0.0234
vn -0.9754 0.0006 -0.2206
vn -0.9971 -0.0378 -0.0654
vn -0.2835 -0.6101 0.7399
vn -0.9095 0.4097 -0.0698
vn -0.2986 0.4574 0.8376
vn -0.2963 -0.0188 0.9549
vn -0.9961 -0.0125 -0.0870
vn -0.3231 -0.0685 0.9439
vn 0.7425 -0.4537 -0.4928
vn 0.8337 -0.0620 -0.5487
vn 0.9962 -0.0151 0.0858
vn 0.8723 0.0880 -0.4809
vn 0.0174 -0.3826 -0.9238
vn 0.0608 -0.9236 -0.3786
vn 0.0177 -0.8447 -0.5349
vn -0.1137 -0.4810 -0.8693
vn -0.3605 -0.3737 -0.8546
vn 0.8637 -0.4417 0.2429
vn 0.8350 -0.3841 -0.3940
vn 0.9246 -0.3058 0.2272
vn 0.9072 -0.2020 -0.3692
vn 0.9275 -0.0002 -0.3738
vn 0.3040 0.2258 -0.9255
vn 0.2339 0.0866 -0.9684
vn -0.7201 -0.0630 -0.6910
vn -0.4564 0.0438 -0.8887
vn -0.1175 0.0852 -0.9894
vn -0.4082 0.0927 0.9082
vn -0.8251 0.0431 -0.5633
vn -0.9781 0.0323 -0.2054
vn -0.9726 0.0431 0.2286
vn -0.6721 0.0272 0.7399
vn -0.1674 -0.0232 0.9856
vn -0.9599 0.0698 0.2717
vn -0.6633 0.0296 0.7477
vn -0.9695 0.0948 0.2261
vn -0.9260 0.1207 -0.3578
vn -0.9528 0.0730 0.2946
vn -0.9520 0.1411 -0.2717
vn -0.4264 0.1160 -0.8971
vn -0.4747 0.2127 -0.8541
vn -0.9316 0.1335 -0.3382
vn -0.9343 0.2208 -0.2799
vn -0.9055 -0.2115 0.3679
vn -0.9430 -0.2461 -0.2239
vn -0.9477 -0.0156 0.3188
vn -0.8999 -0.2638 0.3474
vn -0.9301 -0.2622 -0.2572
vn -0.8646 -0.4672 -0.1849
vn -0.5305 -0.2106 -0.8211
vn -0.5119 0.2965 -0.8062
vn 0.3354 0.3689 -0.8669
vn 0.2833 -0.1161 -0.9520
vn 0.2730 -0.6582 -0.7017
vn -0.3450 -0.5968 -0.7244
vn -0.9801 0.1277 0.1519
vn -0.8833 -0.2970 -0.3627
vn -0.4169 -0.3767 -0.8272
vn 0.3115 -0.3855 -0.8686
vn 0.9206 -0.0293 -0.3895
vn 0.8967 0.2013 -0.3942
vn 0.9619 0.1049 0.2523
vn 0.5062 -0.3233 0.7995
vn -0.1417 -0.5992 0.7880
vn -0.7646 0.0236 0.6440
vn -0.9379 0.0385 -0.3449
vn -0.4683 0.0171 -0.8834
vn 0.3686 0.1020 -0.9240
vn 0.5830 -0.2503 0.7729
vn -0.1046 -0.2404 0.9650
vn 0.3169 -0.6592 0.6819
vn 0.0417 -0.6901 0.7225
vn -0.8837 -0.4640 0.0615
vn -0.0119 -0.5883 -0.8086
vn -0.4771 -0.3699 0.7972
vn -0.1221 -0.4341 0.8925
vn -0.1075 -0.2744 0.9556
vn 0.3807 -0.2288 0.8960
vn 0.2783 -0.4270 0.8603
vn 0.6185 -0.2891 0.7307
vn 0.7649 -0.1369 0.6294
vn 0.7312 -0.0632 0.6792
vn 0.9591 -0.0741 0.2733
vn 0.9027 -0.2972 0.3111
vn 0.7304 -0.5195 0.4435
vn 0.3904 -0.5402 0.7455
vn -0.0995 -0.5117 0.8534
vn -0.6219 -0.0861 0.7784
vn -0.0796 -0.0953 0.9923
vn 0.5678 -0.3446 0.7476
vn 0.8938 -0.3677 0.2568
vn 0.9537 -0.2992 0.0319
vn 1.0000 -0.0024 -0.0048
vn 0.9160 0.1004 0.3884
vn 0.5244 0.0479 0.8501
vn -0.1341 0.0791 0.9878
vn -0.5950 -0.2154 0.7743
vn -0.7230 -0.2098 0.6582
vn 0.7784 0.3309 0.5335
vn 0.4685 0.3870 0.7942
vn -0.8025 -0.1304 0.5823
vn -0.5035 -0.4349 0.7466
vn -0.7949 -0.3671 0.4832
vn -0.9252 -0.1814 0.3332
vn -0.9538 -0.0912 0.2863
vn -0.9513 -0.0011 0.3082
vn -0.8100 -0.1451 0.5682
vn -0.6829 -0.0431 0.7293
vn -0.1074 0.3648 0.9249
vn -0.6246 0.2297 0.7464
vn -0.8645 0.0907 0.4944
vn -0.9977 -0.0355 -0.0572
vn -0.9840 -0.1738 0.0394
vn -0.9184 -0.1777 0.3534
vn 0.9542 -0.0680 -0.2913
vn 0.9439 -0.0829 -0.3198
vn 0.9065 0.1274 -0.4026
vn 0.4152 0.2457 -0.8759
vn 0.4432 0.3079 -0.8419
vn 0.4757 0.1017 -0.8737
vn 0.9771 0.0524 0.2062
vn -0.9562 -0.1863 0.2258
vn -0.8233 -0.1385 -0.5505
vn -0.9505 -0.2722 0.1499
vn -0.8442 -0.2564 -0.4707
vn -0.4947 0.0623 -0.8668
vn 0.3806 0.1302 -0.9156
vn 0.9222 0.1370 -0.3616
vn 0.9271 0.1815 -0.3278
vn 0.9628 0.1951 0.1870
vn 0.9367 0.0142 -0.3498
vn 0.9795 -0.0816 0.1842
vn 0.9271 -0.0928 -0.3631
vn 0.9636 -0.1707 0.2060
vn -0.9880 -0.0086 0.1539
vn -0.6446 -0.3199 0.6944
vn -0.7229 -0.0376 0.6899
vn -0.9870 0.0551 0.1508
vn -0.8730 -0.0079 -0.4877
vn -0.3717 0.0802 -0.9249
vn 0.5075 0.1612 -0.8464
vn -0.8822 0.0645 -0.4664
vn -0.3628 0.0390 -0.9310
vn 0.4727 -0.0085 -0.8812
vn -0.4787 0.1024 -0.8720
vn -0.9427 0.1089 -0.3153
vn -0.0094 -0.0434 0.9990
vn -0.7030 -0.0879 0.7057
vn 0.6197 -0.1178 0.7759
vn -0.0457 -0.0956 0.9944
vn -0.7137 -0.0079 0.7004
vn -0.1411 0.0569 0.9884
vn 0.6123 0.0501 0.7890
vn 0.6716 0.1451 0.7266
vn 0.6634 0.0166 0.7481
vn -0.4755 0.7476 0.4636
vn -0.6231 0.5024 0.5994
vn 0.9767 -0.2052 0.0621
vn 0.9673 -0.0599 -0.2464
vn 0.6112 -0.1103 -0.7837
vn 0.0073 -0.1113 -0.9938
vn -0.9366 0.0776 -0.3417
vn -0.4534 0.3146 -0.8339
vn -0.9149 0.0818 -0.3953
vn -0.4707 0.2140 -0.8559
vn -0.6087 -0.1307 -0.7826
vn -0.9699 -0.0407 -0.2401
vn -0.9782 -0.1992 0.0596
vn 0.0001 0.3590 -0.9334
vn 0.0596 0.3677 -0.9280
vn 0.1563 0.0823 -0.9843
vn 0.2567 0.0986 -0.9614
vn 0.3168 -0.0014 -0.9485
vn 0.8242 -0.2459 -0.5102
vn 0.0072 -0.2256 -0.9742
vn 0.1107 -0.2191 -0.9694
vn 0.0172 -0.1358 -0.9906
vn 0.0823 -0.1497 -0.9853
vn 0.5686 -0.1771 -0.8033
vn 0.5836 -0.2161 -0.7827
vn 0.9972 -0.0417 0.0618
vn 0.9349 -0.1348 -0.3283
vn 0.9642 -0.1135 -0.2397
vn 0.6092 -0.1657 -0.7755
vn 0.9974 0.0050 0.0714
vn 0.9957 0.0847 0.0380
vn 0.8123 0.3790 0.4433
vn 0.7843 -0.0846 0.6145
vn 0.3909 -0.9186 -0.0579
vn 0.6347 -0.3656 0.6808
vn 0.7701 -0.6223 0.1401
vn 0.7899 -0.1030 -0.6045
vn 0.9428 -0.0392 -0.3310
vn 0.9867 0.1599 0.0291
vn 0.9681 0.1391 0.2083
vn 0.9677 -0.0202 0.2513
vn 0.9991 -0.0303 0.0311
vn 0.9486 -0.0707 0.3083
vn 0.8623 0.1827 0.4723
vn 0.8557 0.0306 0.5165
vn 0.3416 0.7634 0.5483
vn 0.8206 0.5667 0.0739
vn 0.8943 0.4468 0.0247
vn 0.9808 0.1924 -0.0320
vn 0.9448 -0.1058 -0.3101
vn 0.3668 0.0149 0.9302
vn 0.7285 -0.1288 0.6728
vn 0.8960 0.0209 0.4436
vn 0.9542 -0.2980 -0.0261
vn 0.9852 -0.1711 0.0141
vn 0.9459 0.0743 -0.3158
vn 0.9997 -0.0241 0.0042
vn 0.9925 0.0583 0.1070
vn 0.8915 -0.1861 0.4130
vn 0.8581 0.1632 0.4868
vn 0.7736 -0.1684 0.6108
vn 0.9375 -0.3435 -0.0558
vn 0.6823 -0.7277 -0.0708
vn 0.9652 -0.2552 0.0564
vn 0.6594 0.2093 0.7221
vn 0.4569 0.7060 0.5411
vn 0.6545 0.4517 0.6063
vn 0.8245 0.5434 0.1580
vn 0.7639 0.6220 0.1717
vn 0.7980 0.5523 -0.2414
vn 0.6482 0.7117 -0.2707
vn 0.3012 0.3780 -0.8754
vn 0.2039 0.3911 -0.8975
vn -0.3159 0.5178 -0.7950
vn -0.2202 0.9203 -0.3235
vn -0.2540 0.9567 0.1423
vn -0.4680 0.8023 0.3705
vn -0.4014 0.6654 0.6294
vn -0.2047 0.2517 0.9459
vn 0.3387 -0.0594 0.9390
vn 0.5827 -0.1154 0.8045
vn 0.2920 0.5679 0.7695
vn 0.6668 0.3427 0.6618
vn 0.2009 0.8460 0.4938
vn 0.1520 0.9700 0.1897
vn 0.1835 0.9321 -0.3123
vn 0.6090 0.3148 0.7280
vn 0.8186 0.5351 0.2087
vn 0.7620 0.5221 -0.3831
vn 0.4846 0.4053 -0.7752
vn 0.6588 -0.7399 -0.1361
vn 0.6851 -0.7060 0.1797
vn -0.0857 0.1076 0.9905
vn 0.0026 -0.2834 0.9590
vn 0.5898 0.0479 0.8061
vn -0.1267 0.5337 0.8361
vn 0.4589 0.5801 0.6729
vn 0.8225 0.4694 0.3211
vn 0.9550 0.0027 0.2966
vn 0.9001 -0.3345 0.2792
vn 0.5584 -0.3342 0.7593
vn 0.0230 -0.8414 0.5399
vn -0.5718 -0.8116 -0.1201
vn -0.6074 -0.7892 0.0909
vn -0.1684 -0.5739 0.8015
vn -0.7070 -0.7068 -0.0247
vn -0.5501 -0.4446 0.7069
vn -0.7595 -0.6500 -0.0271
vn -0.5968 -0.4602 0.6574
vn -0.7046 -0.7095 -0.0058
vn -0.4765 -0.5302 0.7013
vn -0.8123 -0.5830 0.0175
vn -0.5375 -0.4821 0.6919
vn -0.8918 -0.4522 -0.0124
vn -0.5412 -0.4539 0.7078
vn -0.7652 -0.6433 0.0246
vn -0.4450 -0.5252 0.7254
vn -0.6544 -0.7505 0.0919
vn -0.4555 -0.5066 0.7321
vn -0.4629 -0.8819 0.0890
vn -0.1804 -0.6849 0.7059
vn 0.3341 -0.4650 0.8198
vn -0.0937 -0.0656 0.9934
vn -0.0952 -0.0220 0.9952
vn -0.0305 0.0013 0.9995
vn 0.0328 0.0150 0.9993
vn 0.0768 -0.0351 0.9964
vn 0.2473 0.0068 0.9689
vn 0.4902 -0.0846 0.8675
vn 0.7845 0.6199 0.0152
vn 0.5743 0.4881 0.6572
vn 0.6415 0.4308 0.6347
vn 0.5277 0.1788 0.8304
vn 0.7752 0.6312 0.0236
vn 0.6026 0.4205 0.6783
vn 0.4806 0.4541 -0.7502
vn 0.1448 0.0963 -0.9848
vn 0.0300 -0.1105 -0.9934
vn -0.1576 -0.6591 -0.7354
vn -0.3720 -0.5483 -0.7490
vn -0.4976 -0.4720 -0.7278
vn -0.5804 -0.5018 -0.6414
vn -0.6085 -0.4684 -0.6406
vn -0.5782 -0.4826 -0.6578
vn -0.5415 -0.4119 -0.7328
vn 0.5245 0.4593 -0.7170
vn 0.0061 -0.0894 -0.9960
vn -0.0512 -0.0293 -0.9983
vn -0.0479 -0.0554 -0.9973
vn -0.0315 0.0663 -0.9973
vn 0.0874 -0.0833 -0.9927
vn 0.1258 -0.1155 -0.9853
vn 0.0091 0.0338 -0.9994
vn 0.4450 0.4438 -0.7778
vn 0.4570 0.3672 -0.8101
vn 0.8019 0.5962 0.0386
vn 0.9217 0.3793 0.0815
vn 0.7027 0.0482 0.7098
vn 0.5343 0.2245 0.8149
vn 0.4695 0.4732 -0.7454
vn 0.6185 0.7842 -0.0502
vn 0.7362 0.6747 -0.0532
vn 0.7750 0.6299 0.0517
vn 0.5566 0.3480 -0.7544
vn 0.5421 0.3929 -0.7428
vn 0.7687 0.6363 -0.0643
vn 0.5591 0.4260 -0.7113
vn 0.7012 0.7107 -0.0557
vn 0.5182 0.4762 -0.7104
vn 0.5260 0.3765 0.7626
vn 0.3952 0.5060 0.7667
vn 0.4528 0.4844 0.7486
vn 0.4739 0.4736 0.7424
vn 0.4749 0.4368 0.7640
vn 0.7921 0.6090 0.0414
vn 0.3784 -0.3107 0.8720
vn -0.0119 -0.1428 0.9897
vn -0.0254 -0.1221 0.9922
vn -0.4535 -0.4151 -0.7887
vn 0.0136 0.0022 -0.9999
vn 0.7082 0.1366 -0.6927
vn 0.9860 0.1374 0.0946
vn 0.6876 0.0571 0.7239
vn 0.4509 -0.3177 0.8341
vn -0.1413 -0.7658 0.6274
vn -0.4313 -0.8995 0.0700
vn -0.9984 0.0564 0.0010
vn -0.8233 0.1893 0.5351
vn -0.5073 0.5661 0.6497
vn -0.1706 0.8309 0.5296
vn 0.1538 0.9864 0.0577
vn 0.7947 0.0245 -0.6066
vn 0.2789 -0.2748 -0.9202
vn -0.4550 -0.5079 -0.7315
vn 0.0233 0.7744 -0.6323
vn 0.3877 -0.3438 -0.8553
vn -0.2352 -0.7262 -0.6460
vn -0.2892 0.3514 -0.8904
vn 0.0079 -0.7832 -0.6217
vn -0.8813 -0.0118 -0.4725
vn 0.5993 -0.5029 -0.6228
vn 0.7610 -0.6462 0.0576
vn 0.7512 -0.6561 0.0722
vn 0.5062 -0.5066 -0.6979
vn 0.6874 -0.7203 0.0929
vn 0.4891 -0.5566 -0.6716
vn 0.7160 -0.6944 0.0718
vn 0.4635 -0.5039 -0.7289
vn 0.4957 -0.8657 0.0693
vn 0.2949 -0.7240 -0.6235
vn 0.4199 -0.9024 0.0965
vn -0.0349 -0.8123 -0.5822
vn 0.9949 0.0649 0.0766
vn 0.8628 0.0329 -0.5044
vn -0.4193 -0.3616 -0.8327
vn 0.3302 0.3649 -0.8705
vn -0.7690 -0.0000 -0.6392
vn 0.0022 0.7764 -0.6303
vn -0.9848 0.1305 0.1150
vn -0.1398 0.9878 0.0686
vn 0.1567 0.8384 0.5220
vn -0.7254 0.0601 0.6857
vn -0.6890 0.0520 0.7229
vn -0.9286 0.3668 0.0558
vn -0.5258 0.2290 0.8192
vn -0.7300 0.6828 -0.0291
vn 0.8571 0.1566 0.4908
vn 0.1165 -0.7494 0.6518
vn 0.4645 0.5902 0.6603
vn -0.3990 -0.3443 0.8499
vn -0.3343 -0.3140 0.8886
vn -0.0308 -0.2642 0.9640
vn 0.1707 -0.6413 0.7480
vn 0.4493 -0.5225 0.7247
vn 0.4215 -0.6420 0.6404
vn -0.7733 -0.6330 -0.0359
vn -0.6904 0.7223 0.0392
vn -0.9089 0.3753 -0.1819
vn 0.5512 -0.5221 0.6508
vn 0.5305 -0.5016 0.6833
vn 0.7489 -0.6626 0.0078
vn 0.5298 -0.5098 0.6778
vn 0.8039 -0.5944 -0.0215
vn 0.5733 -0.4564 0.6805
vn 0.7057 -0.7082 -0.0208
vn 0.4907 -0.5132 0.7042
vn 0.4959 -0.8665 -0.0567
vn 0.2030 -0.7280 0.6549
vn -0.3899 -0.6104 0.6895
vn -0.9913 -0.0436 0.1243
vn -0.9970 -0.0699 -0.0326
vn 0.0238 -0.2255 0.9740
vn 0.1200 -0.0175 0.9926
vn 0.0768 -0.0167 0.9969
vn 0.0260 0.0052 0.9996
vn 0.0080 0.0362 0.9993
vn -0.0633 -0.0817 0.9946
vn -0.2763 -0.0905 0.9568
vn -0.4462 0.0779 0.8915
vn -0.9909 -0.1132 -0.0722
vn -0.9326 -0.3523 -0.0782
vn -0.4973 0.3645 0.7873
vn -0.4450 0.5002 0.7428
vn -0.4587 0.4909 0.7407
vn -0.4785 0.4982 0.7231
vn -0.5083 0.4322 0.7449
vn -0.5832 0.3514 0.7323
vn -0.6377 0.4155 0.6486
vn -0.5362 0.5104 0.6723
vn -0.7539 -0.6561 -0.0338
vn -0.7343 0.6788 0.0113
vn -0.6872 0.7261 -0.0215
vn -0.7026 0.7103 -0.0441
vn -0.7347 0.6781 -0.0201
vn -0.7916 0.6110 -0.0028
vn -0.8031 0.5953 -0.0258
vn -0.7698 0.6377 0.0277
vn -0.7535 0.6444 0.1302
vn -0.5781 0.4289 -0.6942
vn -0.7007 0.5874 -0.4050
vn -0.5321 0.3218 -0.7831
vn -0.5086 0.3844 -0.7704
vn -0.3591 0.4483 -0.8186
vn -0.5038 0.4394 -0.7437
vn -0.5180 0.4961 -0.6968
vn -0.5345 0.4354 -0.7244
vn -0.5527 0.3910 -0.7360
vn 0.0482 -0.0789 -0.9957
vn -0.0076 -0.0614 -0.9981
vn 0.5042 -0.5429 -0.6716
vn 0.2873 -0.5642 -0.7740
vn -0.6927 0.1301 -0.7094
vn 0.6257 -0.4326 -0.6492
vn 0.1062 0.0068 -0.9943
vn 0.1120 0.0514 -0.9924
vn -0.1056 -0.0605 -0.9926
vn -0.0949 -0.1189 -0.9884
vn 0.1036 -0.0948 -0.9901
vn 0.0772 -0.0884 -0.9931
vn -0.2852 -0.2594 -0.9227
vn 0.6333 -0.4627 -0.6204
vn -0.7830 -0.6148 0.0945
vn -0.3965 0.3029 -0.8666
vn -0.0881 -0.0814 -0.9928
vn -0.0897 -0.5908 -0.8018
vn -0.8529 -0.3054 0.4234
vn -0.9883 -0.1215 0.0921
vn -0.8999 0.2445 0.3611
vn -0.4187 -0.6697 -0.6133
vn -0.0860 -0.8258 -0.5573
vn -0.8002 -0.5808 0.1496
vn 0.5547 -0.6079 -0.5682
vn 0.5422 -0.7792 0.3146
vn -0.1756 -0.6555 0.7345
vn 0.6641 0.2562 -0.7024
vn 0.2452 0.0503 -0.9682
vn 0.6859 0.3779 -0.6218
vn 0.8135 0.2382 -0.5306
vn 0.8656 0.0972 -0.4912
vn 0.9051 0.0537 -0.4218
vn 0.8793 -0.1039 -0.4647
vn 0.8960 -0.0402 -0.4422
vn 0.8571 -0.2374 -0.4573
vn 0.8533 -0.1839 -0.4879
vn 0.5563 -0.5353 -0.6356
vn 0.7012 -0.3354 -0.6292
vn -0.2365 -0.3099 -0.9209
vn 0.3400 -0.6930 -0.6357
vn 0.7677 -0.3506 -0.5364
vn 0.8576 -0.2952 -0.4212
vn 0.7958 -0.2676 0.5431
vn 0.3513 -0.9208 -0.1694
vn -0.9130 -0.3194 -0.2539
vn 0.8205 -0.4315 -0.3749
vn 0.0727 -0.7922 -0.6059
vn -0.6888 -0.5298 -0.4948
vn -0.8774 -0.4705 0.0938
vn -0.0462 -0.0620 0.9970
vn -0.7230 0.1156 0.6811
vn -0.8722 0.1056 0.4776
vn -0.9047 0.1408 0.4022
vn -0.7753 -0.6206 -0.1176
vn 0.8954 -0.2095 -0.3930
vn 0.3252 -0.3752 -0.8680
vn -0.4616 -0.2348 -0.8554
vn -0.9833 0.0132 -0.1815
vn -0.9214 0.2061 0.3295
vn -0.8343 0.2470 0.4929
vn -0.9035 0.1620 0.3969
vn -0.7696 0.0795 0.6335
vn 0.0145 -0.0556 0.9983
vn -0.8181 -0.0807 0.5694
vn -0.0628 -0.1226 0.9905
vn -0.7206 -0.3206 -0.6147
vn 0.3380 -0.0031 -0.9411
vn -0.3448 -0.1947 -0.9183
vn 0.3979 -0.1252 -0.9089
vn 0.7897 0.1569 -0.5930
vn 0.8762 -0.0529 -0.4790
vn 0.3395 -0.2443 -0.9083
vn -0.9488 -0.1149 -0.2941
vn -0.9736 -0.0048 0.2282
vn -0.9193 0.0425 0.3912
vn -0.9385 -0.0038 0.3454
vn 0.7505 -0.6550 0.0880
vn -0.7050 -0.6488 0.2864
vn -0.8593 -0.4746 0.1908
vn -0.9039 -0.3880 0.1799
vn -0.7972 -0.5926 -0.1148
vn -0.7311 -0.6664 0.1462
vn -0.6708 -0.7380 0.0732
vn -0.7426 -0.6689 -0.0333
vn -0.5864 -0.4682 -0.6610
vn -0.0196 -0.0713 -0.9973
vn -0.8783 -0.1286 -0.4605
vn -0.8232 -0.1951 0.5331
vn 0.1527 -0.1170 -0.9813
vn -0.0153 0.0122 -0.9998
vn -0.8671 0.0407 -0.4965
vn -0.8565 -0.1400 -0.4968
vn -0.7409 -0.3301 0.5848
vn -0.5890 -0.4589 0.6652
vn -0.8086 -0.1044 0.5790
vn -0.8448 -0.0070 0.5351
vn 0.0897 -0.0793 0.9928
vn 0.1030 -0.3415 0.9342
vn 0.0819 -0.7602 0.6445
vn -0.0691 -0.2571 0.9639
vn -0.0641 -0.0937 0.9935
vn 0.0155 -0.0499 0.9986
vn 0.0026 -0.0336 0.9994
vn 0.0724 0.0023 0.9974
vn -0.3566 -0.4989 0.7899
vn -0.2953 -0.9552 0.0205
vn 0.4984 -0.8349 -0.2334
vn -0.5872 -0.7758 -0.2308
vn -0.6199 -0.7444 -0.2481
vn -0.2881 -0.9565 -0.0454
vn 0.0030 -0.9190 -0.3943
vn -0.1121 -0.8227 -0.5573
vn 0.0911 -0.5944 -0.7990
vn -0.6215 -0.6785 -0.3916
vn -0.4499 -0.8906 -0.0672
vn -0.5870 -0.7864 0.1927
vn -0.6144 -0.7873 0.0517
vn -0.6606 -0.7312 -0.1704
vn -0.4919 -0.4580 -0.7404
vn 0.2686 0.0845 -0.9595
vn 0.8130 0.4825 -0.3259
vn 0.8148 0.4776 -0.3285
vn 0.6272 0.3991 -0.6689
vn 0.1738 0.1837 -0.9675
vn -0.4740 -0.3093 -0.8244
vn 0.9855 0.0407 -0.1647
vn 0.8977 -0.0354 -0.4391
vn 0.8485 -0.1122 -0.5171
vn 0.8592 -0.0472 -0.5094
vn 0.8519 -0.0688 0.5192
vn 0.8740 0.0122 0.4858
vn 0.7936 0.1897 0.5781
vn 0.7355 0.2883 0.6132
vn 0.8122 -0.1798 0.5550
vn 0.8167 -0.3150 0.4835
vn 0.8244 -0.2146 -0.5237
vn 0.8477 -0.0986 -0.5212
vn 0.8417 -0.1120 0.5283
vn -0.0573 -0.4926 -0.8683
vn 0.6035 -0.2675 -0.7511
vn -0.0950 -0.1352 -0.9862
vn 0.6614 -0.0026 -0.7500
vn 0.1260 -0.1897 -0.9737
vn 0.6765 -0.0532 -0.7345
vn 0.4356 -0.4414 -0.7845
vn -0.1360 -0.7268 -0.6733
vn 0.9983 -0.0577 -0.0004
vn 0.9819 0.1726 -0.0777
vn 0.9818 0.1557 -0.1085
vn 0.9544 -0.1106 -0.2772
vn 0.3822 -0.8730 -0.3029
vn 0.8069 -0.5904 0.0149
vn 0.7921 0.1537 0.5908
vn 0.3376 -0.0768 0.9382
vn 0.7068 -0.1299 0.6954
vn 0.6426 0.2315 0.7304
vn 0.7968 0.1945 0.5721
vn 0.8000 0.2553 0.5430
vn 0.8034 0.2583 0.5365
vn 0.4521 -0.4218 0.7859
vn 0.2120 0.1708 0.9622
vn 0.2939 0.1500 0.9440
vn 0.3327 0.2117 0.9189
vn 0.2755 0.2293 0.9335
vn 0.2398 0.2490 0.9384
vn 0.1761 0.3700 0.9122
vn 0.4368 0.3516 0.8280
vn 0.5257 0.3640 0.7688
vn 0.6155 0.3365 0.7127
vn 0.1687 -0.1793 0.9692
vn -0.4424 0.4360 0.7837
vn 0.0311 0.4830 0.8751
vn -0.4801 0.2596 0.8379
vn -0.5015 0.0546 0.8635
vn -0.4527 0.0888 0.8872
vn -0.4125 -0.0150 0.9108
vn -0.3615 -0.0394 0.9315
vn -0.4070 0.0145 0.9133
vn -0.1642 -0.6536 0.7388
vn -0.6387 -0.6868 0.3470
vn -0.2358 -0.8807 -0.4109
vn -0.8795 0.0509 0.4732
vn -0.9129 -0.0998 0.3958
vn -0.8932 -0.2391 0.3808
vn -0.9178 -0.2327 0.3216
vn -0.9194 -0.2612 0.2940
vn -0.9026 -0.2110 0.3751
vn -0.9086 -0.2381 0.3431
vn -0.5497 -0.5274 -0.6478
vn -0.6489 -0.3086 -0.6955
vn -0.7819 -0.3061 -0.5430
vn -0.6659 -0.6033 -0.4389
vn -0.7846 -0.5662 -0.2525
vn -0.8893 -0.4567 -0.0251
vn -0.9455 -0.3106 0.0973
vn -0.1846 -0.7471 0.6386
vn -0.3372 -0.9412 0.0201
vn -0.3000 -0.6343 0.7125
vn 0.2647 -0.3781 0.8871
vn -0.4389 0.5105 0.7394
vn -0.7947 0.0857 0.6009
vn -0.9992 -0.0399 -0.0097
vn 0.0359 0.7717 0.6350
vn 0.6717 -0.1540 0.7246
vn -0.7663 -0.0190 -0.6422
vn -0.2889 0.4081 -0.8660
vn 0.2081 0.7473 -0.6310
vn 0.3598 0.9303 0.0712
vn 0.9827 -0.0249 0.1834
vn 0.7627 -0.2369 0.6018
vn 0.8763 -0.0279 -0.4809
vn 0.3292 -0.3422 -0.8801
vn 0.9446 -0.2327 0.2313
vn 0.9851 -0.1635 0.0527
vn 0.9537 -0.1965 -0.2278
vn 0.7501 -0.1595 -0.6418
vn 0.4740 -0.2090 -0.8553
vn 0.7408 0.5389 0.4009
vn 0.8544 0.5193 -0.0178
vn 0.8625 -0.0885 0.4983
vn 0.8783 0.0074 0.4781
vn 0.9999 0.0127 0.0060
vn 0.9358 0.3444 0.0756
vn 0.8348 0.5359 0.1263
vn 0.8513 0.5199 -0.0704
vn 0.9702 0.0541 -0.2362
vn 0.9371 -0.1056 -0.3328
vn 0.9136 -0.1712 -0.3689
vn 0.9490 -0.0133 -0.3149
vn 0.9846 0.0986 -0.1446
vn 0.9486 0.3048 -0.0854
vn 0.9207 0.2668 -0.2847
vn 0.9657 0.0634 -0.2519
vn -0.6672 0.4432 0.5988
vn -0.8458 0.5194 0.1216
vn -0.8086 0.5560 0.1925
vn -0.7673 0.5266 -0.3659
vn -0.7938 0.5670 -0.2199
vn -0.5005 0.3262 -0.8019
vn -0.2966 0.3793 -0.8764
vn -0.8344 -0.2257 -0.5028
vn -0.6733 -0.7271 -0.1343
vn -0.6993 -0.6986 0.1517
vn -0.5826 0.4124 0.7004
vn -0.7326 -0.2560 0.6307
vn -0.6699 0.1037 0.7352
vn -0.2781 0.0894 -0.9564
vn -0.9039 -0.3666 -0.2204
vn -0.9080 -0.3949 -0.1401
vn -0.8837 0.0653 0.4635
vn -0.9858 -0.1659 -0.0279
vn -0.9861 0.1394 0.0906
vn -0.9221 0.3750 0.0954
vn -0.8617 0.1918 0.4697
vn -0.8843 -0.0593 0.4632
vn -0.7344 -0.0877 0.6730
vn -0.9392 -0.1170 0.3227
vn -0.9048 0.0279 0.4249
vn -0.3350 0.7667 0.5477
vn -0.3687 -0.0055 0.9295
vn -0.2515 0.4455 0.8592
vn 0.3542 0.7526 0.5550
vn 0.4482 0.8065 0.3856
vn 0.2903 0.9342 0.2073
vn 0.3736 0.8683 -0.3264
vn 0.0545 0.3924 -0.9182
vn -0.9971 -0.0193 0.0740
vn -0.9638 -0.0058 0.2667
vn -0.9776 0.1049 0.1825
vn -0.9938 -0.0175 0.1098
vn -0.9983 -0.0177 0.0549
vn -0.9421 -0.1148 -0.3152
vn -0.9709 0.1407 0.1938
vn -0.9942 -0.0132 -0.1067
vn -0.9707 -0.0818 -0.2258
vn -0.5952 -0.1869 -0.7815
vn -0.5544 -0.1828 -0.8119
vn -0.1030 -0.1510 -0.9832
vn -0.1257 -0.2093 -0.9697
vn -0.6162 -0.2049 -0.7605
vn -0.9934 0.1114 0.0291
vn -0.3005 0.0303 -0.9533
vn -0.0938 0.4036 -0.9101
vn -0.8164 0.5664 0.1125
vn -0.9716 -0.0783 -0.2232
vn -0.8063 -0.0665 -0.5877
vn -0.1480 0.0692 -0.9866
vn -0.7256 0.4829 0.4902
vn -0.7948 -0.1152 0.5959
vn -0.6232 -0.3332 0.7075
vn 0.3646 0.6705 0.6461
vn 0.4814 0.8012 0.3553
vn 0.2871 0.9454 0.1543
vn 0.2110 0.9266 -0.3112
vn 0.3006 0.5193 -0.8000
vn -0.2189 0.4103 -0.8853
vn -0.1982 0.9241 -0.3267
vn -0.6410 0.7104 -0.2906
vn -0.1558 0.9722 0.1748
vn -0.1985 0.8409 0.5034
vn -0.2619 0.5781 0.7728
vn -0.7675 0.6264 0.1362
vn -0.4607 0.7006 0.5450
vn -0.6828 0.3274 0.6531
vn -0.3180 -0.0358 0.9474
vn 0.1506 0.2501 0.9564
vn -0.5858 -0.0752 0.8069
vn 0.1185 0.5445 0.8303
vn -0.4647 0.6068 0.6449
vn -0.7927 0.5106 0.3332
vn -0.9446 0.0047 0.3281
vn -0.8700 -0.3284 0.3677
vn -0.5828 -0.3148 0.7492
vn -0.0130 -0.2759 0.9611
vn 0.0731 0.0879 0.9934
vn -0.6050 0.0334 0.7956
vn -0.4554 0.8850 -0.0965
vn 0.7856 0.4985 0.3664
vn 0.8079 -0.4913 0.3254
vn -0.4641 -0.8615 -0.2060
vn 0.8047 -0.4890 0.3366
vn 0.7177 0.4963 0.4885
vn 0.6260 0.4736 0.6195
vn -0.4867 0.8704 -0.0740
vn -0.3279 0.9062 -0.2670
vn -0.5123 0.8583 -0.0295
vn -0.4213 -0.8408 -0.3398
vn -0.1722 -0.8780 -0.4465
vn -0.0166 -0.9160 -0.4009
vn 0.3564 0.4445 0.8218
vn 0.7692 -0.4513 0.4524
vn 0.4708 -0.4837 0.7378
vn -0.7831 0.4580 -0.4206
vn -0.3453 0.9317 -0.1125
vn -0.5675 0.7813 -0.2599
vn -0.1876 0.9822 -0.0136
vn -0.4663 -0.1522 -0.8714
vn -0.9188 0.0940 -0.3833
vn -0.1663 0.3553 -0.9198
vn 0.3525 0.3038 -0.8851
vn 0.2926 0.4759 -0.8294
vn -0.2140 0.7800 -0.5880
vn -0.7638 0.5737 -0.2956
vn -0.8660 -0.4213 0.2694
vn 0.0936 -0.3838 -0.9187
vn 0.1750 -0.9609 -0.2144
vn -0.4235 -0.9009 0.0952
vn -0.6923 0.7209 0.0325
vn -0.8503 0.2063 0.4842
vn -0.5076 -0.3031 0.8065
vn -0.0270 -0.7161 0.6975
vn 0.5161 -0.8502 0.1041
vn 0.4927 -0.2835 -0.8227
vn 0.7161 -0.1078 -0.6896
vn 0.7775 -0.3324 -0.5339
vn 0.7185 -0.5259 -0.4551
vn 0.1361 -0.2232 -0.9652
vn -0.9969 -0.0638 -0.0464
vn -0.5748 -0.1043 -0.8116
vn -0.8141 0.5795 -0.0373
vn -0.3486 0.6661 -0.6593
vn -0.7868 0.3019 0.5383
vn -0.5764 -0.2568 0.7757
vn -0.1470 -0.7438 0.6521
vn 0.4666 -0.8736 0.1382
vn 0.6567 -0.7332 0.1764
vn 0.8220 -0.4774 0.3104
vn 0.8907 -0.2430 0.3841
vn 0.0440 -0.6523 0.7567
vn -0.5089 -0.1854 0.8406
vn -0.8111 0.2600 0.5239
vn 0.5156 0.0653 0.8543
vn 0.3556 -0.2489 0.9009
vn -0.2730 0.0535 0.9605
vn -0.7559 0.1894 0.6267
vn -0.1980 0.2475 0.9484
vn 0.7708 -0.6117 -0.1780
vn 0.8986 -0.0979 0.4277
vn 0.4948 0.2487 0.8327
vn -0.1754 0.3889 0.9044
vn -0.6060 0.3115 0.7319
vn -0.7411 -0.1182 0.6609
vn -0.5583 -0.8203 -0.1240
vn 0.1800 -0.8450 -0.5035
vn 0.6412 -0.7242 -0.2540
vn 0.9103 -0.4140 -0.0028
vn 0.9502 -0.3078 0.0494
vn 0.8638 0.1202 0.4894
vn 0.2839 -0.9578 -0.0443
vn 0.1699 -0.5680 0.8053
vn 0.3371 -0.9373 0.0887
vn 0.1563 -0.7086 0.6881
vn -0.1768 -0.1915 0.9654
vn -0.3064 -0.3608 0.8809
vn -0.7528 -0.2141 0.6224
vn -0.7250 -0.1388 0.6747
vn -0.9504 -0.2100 0.2293
vn -0.9868 -0.0367 0.1578
vn -0.9879 -0.1548 0.0086
vn 0.6563 -0.7011 -0.2789
vn 0.9383 0.1729 0.2993
vn 0.5489 -0.2447 -0.7993
vn 0.7605 -0.6489 -0.0228
vn 0.6747 -0.7273 0.1257
vn 0.6094 -0.7915 0.0476
vn 0.5729 -0.7841 0.2387
vn 0.2280 -0.9735 0.0162
vn -0.1319 -0.7583 0.6384
vn 0.4506 -0.8867 -0.1034
vn 0.6419 -0.6935 -0.3271
vn 0.0731 -0.9244 -0.3744
vn 0.1053 -0.8334 -0.5425
vn 0.7647 -0.0332 -0.6436
vn 0.9982 -0.0354 0.0479
vn -0.2930 0.0566 0.9544
vn 0.5294 -0.3325 0.7805
vn 0.4022 0.6201 0.6736
vn -0.0526 0.8445 0.5330
vn -0.3915 0.0020 0.9202
vn 0.0067 0.8048 0.5935
vn -0.2767 0.0765 0.9579
vn 0.5111 0.6101 0.6054
vn -0.0113 0.0732 0.9973
vn 0.8097 0.0461 0.5850
vn -0.0376 -0.0377 0.9986
vn 0.5793 -0.4647 0.6697
vn -0.0474 -0.0389 0.9981
vn 0.3593 -0.5090 0.7822
vn -0.1218 -0.2648 0.9566
vn 0.7354 -0.6596 0.1553
vn 0.9473 -0.0246 0.3194
vn 0.7935 0.5602 -0.2376
vn 0.4268 0.8476 -0.3153
vn 0.4766 0.7949 -0.3755
vn 0.8047 0.3591 -0.4728
vn 0.8602 -0.4646 -0.2103
vn 0.8483 -0.2753 0.4524
vn 0.9387 -0.3123 -0.1461
vn 0.5835 -0.0025 -0.8121
vn 0.4748 -0.1059 -0.8737
vn 0.1642 -0.3622 -0.9175
vn -0.6104 -0.6054 -0.5107
vn 0.7851 -0.3347 -0.5212
vn 0.7649 0.3674 -0.5291
vn 0.7784 0.5981 -0.1906
vn 0.1453 0.9886 -0.0398
vn 0.6767 0.6897 -0.2575
vn 0.1355 0.9524 0.2732
vn 0.0485 0.9388 0.3411
vn 0.3737 0.8399 0.3935
vn 0.4068 0.7272 0.5529
vn -0.1775 0.1136 0.9775
vn -0.0973 0.7349 0.6712
vn -0.4060 -0.1426 0.9027
vn -0.3324 0.7675 0.5481
vn -0.4545 0.0811 0.8871
vn 0.4270 0.8134 0.3950
vn 0.1861 0.1779 0.9663
vn 0.4833 0.7941 0.3686
vn -0.3222 0.9230 0.2103
vn -0.3359 0.9088 0.2473
vn -0.1498 0.9424 0.2991
vn -0.2523 0.8648 0.4342
vn 0.8511 0.5227 -0.0495
vn 0.4180 0.9079 -0.0327
vn -0.1749 0.9666 0.1875
vn 0.6681 0.4611 -0.5839
vn 0.6490 0.7423 0.1666
vn 0.8937 -0.4124 -0.1764
vn -0.1775 -0.8074 0.5626
vn -0.0074 -0.8148 0.5797
vn 0.4160 -0.8406 -0.3468
vn 0.3071 -0.8613 -0.4047
vn -0.4163 -0.7339 -0.5367
vn 0.0071 -0.8671 -0.4981
vn -0.7106 -0.5011 -0.4938
vn -0.6924 -0.5892 0.4164
vn -0.3810 -0.8363 0.3943
vn -0.9836 -0.1589 -0.0852
vn -0.9883 -0.0739 -0.1333
vn -0.8734 -0.3241 0.3634
vn -0.8463 0.0693 0.5282
vn -0.8337 -0.4025 0.3781
vn -0.9864 -0.1033 -0.1276
vn -0.9449 0.3140 -0.0927
vn -0.9297 0.3605 0.0761
vn -0.7345 0.2922 0.6125
vn -0.5686 0.3724 0.7335
vn -0.4243 -0.0709 0.9027
vn -0.8413 0.5227 0.1375
vn -0.8584 0.5060 -0.0846
vn -0.8515 0.5236 -0.0279
vn -0.7497 0.4961 0.4380
vn -0.5824 0.3090 0.7519
vn 0.4826 0.4378 0.7586
vn -0.0438 0.4662 0.8836
vn -0.4109 0.3327 0.8488
vn -0.9413 -0.2097 -0.2644
vn -0.7993 0.4892 -0.3490
vn -0.8166 0.4708 -0.3339
vn -0.9134 0.2857 -0.2901
vn -0.8464 -0.0868 -0.5255
vn -0.6997 -0.1747 -0.6928
vn -0.6131 0.4166 -0.6712
vn -0.6805 0.3855 -0.6232
vn -0.8096 0.2635 -0.5245
vn -0.9042 -0.1844 -0.3853
vn -0.9502 -0.1490 -0.2736
vn -0.8061 -0.4964 -0.3222
vn -0.4441 -0.8434 0.3023
vn 0.7825 0.0840 0.6170
vn 0.4113 0.5348 0.7381
vn -0.0485 0.7945 0.6053
vn -0.3373 0.9396 0.0589
vn -0.4466 -0.1407 -0.8836
vn -0.1943 0.2006 -0.9602
vn 0.2178 -0.4921 -0.8428
vn -0.2617 -0.4113 -0.8731
vn -0.1631 0.7393 -0.6533
vn 0.3306 0.3672 -0.8694
vn -0.6995 -0.5766 -0.4221
vn 0.4399 -0.2848 -0.8517
vn -0.2768 0.1223 -0.9531
vn -0.6650 0.2505 -0.7036
vn -0.8634 -0.1584 -0.4790
vn -0.6900 -0.5598 -0.4587
vn -0.1899 -0.9062 -0.3778
vn -0.1861 -0.9016 -0.3905
vn -0.1020 -0.7971 0.5952
vn 0.4483 -0.4658 -0.7629
vn -0.2558 0.0232 -0.9665
vn -0.8329 -0.1286 -0.5383
vn -0.6084 -0.5910 -0.5297
vn -0.0946 -0.8919 -0.4422
vn -0.1010 -0.8811 -0.4621
vn -0.0667 -0.9099 -0.4093
vn -0.6053 -0.6018 -0.5210
vn -0.4183 -0.2192 -0.8815
vn 0.5669 -0.4718 -0.6752
vn 0.6497 -0.7472 -0.1396
vn -0.0685 -0.4608 -0.8848
vn 0.6083 0.0057 -0.7937
vn 0.2881 -0.5139 -0.8080
vn 0.3549 -0.9159 -0.1877
vn 0.5547 -0.7646 -0.3282
vn 0.5884 -0.7302 -0.3474
vn 0.7962 -0.5260 -0.2991
vn 0.5391 -0.8358 -0.1042
vn 0.8472 -0.3810 0.3702
vn 0.9625 -0.1924 -0.1912
vn 0.4852 -0.5594 0.6721
vn 0.8048 -0.5758 -0.1441
vn 0.9976 0.0380 -0.0585
vn -0.7044 -0.7072 -0.0604
vn -0.6270 -0.7699 -0.1189
vn 0.0002 -0.9841 0.1774
vn -0.7276 -0.6471 0.2278
vn -0.5415 -0.3624 0.7586
vn 0.0139 -0.3453 0.9384
vn 0.5346 -0.3870 0.7513
vn 0.7240 -0.6324 0.2755
vn 0.7043 -0.7097 0.0169
vn 0.6716 -0.7312 -0.1195
vn -0.0015 -0.9873 -0.1586
vn 0.5942 -0.5989 0.5369
vn -0.0000 -0.7092 0.7050
vn 0.5919 -0.6614 -0.4606
vn 0.0404 -0.5786 -0.8146
vn -0.6161 -0.6211 -0.4845
vn -0.5896 -0.5776 0.5646
vn 0.8979 0.4401 0.0053
vn 0.8082 0.5886 0.0179
vn 0.7641 0.6447 0.0239
vn 0.8290 0.5590 -0.0167
vn 0.9144 0.4045 -0.0155
vn 0.8105 0.2702 -0.5196
vn 0.9716 0.1866 0.1454
vn 0.0801 0.3329 -0.9396
vn -0.0092 0.3438 -0.9390
vn 0.7144 0.4239 -0.5567
vn 0.8407 0.5395 -0.0461
vn 0.8518 0.5220 0.0445
vn 0.5970 0.6236 0.5047
vn 0.4750 0.8403 0.2612
vn -0.9680 0.0214 0.2500
vn -0.7814 0.3517 -0.5155
vn -0.3940 0.8779 0.2721
vn -0.5365 0.6861 0.4914
vn 0.0245 0.8506 0.5252
vn -0.8317 0.5542 -0.0337
vn -0.7195 0.6941 -0.0247
vn -0.9393 0.3311 -0.0899
vn -0.9253 0.3758 -0.0504
vn -0.9661 0.2573 0.0222
vn -0.7086 0.5254 -0.4710
vn -0.9529 0.3033 0.0073
vn 0.0297 0.7416 0.6702
vn -0.9615 0.2729 0.0317
vn 0.8585 0.4981 0.1220
vn 0.9946 0.0691 0.0779
vn 0.9726 0.2325 0.0069
vn 0.8174 0.1022 -0.5670
vn 0.8205 0.1314 -0.5563
vn 0.0817 0.1739 -0.9814
vn 0.0539 0.2007 -0.9782
vn 0.8065 0.4309 0.4048
vn 0.9417 0.3359 0.0184
vn 0.8810 0.4588 0.1153
vn 0.4277 0.8907 0.1542
vn 0.5387 0.7402 0.4025
vn 0.4658 0.8153 0.3441
vn -0.0054 -0.8084 0.5886
vn 0.1120 0.1005 0.9886
vn 0.7716 0.1017 0.6280
vn 0.9968 -0.0308 0.0735
vn 0.7628 0.0140 0.6464
vn 0.0959 -0.0958 0.9908
vn 0.9093 -0.0480 -0.4133
vn 0.9883 -0.0519 0.1437
vn 0.6836 -0.0876 0.7246
vn 0.0598 0.0697 0.9958
vn -0.6005 0.0347 0.7989
vn -0.5415 0.0881 0.8360
vn -0.6127 0.0065 0.7903
vn -0.9659 0.0956 0.2407
vn -0.9566 0.1357 0.2580
vn 0.9907 -0.0413 0.1295
vn 0.4680 0.1057 -0.8774
vn 0.8917 -0.0302 -0.4516
vn 0.8626 -0.0171 -0.5056
vn -0.9741 0.0729 0.2142
vn -0.8837 0.0382 -0.4666
vn -0.3484 0.1246 -0.9290
vn -0.3712 0.1222 -0.9205
vn -0.8769 0.1418 -0.4594
vn -0.9478 0.0637 -0.3125
vn -0.4271 -0.0161 -0.9040
vn 0.3381 -0.0581 -0.9393
vn 0.4091 0.1005 -0.9070
vn 0.0946 0.6590 0.7462
vn -0.7303 0.4787 0.4874
vn -0.0248 0.8981 0.4391
vn -0.0143 0.9871 0.1594
vn 0.0282 0.8669 0.4976
vn -0.3466 0.9320 0.1058
vn -0.4357 0.8363 0.3329
vn -0.8107 0.1632 -0.5623
vn -0.9824 0.1868 0.0096
vn -0.9697 0.2289 0.0857
vn -0.8751 0.4706 0.1131
vn -0.5014 0.7554 0.4218
vn -0.7974 0.5929 0.1121
vn -0.9968 0.0668 0.0446
vn -0.8105 0.1760 -0.5586
vn -0.7499 0.6276 0.2091
vn -0.8264 0.2594 -0.4998
vn -0.9887 -0.0448 0.1428
vn -0.2832 -0.9578 -0.0502
vn -0.9879 -0.1105 0.1091
vn -0.2627 -0.6828 -0.6818
vn -0.7428 -0.5688 -0.3531
vn -0.4196 -0.9059 0.0566
vn -0.5200 -0.8365 0.1732
vn -0.1476 -0.9785 -0.1440
vn -0.9494 -0.2955 -0.1066
vn -0.9436 0.2954 -0.1497
vn -0.7488 0.5114 0.4216
vn -0.9361 -0.3447 -0.0701
vn -0.6799 -0.6173 -0.3958
vn -0.9042 0.0811 0.4193
vn -0.8163 -0.5647 -0.1216
vn -0.8428 -0.2270 0.4879
vn -0.8741 -0.2603 -0.4101
vn -0.7764 -0.5524 -0.3035
vn -0.8342 -0.5439 -0.0907
vn -0.8218 -0.5312 0.2062
vn -0.0056 -0.9815 0.1915
vn 0.6374 -0.7342 0.2338
vn 0.7216 -0.5733 0.3882
vn -0.0100 -0.9766 0.2148
vn -0.6274 -0.7262 0.2812
vn -0.7154 -0.5758 0.3958
vn -0.7634 -0.6116 0.2077
vn -0.3980 -0.8377 0.3739
vn 0.0051 -0.8669 0.4985
vn 0.3832 -0.8294 0.4065
vn 0.7977 -0.5574 0.2302
vn 0.2345 -0.9418 0.2407
vn 0.1435 -0.8823 0.4483
vn 0.0195 -0.9153 0.4022
vn -0.1341 -0.8745 0.4661
vn -0.2736 -0.9400 0.2038
vn 0.7195 -0.6869 -0.1029
vn 0.7817 -0.5373 -0.3166
vn 0.8058 -0.5593 0.1948
vn 0.8596 -0.1776 -0.4791
vn 0.9258 0.3402 -0.1647
vn 0.8822 0.3898 0.2643
vn 0.9371 0.0821 0.3393
vn 0.8921 -0.1703 0.4186
vn -0.8464 -0.1524 0.5103
vn -0.7817 0.1478 0.6059
vn -0.7892 -0.0557 0.6116
vn -0.4806 0.3601 0.7996
vn -0.3930 0.3888 0.8333
vn 0.0009 0.2323 0.9727
vn -0.8693 0.0926 0.4856
vn 0.8429 0.1138 0.5260
vn 0.7709 0.1134 0.6268
vn 0.3694 0.3478 0.8617
vn 0.7893 0.2092 0.5773
vn 0.3865 0.1265 0.9136
vn 0.0051 0.0641 0.9979
vn 0.4087 0.3752 0.8320
vn 0.0086 0.2805 0.9598
vn 0.0069 0.3099 0.9507
vn -0.3712 0.3306 0.8677
vn 0.4804 0.3583 0.8005
vn 0.7889 -0.0731 0.6101
vn 0.8587 -0.1496 0.4902
vn -0.3895 0.1318 0.9115
vn -0.7891 0.2095 0.5774
vn 0.8945 -0.1746 0.4116
vn -0.8813 -0.1650 0.4428
vn 0.9039 -0.2358 0.3569
vn 0.9664 -0.2551 0.0324
vn 0.3029 0.2587 0.9172
vn 0.9108 -0.1951 0.3639
vn 0.1490 0.1155 0.9821
vn 0.4450 0.1612 0.8809
vn 0.4392 0.2289 0.8687
vn 0.5872 -0.1213 0.8003
vn 0.5010 0.2665 0.8234
vn 0.8490 -0.5127 -0.1278
vn 0.9784 0.1304 0.1604
vn -0.8978 -0.1836 0.4003
vn -0.9729 -0.2247 0.0542
vn -0.1643 0.5946 0.7870
vn -0.2647 0.2849 0.9213
vn -0.5119 0.2504 0.8218
vn -0.5540 0.0735 0.8292
vn -0.1536 0.1113 0.9818
vn -0.9222 -0.1715 0.3466
vn -0.4829 0.1691 0.8592
vn 0.8279 0.0058 0.5608
vn 0.7176 0.3197 0.6188
vn 0.8931 -0.1127 0.4354
vn 0.8753 -0.1484 0.4603
vn 0.6659 -0.3642 0.6511
vn 0.4293 -0.3373 0.8378
vn 0.3886 -0.4167 0.8218
vn 0.2308 -0.3801 0.8957
vn 0.0267 -0.3688 0.9291
vn -0.2652 -0.4043 0.8753
vn -0.3098 -0.4873 0.8164
vn -0.4526 -0.4008 0.7966
vn -0.6969 -0.3655 0.6170
vn -0.9070 -0.0690 0.4155
vn -0.8936 -0.1013 0.4372
vn -0.8239 -0.0027 0.5668
vn -0.7214 0.3027 0.6229
vn -0.8920 -0.0471 0.4496
vn -0.5802 -0.1334 0.8035
vn -0.8876 -0.1293 0.4421
vn -0.8529 -0.2380 0.4647
vn -0.8489 -0.1827 0.4960
vn -0.8343 -0.2400 0.4962
vn -0.6922 0.3111 0.6512
vn -0.8158 -0.3447 0.4643
vn -0.7606 -0.1531 0.6309
vn -0.6300 0.4986 0.5953
vn -0.2980 0.9034 0.3083
vn -0.6475 0.3751 0.6633
vn -0.2682 0.9413 0.2050
vn -0.8053 -0.0230 0.5924
vn -0.6836 0.2662 0.6796
vn -0.4131 0.8653 0.2840
vn -0.6976 -0.0686 0.7132
vn -0.7895 -0.1615 0.5921
vn -0.8004 -0.2198 0.5578
vn -0.6823 -0.2556 0.6849
vn -0.7105 -0.1824 0.6797
vn 0.3024 0.9341 0.1896
vn 0.7435 0.2528 0.6191
vn 0.4122 0.7915 0.4512
vn 0.5809 0.2527 0.7737
vn 0.4341 0.8564 0.2797
vn -0.0082 0.9492 0.3145
vn 0.0123 0.2459 0.9692
vn -0.5983 0.2548 0.7597
vn -0.7183 -0.0787 0.6912
vn -0.5736 -0.2708 0.7731
vn -0.5908 -0.1777 0.7871
vn 0.5902 -0.1680 0.7896
vn 0.0024 -0.2465 0.9691
vn -0.0146 -0.3784 0.9255
vn -0.5931 -0.1951 0.7812
vn -0.6416 -0.1056 0.7597
vn 0.0081 -0.2295 0.9733
vn 0.0075 -0.1995 0.9799
vn 0.6293 -0.1126 0.7690
vn 0.5842 -0.1787 0.7917
vn 0.5942 -0.2687 0.7581
vn 0.7919 -0.0699 0.6066
vn 0.7137 0.1158 0.6908
vn 0.6202 0.4803 0.6202
vn 0.7308 0.0272 0.6820
vn 0.7660 -0.0281 0.6423
vn 0.7014 -0.1297 0.7008
vn 0.8547 -0.2248 0.4680
vn 0.6852 0.3390 0.6446
vn 0.5703 -0.1548 0.8067
vn 0.8797 -0.2235 0.4197
vn 0.8180 -0.2639 0.5111
vn 0.7828 -0.1456 0.6051
vn 0.7536 0.1113 0.6479
vn 0.7164 -0.1874 0.6721
vn 0.7759 -0.1357 0.6161
vn 0.8895 -0.0416 0.4550
vn 0.7844 -0.2442 0.5702
vn 0.8936 -0.1400 0.4264
vn -0.3483 0.9303 0.1148
vn -0.2109 0.9067 0.3653
vn -0.4531 0.6659 0.5927
vn -0.4857 0.5938 0.6415
vn -0.5952 0.0698 0.8006
vn 0.6044 0.0451 0.7954
vn 0.4917 0.5961 0.6347
vn 0.4592 0.6720 0.5810
vn 0.1895 0.9043 0.3826
vn 0.3725 0.9216 0.1092
vn 0.3030 0.9530 -0.0086
vn -0.0098 0.9946 -0.1031
vn -0.2986 0.9543 -0.0098
vn 0.7680 0.5826 0.2658
vn -0.7863 -0.4716 0.3992
vn 0.0418 -0.8008 0.5974
vn 0.7993 -0.4503 0.3979
vn 0.7015 -0.7088 0.0739
vn 0.4127 -0.9099 0.0421
vn 0.7297 -0.5898 -0.3460
vn 0.6702 -0.6263 -0.3981
vn 0.0302 -0.9648 -0.2611
vn 0.3051 -0.9523 0.0033
vn 0.3691 -0.9049 -0.2121
vn -0.7002 -0.7096 0.0793
vn -0.4186 -0.8804 -0.2227
vn -0.9971 -0.0207 0.0733
vn 0.7051 0.3218 0.6319
vn 0.4612 -0.8726 0.1605
vn 0.6521 -0.7579 0.0200
vn 0.9818 -0.1899 -0.0026
vn 0.8811 -0.0329 -0.4718
vn 0.8427 0.1753 -0.5090
vn -0.6873 0.3244 0.6499
vn -0.6381 -0.7697 0.0188
vn -0.9263 -0.0562 -0.3725
vn -0.0303 -0.3069 0.9513
vn 0.4199 -0.1730 0.8909
vn 0.4153 -0.2376 0.8781
vn 0.2760 -0.7007 0.6579
vn 0.1084 -0.8325 0.5433
vn 0.1013 -0.4912 0.8651
vn 0.0458 -0.8262 0.5615
vn 0.2273 -0.7181 0.6578
vn 0.0122 -0.8148 0.5796
vn 0.4191 -0.8126 0.4050
vn 0.1850 -0.7429 0.6433
vn 0.6477 0.0207 0.7616
vn 0.2461 -0.5612 0.7902
vn 0.2325 -0.4353 0.8697
vn 0.3164 -0.8285 0.4620
vn 0.2724 -0.7853 0.5560
vn 0.4502 -0.4611 0.7646
vn 0.3967 -0.6227 0.6744
vn 0.5182 -0.4529 0.7254
vn 0.6779 0.0410 0.7340
vn 0.6481 -0.2467 0.7205
vn 0.3742 -0.7026 0.6052
vn 0.6880 -0.3672 0.6260
vn 0.7918 -0.2314 0.5652
vn 0.2930 0.0826 0.9525
vn 0.1016 0.5429 0.8336
vn -0.1509 0.0486 0.9874
vn 0.1693 0.2713 0.9475
vn 0.1363 -0.0749 0.9878
vn 0.3626 0.1361 0.9219
vn 0.4471 0.2630 0.8550
vn 0.8045 -0.0276 0.5933
vn 0.3065 -0.2974 0.9042
vn 0.0268 -0.2465 0.9688
vn 0.0215 0.5043 0.8632
vn 0.5758 0.3753 0.7264
vn 0.6940 -0.3554 0.6262
vn 0.8214 0.3128 0.4770
vn -0.6028 0.3796 0.7018
vn -0.7695 0.2593 0.5837
vn -0.3290 -0.3539 0.8755
vn 0.3665 0.5531 0.7482
vn 0.5352 0.5883 0.6061
vn -0.6279 -0.0999 0.7719
vn -0.5183 -0.4690 0.7151
vn -0.6445 -0.4226 0.6372
vn -0.7767 -0.2548 0.5761
vn -0.6851 -0.1621 0.7102
vn -0.8039 -0.0208 0.5944
vn -0.5183 -0.5982 0.6112
vn -0.6694 0.0529 0.7410
vn -0.3803 -0.2708 0.8843
vn -0.4125 -0.4974 0.7632
vn -0.2217 -0.8009 0.5562
vn -0.2220 -0.3741 0.9004
vn -0.1554 -0.5701 0.8067
vn -0.1474 -0.5180 0.8426
vn 0.1200 -0.5917 0.7972
vn -0.4472 0.1240 0.8858
vn -0.4739 0.2593 0.8415
vn -0.3045 0.5888 0.7487
vn -0.6155 0.5431 0.5711
vn -0.7056 -0.3038 0.6402
vn -0.3859 -0.7126 0.5860
vn -0.2551 -0.8279 0.4995
vn -0.4076 -0.7886 0.4603
vn -0.2111 0.3192 0.9239
vn -0.0497 0.4755 0.8783
vn -0.6802 -0.0114 0.7330
vn -0.4610 -0.1524 0.8742
vn 0.0641 -0.3839 0.9211
vn -0.1308 -0.0177 0.9913
vn 0.0794 0.1016 0.9917
vn -0.2908 0.1684 0.9419
vn -0.2185 -0.7343 0.6427
vn -0.0465 -0.8266 0.5609
vn -0.0064 -0.8415 0.5403
vn -0.3081 -0.6717 0.6737
vn -0.0469 -0.8454 0.5321
vn 0.9870 -0.0817 0.1382
vn 0.9842 -0.1538 0.0876
vn 0.9256 -0.3655 -0.0983
vn 0.1973 -0.7026 -0.6837
vn 0.2927 -0.9536 -0.0706
vn 0.6258 -0.1270 0.7696
vn 0.6406 -0.5280 0.5575
vn 0.9433 0.1551 0.2935
vn -0.1044 -0.5537 0.8262
vn 0.5010 0.8125 0.2981
vn -0.2440 0.7869 0.5668
vn -0.5468 0.1038 0.8308
vn -0.5010 -0.8125 -0.2982
vn -0.9433 -0.1550 -0.2935
vn -0.6406 0.5280 -0.5575
vn 0.1045 0.5536 -0.8262
vn 0.5468 -0.1038 -0.8308
vn 0.2441 -0.7869 -0.5668
vn 0.6717 0.7214 -0.1684
vn 0.6881 0.3691 -0.6247
vn 0.3248 0.3833 -0.8646
vn 0.8149 0.5375 -0.2168
vn 0.7790 0.4724 -0.4124
vn 0.7253 0.5670 -0.3904
vn 0.5701 0.5905 -0.5712
vn 0.4592 0.7379 -0.4946
vn 0.5140 0.4282 -0.7433
vn 0.4951 0.4990 -0.7112
vn 0.3118 0.4144 -0.8550
vn 0.3024 0.4463 -0.8422
vn -0.0031 0.3962 -0.9182
vn -0.0019 0.4431 -0.8965
vn -0.3180 0.4086 -0.8555
vn -0.3126 0.4554 -0.8336
vn -0.5058 0.4134 -0.7571
vn -0.4767 0.5071 -0.7180
vn -0.6247 0.5009 -0.5990
vn -0.5351 0.6288 -0.5642
vn -0.7351 0.5573 -0.3861
vn -0.7903 0.4518 -0.4140
vn -0.8219 0.5253 -0.2204
vn -0.6695 0.7195 -0.1847
vn -0.3269 0.3948 -0.8587
vn -0.6903 0.3554 -0.6303
vn 0.4780 -0.5015 0.7211
vn 0.5522 -0.6237 0.5532
vn 0.6144 -0.5115 0.6008
vn 0.5026 -0.4244 0.7532
vn 0.3147 -0.4385 0.8418
vn 0.3153 -0.4079 0.8569
vn 0.0012 -0.4258 0.9048
vn -0.0004 -0.3944 0.9189
vn -0.3052 -0.4277 0.8509
vn -0.3147 -0.4079 0.8571
vn -0.4984 -0.4937 0.7127
vn -0.5093 -0.4329 0.7437
vn -0.5350 -0.6177 0.5764
vn -0.6086 -0.5159 0.6029
vn 0.3477 -0.9364 -0.0477
vn -0.7175 -0.5777 0.3891
vn -0.6647 -0.7284 0.1663
vn 0.4789 -0.8750 -0.0713
vn 0.2792 -0.7502 -0.5994
vn -0.5148 -0.6464 -0.5632
vn -0.4668 -0.8813 -0.0736
vn -0.2716 -0.7527 -0.5997
vn 0.5099 -0.6377 -0.5773
vn 0.6658 -0.7230 0.1843
vn 0.7259 -0.5728 0.3808
vn -0.3066 -0.9510 -0.0406
vn 0.0067 0.7489 -0.6626
vn -0.0000 0.6630 0.7486
vn -0.2275 0.7403 -0.6325
vn 0.2522 0.6689 0.6993
vn -0.3785 0.7153 -0.5875
vn 0.3968 0.6892 0.6063
vn -0.4588 0.7425 -0.4881
vn 0.5522 0.6771 0.4864
vn -0.5891 0.7249 -0.3570
vn 0.7086 0.6476 0.2804
vn -0.4918 0.8569 -0.1544
vn 0.8686 0.4439 0.2202
vn -0.0430 0.8053 -0.5913
vn 0.8713 0.1239 -0.4749
vn -0.2523 0.6685 0.6996
vn 0.2359 0.7421 -0.6275
vn -0.3966 0.6891 0.6065
vn 0.3828 0.7148 -0.5852
vn -0.5518 0.6756 0.4889
vn 0.4596 0.7416 -0.4887
vn -0.7007 0.6542 0.2847
vn 0.5914 0.7172 -0.3687
vn -0.8743 0.4460 0.1915
vn 0.4913 0.8609 -0.1323
vn -0.8849 0.1300 -0.4473
vn 0.0376 0.7993 -0.5997
vn -0.2193 0.4231 -0.8791
vn -0.1466 -0.8499 -0.5061
vn 0.3102 0.6118 -0.7277
vn -0.6077 -0.7211 -0.3326
vn 0.1814 0.6749 -0.7153
vn -0.3943 -0.8399 -0.3730
vn -0.0450 0.7238 -0.6886
vn -0.0057 -0.9002 -0.4353
vn -0.2351 0.6802 -0.6943
vn 0.3800 -0.8326 -0.4029
vn -0.3427 0.6044 -0.7192
vn 0.5659 -0.7311 -0.3812
vn 0.3145 0.2056 -0.9267
vn 0.1706 -0.8308 -0.5298
vn 0.4201 0.3415 -0.8408
vn 0.4737 -0.5079 -0.7195
vn 0.6776 0.1018 -0.7284
vn 0.4793 -0.3799 -0.7912
vn 0.3409 -0.5386 -0.7705
vn 0.2881 -0.5145 -0.8076
vn -0.0050 -0.5336 -0.8457
vn -0.0192 -0.5915 -0.8061
vn -0.3430 -0.5266 -0.7778
vn -0.2987 -0.4763 -0.8270
vn -0.4566 -0.4909 -0.7420
vn -0.4284 -0.4207 -0.7997
vn -0.3759 0.4536 -0.8081
vn -0.7583 -0.0388 -0.6507
vn 0.3824 0.8733 -0.3020
vn 0.3486 0.7735 -0.5293
vn 0.1967 0.8147 -0.5455
vn 0.0183 0.8219 -0.5693
vn -0.1830 0.8121 -0.5541
vn -0.3088 0.7988 -0.5163
vn -0.4925 0.8446 -0.2099
vn 0.1727 -0.8647 0.4716
vn 0.7529 -0.0590 0.6555
vn -0.0510 -0.7731 0.6322
vn 0.4720 0.3242 0.8198
vn 0.6613 0.7006 0.2681
vn 0.2863 0.4417 0.8502
vn 0.4072 0.8561 0.3183
vn 0.0027 0.5413 0.8409
vn 0.1462 -0.6130 0.7764
vn 0.1237 -0.6269 0.7692
vn -0.4807 0.3147 0.8185
vn -0.2761 0.4484 0.8501
vn 0.0032 -0.6124 0.7905
vn -0.1159 -0.6284 0.7692
vn -0.1815 -0.6102 0.7712
vn 0.0028 0.9445 0.3286
vn -0.3948 0.8645 0.3111
vn -0.6587 0.7101 0.2487
vn -0.7497 -0.0299 0.6611
vn 0.0431 -0.7663 0.6411
vn -0.2876 -0.8345 0.4699
vn 0.3668 0.8427 0.3942
vn 0.4668 -0.0449 -0.8832
vn 0.5867 -0.5352 -0.6077
vn -0.0453 -0.8838 0.4656
vn 0.3556 -0.6144 -0.7043
vn -0.4395 -0.7926 0.4226
vn 0.4067 -0.5673 -0.7160
vn -0.5479 -0.7936 0.2644
vn 0.5718 -0.4787 -0.6663
vn -0.5816 -0.8041 0.1234
vn 0.2930 -0.2218 -0.9300
vn -0.7026 -0.5678 -0.4289
vn 0.2313 0.3293 -0.9155
vn -0.9602 -0.0311 -0.2774
vn 0.2340 0.6329 -0.7380
vn -0.8611 0.4599 -0.2169
vn 0.2551 0.8764 -0.4084
vn -0.8071 0.4582 0.3723
vn -0.3407 0.8357 -0.4307
vn 0.7696 0.5424 0.3368
vn -0.2210 0.6453 -0.7313
vn 0.8625 0.4623 -0.2058
vn -0.2530 0.3172 -0.9140
vn 0.9575 -0.0135 -0.2881
vn -0.3067 -0.1974 -0.9311
vn 0.7087 -0.5432 -0.4501
vn -0.5279 -0.5237 -0.6686
vn 0.5805 -0.7991 0.1566
vn -0.4562 -0.5570 -0.6940
vn 0.5400 -0.7974 0.2694
vn -0.3410 -0.6236 -0.7034
vn 0.4151 -0.7925 0.4468
vn -0.6477 -0.5113 -0.5649
vn 0.0077 -0.9018 0.4321
vn 0.2116 -0.9148 -0.3441
vn -0.1960 0.0297 -0.9802
vn 0.8142 0.2096 -0.5413
vn -0.3715 0.0749 -0.9254
vn -0.0023 0.0730 -0.9973
vn 0.3547 0.0767 -0.9318
vn 0.5826 0.1526 -0.7983
vn 0.6777 0.1780 -0.7135
vn -0.8111 0.1972 -0.5506
vn -0.6917 0.1587 -0.7045
vn -0.5630 0.1449 -0.8136
vn -0.4198 -0.1864 0.8882
vn -0.3527 -0.0778 0.9325
vn -0.1938 -0.1426 0.9706
vn -0.1003 -0.1441 0.9845
vn 0.0017 -0.0739 0.9973
vn -0.0000 -0.1750 0.9846
vn 0.0995 -0.1438 0.9846
vn 0.3702 -0.0754 0.9259
vn 0.1864 -0.1397 0.9725
vn 0.4326 -0.1846 0.8825
vn -0.5863 -0.1470 0.7967
vn -0.6813 -0.1567 0.7150
vn -0.8132 -0.2032 0.5454
vn 0.5633 -0.1433 0.8137
vn 0.6916 -0.1567 0.7051
vn 0.8103 -0.1963 0.5522
vn -0.6598 0.7008 -0.2713
vn 0.4890 0.6658 -0.5636
vn -0.8897 0.4110 -0.1986
vn 0.7166 0.3706 -0.5909
vn 0.4032 0.3378 -0.8505
vn -0.7430 0.3708 -0.5572
vn 0.7392 0.4796 0.4727
vn -0.3909 0.5130 0.7642
vn 0.4266 -0.6358 -0.6432
vn 0.6576 -0.6663 0.3516
vn -0.4424 -0.6344 0.6339
vn -0.7169 -0.6028 -0.3503
vn -0.7480 0.6447 0.1580
vn -0.0219 0.6729 -0.7394
vn -0.8680 -0.4960 0.0251
vn -0.1418 -0.4679 -0.8723
vn 0.8996 -0.2947 -0.3223
vn 0.7480 -0.6447 -0.1580
vn 0.0218 -0.6729 0.7394
vn -0.1178 -0.3342 0.9351
vn 0.1886 0.2260 0.9557
vn -0.1431 0.6659 0.7322
vn 0.1234 -0.4319 0.8934
vn 0.9123 -0.4013 -0.0816
vn 0.9666 0.2561 -0.0059
vn 0.6653 0.6973 -0.2668
vn -0.4991 -0.4339 -0.7501
vn -0.6061 0.1654 -0.7780
vn 0.2747 -0.5587 -0.7826
vn 0.2329 0.2079 -0.9500
vn -0.5015 0.6902 -0.5216
vn 0.2799 0.8352 -0.4733
vn 0.0538 -0.8485 0.5265
vn -0.6859 -0.6324 0.3600
vn -0.6882 -0.6802 -0.2522
vn 0.2335 -0.9586 -0.1627
vn -0.6385 0.4921 0.5918
vn 0.0689 0.5525 0.8306
vn -0.6907 0.7213 0.0518
vn 0.2323 0.9411 0.2455
vn -0.8129 -0.1125 0.5714
vn -0.0856 -0.2056 0.9749
vn 0.7802 0.5314 -0.3300
vn 0.7804 -0.3468 -0.5202
vn 0.8465 0.1146 -0.5200
vn 0.6078 0.3009 0.7349
vn 0.9849 -0.0355 0.1692
vn 0.6415 -0.1615 0.7499
vn 0.6073 -0.5770 0.5461
vn 0.5860 0.2972 0.7539
vn 0.7939 0.5262 -0.3046
vn 0.7949 -0.3550 -0.4921
vn 0.5845 -0.5781 0.5694
vn 0.8636 0.1067 -0.4928
vn 0.6155 -0.1627 0.7712
vn -0.9886 0.0318 -0.1472
vn 0.7802 0.4224 -0.4614
vn -0.3216 0.7451 -0.5842
vn 0.6350 0.3619 0.6825
vn -0.4669 0.6847 0.5597
vn -0.7802 -0.4223 0.4614
vn -0.6350 -0.3619 -0.6825
vn 0.3216 -0.7451 0.5842
vn 0.4669 -0.6847 -0.5597
vn 0.7699 0.4640 -0.4382
vn -0.3215 0.7958 -0.5131
vn 0.6524 0.2948 0.6982
vn -0.4618 0.6334 0.6208
vn -0.7181 0.1337 0.6830
vn -0.6334 0.2683 -0.7259
vn 0.7637 -0.1535 -0.6271
vn 0.5814 -0.2581 0.7716
vn -0.8611 0.4351 0.2631
vn 0.1682 0.6517 0.7396
vn -0.3844 0.4816 -0.7876
vn 0.6448 0.6982 -0.3111
vn 0.8611 -0.4351 -0.2631
vn 0.3844 -0.4816 0.7876
vn -0.1682 -0.6517 -0.7396
vn -0.6448 -0.6982 0.3111
vn 0.3061 -0.9478 0.0889
vn 0.5249 -0.1029 0.8449
vn -0.7951 -0.6060 0.0256
vn -0.5762 0.2389 0.7816
vn -0.5249 0.1029 -0.8449
vn -0.3061 0.9478 -0.0889
vn 0.7950 0.6060 -0.0256
vn 0.5762 -0.2389 -0.7816
vn -0.2030 -0.0263 0.9788
vn -0.6547 -0.3243 -0.6828
vn -0.7697 -0.1666 -0.6163
vn -0.0858 -0.1370 0.9868
vn 0.8542 0.3714 -0.3638
vn 0.9115 0.3342 -0.2397
vn 0.9290 0.2687 -0.2544
vn -0.8558 0.1063 -0.5063
vn 0.9106 0.3396 -0.2356
vn -0.8841 0.2547 -0.3917
vn -0.8033 0.5220 -0.2866
vn 0.9193 0.2671 -0.2890
vn -0.0371 -0.6704 0.7411
vn 0.0225 -0.8076 0.5893
vn -0.0400 -0.4176 0.9078
vn -0.6997 0.7128 -0.0486
vn 0.0970 -0.8217 0.5616
vn -0.5912 0.7928 0.1482
vn 0.2633 -0.8286 0.4941
vn -0.4037 0.8365 0.3706
vn 0.3829 -0.7726 0.5065
vn -0.3055 0.8627 0.4029
vn 0.4556 -0.7302 0.5091
vn -0.2101 0.9189 0.3338
vn 0.5044 -0.7762 0.3784
vn -0.0474 0.9522 0.3018
vn 0.5658 -0.7463 0.3505
vn -0.3778 -0.1971 -0.9046
vn -0.5388 -0.3120 -0.7825
vn 0.0225 -0.0495 -0.9985
vn 0.4084 0.0445 -0.9117
vn 0.7673 0.1391 -0.6260
vn -0.1617 -0.0934 -0.9824
vn 0.2846 -0.0480 0.9574
vn 0.3270 -0.0256 0.9447
vn -0.1632 0.9862 -0.0291
vn 0.3727 -0.0343 0.9273
vn -0.5876 0.7995 0.1245
vn 0.4016 0.0263 0.9154
vn -0.8962 0.3627 0.2556
vn 0.3558 0.0623 0.9325
vn -0.9536 -0.0121 0.3008
vn 0.3507 0.0929 0.9319
vn -0.9080 -0.2860 0.3063
vn 0.3825 0.1411 0.9131
vn -0.7318 -0.6234 0.2753
vn 0.3352 0.1861 0.9236
vn -0.3012 -0.9394 0.1636
vn -0.2121 0.0041 -0.9772
vn -0.2610 0.0516 -0.9640
vn 0.7318 0.6234 -0.2754
vn 0.3106 0.9358 -0.1668
vn 0.9124 0.2712 -0.3066
vn -0.2468 -0.0449 -0.9680
vn -0.2417 -0.0755 -0.9674
vn -0.1930 -0.1107 -0.9749
vn -0.2237 -0.1712 -0.9595
vn 0.5967 -0.7918 -0.1302
vn 0.8961 -0.3628 -0.2556
vn 0.9530 0.0276 -0.3017
vn 0.1597 -0.9870 0.0183
vn -0.3114 -0.9330 0.1803
vn -0.7289 -0.6154 0.3002
vn 0.2393 0.0011 0.9710
vn -0.9057 -0.2614 0.3339
vn 0.2741 0.0496 0.9604
vn -0.9444 -0.0175 0.3284
vn 0.2692 0.0803 0.9597
vn -0.8857 0.3720 0.2778
vn 0.2211 0.1160 0.9683
vn -0.5887 0.7960 0.1409
vn 0.2506 0.1729 0.9525
vn -0.1624 0.9864 -0.0264
vn 0.2964 0.1636 0.9410
vn -0.3268 0.0234 -0.9448
vn -0.3955 0.0308 -0.9180
vn -0.4272 -0.0294 -0.9037
vn -0.3822 -0.0659 -0.9217
vn -0.3773 -0.0965 -0.9210
vn -0.4089 -0.1443 -0.9011
vn -0.3600 -0.1923 -0.9129
vn -0.2966 -0.1622 -0.9411
vn 0.1594 -0.9871 0.0176
vn 0.5806 -0.8024 -0.1381
vn 0.8857 -0.3720 -0.2778
vn 0.9449 0.0021 -0.3274
vn 0.9014 0.2762 -0.3335
vn 0.7289 0.6153 -0.3001
vn 0.2991 0.9373 -0.1786
vt 0.985597 0.070173
vt 0.975211 0.074863
vt 0.990185 0.059466
vt 0.964826 0.070070
vt 0.960237 0.059318
vt 0.964826 0.048612
vt 0.975210 0.043922
vt 0.985595 0.048715
vt 0.456362 0.628224
vt 0.446098 0.647488
vt 0.482312 0.645917
vt 0.481388 0.622914
vt 0.518225 0.611171
vt 0.507422 0.640487
vt 0.530622 0.635975
vt 0.548523 0.604853
vt 0.553102 0.633849
vt 0.569857 0.604148
vt 0.583507 0.633233
vt 0.600248 0.604791
vt 0.604912 0.634112
vt 0.622355 0.607922
vt 0.624020 0.633419
vt 0.658566 0.619188
vt 0.650942 0.638131
vt 0.661323 0.641591
vt 0.673424 0.622631
vt 0.933847 0.069748
vt 0.929259 0.059042
vt 0.939498 0.055030
vt 0.933848 0.048289
vt 0.946701 0.051057
vt 0.944233 0.043497
vt 0.954618 0.048187
vt 0.946701 0.067052
vt 0.959207 0.058893
vt 0.954618 0.069645
vt 0.944232 0.074438
vt 0.939498 0.062753
vt 0.661649 0.641320
vt 0.638392 0.635390
vt 0.674072 0.622815
vt 0.649602 0.614444
vt 0.620560 0.606433
vt 0.615760 0.633936
vt 0.598207 0.604690
vt 0.598872 0.633245
vt 0.570581 0.603765
vt 0.579024 0.633068
vt 0.541195 0.604687
vt 0.546524 0.633348
vt 0.510685 0.613186
vt 0.522673 0.637253
vt 0.503085 0.641337
vt 0.478252 0.623700
vt 0.480717 0.646193
vt 0.446272 0.647346
vt 0.454868 0.627945
vt 0.327279 0.289007
vt 0.341710 0.259709
vt 0.325277 0.288905
vt 0.337561 0.701339
vt 0.323163 0.691088
vt 0.318690 0.705142
vt 0.309025 0.688285
vt 0.302233 0.712331
vt 0.290789 0.695490
vt 0.291786 0.725768
vt 0.278098 0.709941
vt 0.274924 0.724223
vt 0.280140 0.745129
vt 0.896891 0.120757
vt 0.898346 0.126232
vt 0.874691 0.141004
vt 0.873277 0.136155
vt 0.837905 0.164082
vt 0.837606 0.155944
vt 0.799077 0.171678
vt 0.798565 0.163558
vt 0.780175 0.172046
vt 0.780986 0.164226
vt 0.764928 0.171662
vt 0.764330 0.164145
vt 0.749773 0.171593
vt 0.749209 0.164215
vt 0.734486 0.171666
vt 0.734378 0.164392
vt 0.717080 0.172073
vt 0.717018 0.164908
vt 0.699756 0.171705
vt 0.699611 0.164720
vt 0.656434 0.163407
vt 0.658886 0.157162
vt 0.618056 0.144615
vt 0.620955 0.138427
vt 0.595658 0.129202
vt 0.596318 0.122439
vt 0.729725 0.954903
vt 0.717399 0.966758
vt 0.718109 0.935992
vt 0.747744 0.943244
vt 0.718016 0.917264
vt 0.750632 0.900733
vt 0.723486 0.892983
vt 0.729417 0.858583
vt 0.703912 0.856151
vt 0.732130 0.835615
vt 0.703607 0.832537
vt 0.702955 0.812305
vt 0.733958 0.815814
vt 0.758250 0.837344
vt 0.762558 0.812588
vt 0.793526 0.840131
vt 0.796540 0.813498
vt 0.822237 0.841575
vt 0.822393 0.813935
vt 0.860634 0.824048
vt 0.758086 0.013782
vt 0.758692 0.008959
vt 0.783083 0.014238
vt 0.782946 0.009645
vt 0.818118 0.013497
vt 0.816759 0.008552
vt 0.853875 0.012495
vt 0.851031 0.007610
vt 0.880058 0.011658
vt 0.878837 0.006846
vt 0.900460 0.011036
vt 0.901154 0.006232
vt 0.926448 0.009880
vt 0.925988 0.005549
vt 0.951175 0.008902
vt 0.952716 0.004814
vt 0.976314 0.008266
vt 0.977961 0.004120
vt 0.997988 0.007780
vt 0.998447 0.003557
vt 0.568398 0.007105
vt 0.567882 0.002213
vt 0.590058 0.007671
vt 0.588340 0.002936
vt 0.615164 0.008407
vt 0.613226 0.003816
vt 0.639865 0.009485
vt 0.640098 0.004766
vt 0.665788 0.010742
vt 0.664898 0.005643
vt 0.686175 0.011445
vt 0.687185 0.006431
vt 0.719746 0.012695
vt 0.722255 0.007671
vt 0.618283 0.467457
vt 0.607097 0.447725
vt 0.574665 0.450289
vt 0.577431 0.472921
vt 0.579915 0.493230
vt 0.611220 0.483698
vt 0.997842 0.033377
vt 0.976828 0.033786
vt 0.950668 0.034439
vt 0.927521 0.035336
vt 0.900918 0.036309
vt 0.880396 0.036983
vt 0.855582 0.038232
vt 0.818338 0.039784
vt 0.783171 0.040582
vt 0.759339 0.040101
vt 0.718811 0.038400
vt 0.686195 0.036731
vt 0.665727 0.036017
vt 0.639196 0.034992
vt 0.616112 0.034050
vt 0.590021 0.033348
vt 0.569059 0.032901
vt 0.783095 0.044921
vt 0.759809 0.044027
vt 0.816998 0.043951
vt 0.853061 0.042818
vt 0.878603 0.042015
vt 0.900059 0.041340
vt 0.927475 0.040479
vt 0.952320 0.039698
vt 0.978680 0.038870
vt 0.998403 0.038250
vt 0.588528 0.037971
vt 0.568908 0.037277
vt 0.614751 0.038898
vt 0.639467 0.039772
vt 0.666739 0.040736
vt 0.688084 0.041491
vt 0.721403 0.042669
vt 0.940004 0.624780
vt 0.937657 0.624426
vt 0.955684 0.609843
vt 0.931503 0.650156
vt 0.926518 0.650009
vt 0.930620 0.666445
vt 0.954414 0.669165
vt 0.954449 0.666515
vt 0.979302 0.654637
vt 0.979979 0.668946
vt 0.985348 0.651747
vt 0.974600 0.629991
vt 0.972368 0.629655
vt 0.913316 0.685583
vt 0.932589 0.632820
vt 0.954722 0.645584
vt 0.955805 0.635420
vt 0.956168 0.607924
vt 0.943034 0.608176
vt 0.956113 0.588598
vt 0.967545 0.608243
vt 0.979850 0.634121
vt 0.976344 0.664321
vt 0.997085 0.686684
vt 0.783711 0.150313
vt 0.799016 0.149173
vt 0.764287 0.150432
vt 0.749070 0.150647
vt 0.733849 0.150619
vt 0.714268 0.150754
vt 0.698796 0.149742
vt 0.658674 0.134947
vt 0.623826 0.115988
vt 0.601444 0.102877
vt 0.870742 0.115609
vt 0.892930 0.103222
vt 0.837444 0.134409
vt 0.320458 0.218267
vt 0.314291 0.237143
vt 0.307453 0.235544
vt 0.317337 0.211519
vt 0.322323 0.211771
vt 0.321717 0.182014
vt 0.317771 0.181973
vt 0.321447 0.153875
vt 0.317492 0.153435
vt 0.321446 0.139451
vt 0.317437 0.139011
vt 0.321722 0.111449
vt 0.317409 0.110862
vt 0.321548 0.068138
vt 0.317451 0.067477
vt 0.321395 0.037874
vt 0.317666 0.039404
vt 0.202041 0.813333
vt 0.201169 0.827434
vt 0.193706 0.827434
vt 0.092928 0.733056
vt 0.090809 0.685946
vt 0.104325 0.701095
vt 0.106154 0.743413
vt 0.264842 0.729361
vt 0.252421 0.703074
vt 0.266510 0.681003
vt 0.251292 0.743397
vt 0.919595 0.547739
vt 0.916175 0.524500
vt 0.944885 0.518363
vt 0.908838 0.509414
vt 0.944297 0.506775
vt 0.973193 0.515379
vt 0.973934 0.503734
vt 0.998342 0.506462
vt 0.996587 0.516501
vt 0.995817 0.550483
vt 0.969670 0.548599
vt 0.993493 0.569135
vt 0.969754 0.569086
vt 0.944664 0.546629
vt 0.944491 0.569602
vt 0.918192 0.571108
vt 0.714486 0.298922
vt 0.760425 0.300917
vt 0.760466 0.302556
vt 0.720998 0.284841
vt 0.762405 0.288671
vt 0.787154 0.567336
vt 0.763220 0.567820
vt 0.765673 0.547599
vt 0.790613 0.544535
vt 0.761377 0.510929
vt 0.793312 0.512849
vt 0.760478 0.500142
vt 0.793585 0.501177
vt 0.834955 0.508517
vt 0.826473 0.520164
vt 0.820698 0.546197
vt 0.825888 0.571779
vt 0.873932 0.598276
vt 0.873343 0.581926
vt 0.893253 0.594286
vt 0.855297 0.578450
vt 0.854004 0.596137
vt 0.838898 0.586184
vt 0.850868 0.601808
vt 0.835286 0.591381
vt 0.832140 0.568126
vt 0.829489 0.547670
vt 0.834189 0.524361
vt 0.843724 0.515196
vt 0.857973 0.508767
vt 0.856434 0.501810
vt 0.874109 0.509031
vt 0.873962 0.502022
vt 0.889122 0.509529
vt 0.891810 0.501969
vt 0.902663 0.515716
vt 0.909362 0.527311
vt 0.911913 0.548890
vt 0.911676 0.567835
vt 0.904810 0.583327
vt 0.909332 0.587546
vt 0.896532 0.599002
vt 0.874356 0.604484
vt 0.848838 0.527934
vt 0.860671 0.520139
vt 0.873477 0.520476
vt 0.886309 0.520738
vt 0.895241 0.529034
vt 0.897678 0.548807
vt 0.896956 0.563566
vt 0.889461 0.577219
vt 0.860592 0.550831
vt 0.844216 0.563534
vt 0.842613 0.547233
vt 0.872664 0.551567
vt 0.883738 0.550652
vt 0.326767 0.236079
vt 0.331070 0.234280
vt 0.977302 0.597080
vt 0.957020 0.581675
vt 0.935121 0.595198
vt 0.593395 0.141435
vt 0.594745 0.146868
vt 0.567314 0.147149
vt 0.566981 0.152951
vt 0.551057 0.150714
vt 0.557960 0.155165
vt 0.548327 0.216201
vt 0.556057 0.215184
vt 0.553771 0.245267
vt 0.560350 0.239679
vt 0.586716 0.237963
vt 0.588491 0.233200
vt 0.613747 0.232040
vt 0.613366 0.227749
vt 0.608964 0.203912
vt 0.584265 0.209284
vt 0.595904 0.099452
vt 0.591210 0.118937
vt 0.085785 0.293492
vt 0.085213 0.296992
vt 0.082371 0.292401
vt 0.080900 0.295893
vt 0.388026 0.995437
vt 0.388029 0.946824
vt 0.395583 0.995443
vt 0.395617 0.946830
vt 0.402850 0.995455
vt 0.402893 0.946842
vt 0.410128 0.995465
vt 0.410157 0.946853
vt 0.417717 0.995469
vt 0.417713 0.946856
vt 0.425305 0.995463
vt 0.425271 0.946850
vt 0.432580 0.995452
vt 0.432538 0.946839
vt 0.439844 0.995441
vt 0.439815 0.946828
vt 0.447400 0.995437
vt 0.447404 0.946824
vt 0.337555 0.299623
vt 0.353336 0.264062
vt 0.574631 0.494452
vt 0.572076 0.473576
vt 0.569306 0.450942
vt 0.552886 0.455228
vt 0.555268 0.475632
vt 0.557921 0.497311
vt 0.946431 0.219394
vt 0.934942 0.219394
vt 0.951488 0.219394
vt 0.930606 0.219394
vt 0.954974 0.216422
vt 0.951488 0.225611
vt 0.965862 0.227907
vt 0.967099 0.219813
vt 0.977729 0.232679
vt 0.983368 0.229242
vt 0.977010 0.264867
vt 0.983561 0.267036
vt 0.951488 0.234940
vt 0.965143 0.268322
vt 0.944406 0.270661
vt 0.943625 0.234940
vt 0.930606 0.234940
vt 0.902886 0.224167
vt 0.930606 0.223611
vt 0.900890 0.216298
vt 0.900940 0.207060
vt 0.958374 0.207060
vt 0.977119 0.210499
vt 0.996075 0.223904
vt 0.931783 0.287041
vt 0.930939 0.276197
vt 0.948396 0.287041
vt 0.947992 0.276197
vt 0.928402 0.270661
vt 0.925391 0.259165
vt 0.974413 0.283444
vt 0.968398 0.274399
vt 0.995451 0.271541
vt 0.202232 0.812997
vt 0.193867 0.827098
vt 0.201330 0.827098
vt 0.830137 0.285453
vt 0.824944 0.289259
vt 0.822580 0.281573
vt 0.816594 0.312844
vt 0.821285 0.308296
vt 0.816573 0.319731
vt 0.827188 0.313408
vt 0.821284 0.300193
vt 0.827188 0.295759
vt 0.816594 0.296063
vt 0.816573 0.289259
vt 0.848725 0.295834
vt 0.848725 0.289259
vt 0.848725 0.285572
vt 0.824935 0.319816
vt 0.848725 0.313441
vt 0.848725 0.319823
vt 0.848725 0.323240
vt 0.827088 0.323240
vt 0.822576 0.327541
vt 0.854105 0.289414
vt 0.854105 0.319816
vt 0.857848 0.289398
vt 0.857848 0.319808
vt 0.857848 0.303187
vt 0.900903 0.195392
vt 0.903138 0.186908
vt 0.954715 0.195645
vt 0.947171 0.187824
vt 0.969465 0.190022
vt 0.965939 0.184353
vt 0.983889 0.181036
vt 0.977076 0.178130
vt 0.983094 0.143594
vt 0.976567 0.146531
vt 0.970303 0.137243
vt 0.945887 0.139469
vt 0.923311 0.154910
vt 0.928004 0.138945
vt 0.930562 0.134792
vt 0.932676 0.123670
vt 0.949285 0.124522
vt 0.947817 0.134644
vt 0.965788 0.142391
vt 0.901451 0.201502
vt 0.960293 0.203423
vt 0.977893 0.199811
vt 0.996660 0.186524
vt 0.996990 0.138715
vt 0.977262 0.128201
vt 0.760550 0.304806
vt 0.760590 0.306447
vt 0.714679 0.308413
vt 0.762554 0.318727
vt 0.721167 0.322608
vt 0.707811 0.498042
vt 0.671244 0.498346
vt 0.671234 0.483061
vt 0.708120 0.481994
vt 0.721885 0.482909
vt 0.722065 0.497737
vt 0.738475 0.496213
vt 0.739390 0.481110
vt 0.722302 0.481259
vt 0.708063 0.480345
vt 0.671234 0.481564
vt 0.647637 0.480649
vt 0.647428 0.482299
vt 0.637123 0.480040
vt 0.636777 0.481690
vt 0.622741 0.480195
vt 0.635085 0.493623
vt 0.623350 0.492099
vt 0.648062 0.495604
vt 0.667558 0.476276
vt 0.645260 0.476292
vt 0.667444 0.477498
vt 0.645035 0.462619
vt 0.668499 0.464802
vt 0.668572 0.463710
vt 0.622390 0.477645
vt 0.621803 0.463598
vt 0.693519 0.575540
vt 0.712275 0.577023
vt 0.694586 0.598517
vt 0.709888 0.598594
vt 0.733716 0.597995
vt 0.731883 0.577690
vt 0.757582 0.598092
vt 0.757572 0.577464
vt 0.782464 0.597810
vt 0.784276 0.577505
vt 0.805763 0.597397
vt 0.803709 0.577180
vt 0.822607 0.598339
vt 0.821305 0.575024
vt 0.815761 0.338351
vt 0.815830 0.329101
vt 0.833251 0.338560
vt 0.833251 0.329101
vt 0.852521 0.338351
vt 0.852449 0.329101
vt 0.875687 0.322872
vt 0.875687 0.313103
vt 0.904288 0.305157
vt 0.904288 0.295614
vt 0.924431 0.305157
vt 0.924431 0.295614
vt 0.944618 0.305157
vt 0.944618 0.295614
vt 0.964250 0.305157
vt 0.964250 0.295614
vt 0.981070 0.305157
vt 0.981070 0.295614
vt 0.997483 0.305157
vt 0.997442 0.295568
vt 0.077813 0.240500
vt 0.047969 0.233390
vt 0.082932 0.215182
vt 0.053012 0.208643
vt 0.081289 0.154418
vt 0.070266 0.151819
vt 0.086724 0.151301
vt 0.088405 0.216035
vt 0.082575 0.244662
vt 0.050144 0.236935
vt 0.023479 0.227619
vt 0.028695 0.202953
vt 0.042932 0.145378
vt 0.045043 0.141476
vt 0.070718 0.147526
vt 0.023532 0.230665
vt 0.673209 0.304784
vt 0.673535 0.330252
vt 0.653067 0.304784
vt 0.705404 0.343722
vt 0.701811 0.322500
vt 0.725121 0.338396
vt 0.701811 0.312730
vt 0.725049 0.328728
vt 0.744247 0.338187
vt 0.744247 0.328728
vt 0.761598 0.338396
vt 0.761667 0.328728
vt 0.773362 0.338396
vt 0.773411 0.328728
vt 0.789534 0.338374
vt 0.789534 0.328915
vt 0.804038 0.338351
vt 0.804087 0.329101
vt 0.580015 0.304784
vt 0.579974 0.295288
vt 0.596428 0.304784
vt 0.596428 0.295242
vt 0.613248 0.304784
vt 0.613248 0.295242
vt 0.632880 0.304784
vt 0.632880 0.295242
vt 0.653067 0.295242
vt 0.673209 0.295242
vt 0.032391 0.137192
vt 0.035415 0.161263
vt 0.023461 0.166133
vt 0.003479 0.158267
vt 0.002396 0.125612
vt 0.034442 0.092011
vt 0.009257 0.081280
vt 0.043077 0.049589
vt 0.025638 0.041671
vt 0.048048 0.037540
vt 0.033221 0.028234
vt 0.061927 0.008466
vt 0.039799 0.014721
vt 0.046279 0.001467
vt 0.997541 0.339281
vt 0.980952 0.339193
vt 0.963554 0.336645
vt 0.943618 0.333465
vt 0.924864 0.331821
vt 0.943143 0.359943
vt 0.925201 0.359375
vt 0.997596 0.346313
vt 0.996465 0.374902
vt 0.980747 0.345897
vt 0.963073 0.345857
vt 0.953108 0.352900
vt 0.954670 0.358436
vt 0.966671 0.349996
vt 0.980593 0.371585
vt 0.973339 0.395594
vt 0.989214 0.404180
vt 0.973494 0.432947
vt 0.956754 0.387104
vt 0.940990 0.375144
vt 0.942669 0.366877
vt 0.963612 0.368920
vt 0.924969 0.365486
vt 0.936378 0.394886
vt 0.947377 0.404592
vt 0.959943 0.418731
vt 0.935542 0.434177
vt 0.940821 0.447990
vt 0.906927 0.454489
vt 0.904753 0.439669
vt 0.877182 0.434290
vt 0.902560 0.424873
vt 0.881563 0.420585
vt 0.888875 0.407785
vt 0.872383 0.402098
vt 0.901906 0.408867
vt 0.925901 0.408561
vt 0.929983 0.421720
vt 0.903963 0.330624
vt 0.872093 0.344095
vt 0.902963 0.357230
vt 0.899166 0.365176
vt 0.922625 0.392275
vt 0.899165 0.393294
vt 0.879811 0.351739
vt 0.876318 0.355251
vt 0.887528 0.354676
vt 0.884100 0.359624
vt 0.879925 0.390631
vt 0.870054 0.359973
vt 0.872656 0.349721
vt 0.852028 0.355214
vt 0.835062 0.355258
vt 0.817103 0.355308
vt 0.804649 0.355226
vt 0.789534 0.355192
vt 0.852955 0.361220
vt 0.852398 0.378357
vt 0.866782 0.384521
vt 0.805827 0.372183
vt 0.820762 0.371792
vt 0.828378 0.363629
vt 0.837254 0.383078
vt 0.845002 0.388725
vt 0.856926 0.394648
vt 0.863657 0.413335
vt 0.854947 0.425601
vt 0.843425 0.438148
vt 0.872980 0.447380
vt 0.823581 0.425821
vt 0.837784 0.415570
vt 0.822809 0.404867
vt 0.847321 0.404640
vt 0.835345 0.398158
vt 0.807683 0.391954
vt 0.825062 0.388235
vt 0.806978 0.410977
vt 0.789534 0.392755
vt 0.769815 0.391582
vt 0.770520 0.410605
vt 0.789534 0.372160
vt 0.732495 0.388346
vt 0.740244 0.382705
vt 0.742153 0.397785
vt 0.752436 0.387862
vt 0.754688 0.404494
vt 0.739714 0.415197
vt 0.753917 0.425449
vt 0.734073 0.437775
vt 0.722551 0.425229
vt 0.704518 0.447007
vt 0.772687 0.355271
vt 0.771671 0.371811
vt 0.756573 0.371836
vt 0.749120 0.363256
vt 0.725100 0.377967
vt 0.720571 0.394275
vt 0.730177 0.404268
vt 0.713841 0.412962
vt 0.700316 0.433918
vt 0.710715 0.384148
vt 0.724543 0.360848
vt 0.742436 0.354885
vt 0.760232 0.355352
vt 0.725470 0.354841
vt 0.647515 0.421348
vt 0.674938 0.424501
vt 0.641955 0.433809
vt 0.672745 0.439296
vt 0.695934 0.420213
vt 0.705115 0.401726
vt 0.688623 0.407413
vt 0.675592 0.408495
vt 0.678333 0.392921
vt 0.697572 0.390258
vt 0.693398 0.359251
vt 0.707443 0.359601
vt 0.704842 0.349348
vt 0.701179 0.354878
vt 0.689969 0.354303
vt 0.697687 0.351366
vt 0.674534 0.356858
vt 0.678331 0.364804
vt 0.652529 0.365113
vt 0.654873 0.391902
vt 0.651597 0.408188
vt 0.613943 0.336272
vt 0.633879 0.333093
vt 0.652634 0.331449
vt 0.652297 0.359002
vt 0.634354 0.359571
vt 0.624389 0.352528
vt 0.596546 0.338821
vt 0.596751 0.345524
vt 0.579956 0.338909
vt 0.614425 0.345484
vt 0.622828 0.358064
vt 0.634829 0.366504
vt 0.636345 0.375189
vt 0.641120 0.394514
vt 0.620744 0.386731
vt 0.604159 0.395221
vt 0.596905 0.371213
vt 0.613886 0.368547
vt 0.610826 0.349623
vt 0.670570 0.454117
vt 0.636677 0.447632
vt 0.617555 0.418358
vt 0.630120 0.404220
vt 0.588283 0.403807
vt 0.581033 0.374529
vt 0.579902 0.345941
vt 0.604003 0.432574
vt 0.273593 0.299059
vt 0.309527 0.242296
vt 0.278799 0.302423
vt 0.207553 0.858531
vt 0.199530 0.848493
vt 0.200418 0.857083
vt 0.207789 0.830785
vt 0.200344 0.836233
vt 0.208655 0.806655
vt 0.209880 0.862849
vt 0.202473 0.834805
vt 0.205438 0.838788
vt 0.196512 0.807669
vt 0.205240 0.838370
vt 0.202246 0.834410
vt 0.196550 0.807140
vt 0.211690 0.850149
vt 0.205613 0.848450
vt 0.212231 0.828945
vt 0.210493 0.806318
vt 0.197761 0.786031
vt 0.211275 0.788230
vt 0.208849 0.776054
vt 0.205338 0.757120
vt 0.192994 0.756804
vt 0.209069 0.776777
vt 0.197880 0.786621
vt 0.211401 0.788970
vt 0.210500 0.807028
vt 0.212613 0.829440
vt 0.211904 0.850638
vt 0.205731 0.848871
vt 0.209940 0.862410
vt 0.207580 0.858110
vt 0.207610 0.830364
vt 0.200435 0.856718
vt 0.199493 0.848137
vt 0.200212 0.835871
vt 0.316489 0.294841
vt 0.310649 0.293094
vt 0.330636 0.250145
vt 0.509179 0.456739
vt 0.495529 0.463973
vt 0.493656 0.483511
vt 0.512136 0.480909
vt 0.531545 0.478534
vt 0.528847 0.456059
vt 0.534133 0.499683
vt 0.499179 0.497280
vt 0.514670 0.501623
vt 0.513911 0.352446
vt 0.493822 0.349947
vt 0.494511 0.355512
vt 0.466882 0.355207
vt 0.468111 0.360783
vt 0.444841 0.359510
vt 0.514610 0.355367
vt 0.550628 0.352524
vt 0.550138 0.349480
vt 0.422439 0.389839
vt 0.415786 0.386340
vt 0.414238 0.410738
vt 0.432634 0.376373
vt 0.427718 0.371920
vt 0.451795 0.365940
vt 0.468939 0.363333
vt 0.494741 0.358506
vt 0.513105 0.347134
vt 0.550551 0.343316
vt 0.569655 0.342738
vt 0.569083 0.349074
vt 0.568915 0.352743
vt 0.417269 0.411529
vt 0.425467 0.391582
vt 0.434572 0.378052
vt 0.453764 0.368931
vt 0.428899 0.492657
vt 0.426383 0.472812
vt 0.423342 0.474116
vt 0.419109 0.446971
vt 0.426309 0.493383
vt 0.420277 0.494986
vt 0.435152 0.528162
vt 0.429678 0.531025
vt 0.440152 0.555307
vt 0.446559 0.552627
vt 0.449115 0.549600
vt 0.437910 0.527036
vt 0.416544 0.476294
vt 0.409100 0.450015
vt 0.416244 0.448023
vt 0.413729 0.431821
vt 0.416596 0.431961
vt 0.406561 0.408599
vt 0.403010 0.428514
vt 0.681926 0.869525
vt 0.682508 0.884573
vt 0.675514 0.889739
vt 0.669519 0.878724
vt 0.680347 0.844300
vt 0.660529 0.855103
vt 0.679391 0.826972
vt 0.659097 0.833740
vt 0.658002 0.815261
vt 0.631704 0.818171
vt 0.669999 0.897289
vt 0.661152 0.887351
vt 0.636715 0.860977
vt 0.634102 0.837915
vt 0.603907 0.814323
vt 0.622603 0.801661
vt 0.598191 0.796117
vt 0.594426 0.782275
vt 0.569865 0.810905
vt 0.607937 0.838884
vt 0.611058 0.862506
vt 0.642149 0.894106
vt 0.662144 0.912231
vt 0.682248 0.898130
vt 0.682166 0.890319
vt 0.679991 0.860861
vt 0.681935 0.860951
vt 0.689002 0.889247
vt 0.694479 0.897133
vt 0.683876 0.860831
vt 0.682381 0.912178
vt 0.662894 0.932804
vt 0.682502 0.931205
vt 0.682675 0.950479
vt 0.709338 0.950150
vt 0.702138 0.932559
vt 0.702607 0.911987
vt 0.683530 0.845578
vt 0.682476 0.869670
vt 0.694901 0.877746
vt 0.682264 0.884549
vt 0.702900 0.886797
vt 0.682837 0.968019
vt 0.656278 0.950584
vt 0.648343 0.936821
vt 0.721030 0.749167
vt 0.718951 0.768025
vt 0.697132 0.742494
vt 0.691631 0.752847
vt 0.719233 0.776414
vt 0.689883 0.757484
vt 0.690248 0.767110
vt 0.714639 0.787754
vt 0.685375 0.802777
vt 0.830521 0.754063
vt 0.830549 0.759206
vt 0.784399 0.748138
vt 0.784119 0.754106
vt 0.755576 0.750968
vt 0.757527 0.769063
vt 0.738684 0.752463
vt 0.738493 0.772141
vt 0.738412 0.779163
vt 0.738555 0.796031
vt 0.683628 0.826729
vt 0.760202 0.777999
vt 0.791601 0.765280
vt 0.826499 0.766738
vt 0.871028 0.779956
vt 0.873773 0.770927
vt 0.914205 0.796099
vt 0.922836 0.786647
vt 0.947916 0.798202
vt 0.953350 0.790761
vt 0.761657 0.791417
vt 0.795284 0.783942
vt 0.789184 0.774180
vt 0.831468 0.774550
vt 0.862879 0.790862
vt 0.820962 0.785308
vt 0.863368 0.798425
vt 0.909513 0.809973
vt 0.943412 0.809447
vt 0.987731 0.804642
vt 0.990415 0.800477
vt 0.997973 0.791514
vt 0.956955 0.781881
vt 0.927193 0.776396
vt 0.875138 0.760449
vt 0.984917 0.814243
vt 0.935507 0.834566
vt 0.965313 0.839634
vt 0.956778 0.863616
vt 0.899020 0.828898
vt 0.821010 0.863464
vt 0.791213 0.863640
vt 0.754756 0.861114
vt 0.918736 0.875226
vt 0.895302 0.863984
vt 0.924283 0.853983
vt 0.897554 0.848359
vt 0.851869 0.843318
vt 0.848686 0.866285
vt 0.814820 0.914259
vt 0.786825 0.909915
vt 0.952536 0.883160
vt 0.945243 0.906556
vt 0.915764 0.914078
vt 0.882523 0.913252
vt 0.841967 0.918497
vt 0.809244 0.948723
vt 0.783064 0.946129
vt 0.753034 0.967397
vt 0.950071 0.917088
vt 0.925911 0.923741
vt 0.948520 0.913283
vt 0.923797 0.914384
vt 0.917679 0.925123
vt 0.780658 0.969823
vt 0.803377 0.973934
vt 0.838221 0.951631
vt 0.830331 0.980071
vt 0.864337 0.957389
vt 0.857049 0.987765
vt 0.884886 0.991947
vt 0.893339 0.958971
vt 0.907284 0.995319
vt 0.914002 0.961716
vt 0.899082 0.924513
vt 0.916438 0.927898
vt 0.899281 0.919715
vt 0.877793 0.923497
vt 0.904895 0.116993
vt 0.902685 0.101337
vt 0.575393 0.264968
vt 0.539440 0.272877
vt 0.573551 0.292991
vt 0.530711 0.301221
vt 0.780613 0.051120
vt 0.765623 0.059689
vt 0.752017 0.051155
vt 0.752017 0.059470
vt 0.731794 0.051209
vt 0.738375 0.059911
vt 0.701296 0.050844
vt 0.707273 0.059716
vt 0.676213 0.051352
vt 0.677472 0.057776
vt 0.660744 0.052138
vt 0.661695 0.056351
vt 0.640764 0.052653
vt 0.642579 0.057191
vt 0.621840 0.052894
vt 0.620978 0.054619
vt 0.601699 0.052974
vt 0.603122 0.054538
vt 0.584040 0.052989
vt 0.584040 0.054163
vt 0.919994 0.052989
vt 0.919994 0.054163
vt 0.902335 0.052974
vt 0.901155 0.054271
vt 0.882194 0.052894
vt 0.882886 0.054278
vt 0.863270 0.052653
vt 0.861962 0.055924
vt 0.843290 0.052138
vt 0.842413 0.056025
vt 0.827821 0.051352
vt 0.826659 0.057283
vt 0.808800 0.050743
vt 0.796757 0.059254
vt 0.317924 0.032737
vt 0.337446 0.038054
vt 0.337077 0.032400
vt 0.370731 0.038122
vt 0.375480 0.031875
vt 0.380296 0.038424
vt 0.416523 0.038857
vt 0.414644 0.033376
vt 0.443289 0.039967
vt 0.441187 0.033930
vt 0.471326 0.041843
vt 0.469641 0.035372
vt 0.501432 0.041857
vt 0.501406 0.035814
vt 0.532273 0.034944
vt 0.530580 0.028945
vt 0.564437 0.027783
vt 0.562636 0.022546
vt 0.107340 0.037385
vt 0.075354 0.029237
vt 0.077890 0.023477
vt 0.108613 0.031586
vt 0.136997 0.044527
vt 0.140064 0.038727
vt 0.165888 0.044810
vt 0.168136 0.039113
vt 0.193518 0.043109
vt 0.196195 0.036246
vt 0.219339 0.040304
vt 0.221339 0.033919
vt 0.256912 0.039280
vt 0.261499 0.032032
vt 0.266338 0.039092
vt 0.298525 0.038659
vt 0.299151 0.032730
vt 0.532257 0.307652
vt 0.408685 0.369733
vt 0.388093 0.340700
vt 0.399176 0.340670
vt 0.389586 0.322228
vt 0.387514 0.323793
vt 0.371710 0.282860
vt 0.370077 0.284886
vt 0.350646 0.251578
vt 0.353138 0.244711
vt 0.345404 0.228637
vt 0.341489 0.214466
vt 0.338243 0.068767
vt 0.338041 0.111732
vt 0.338223 0.138825
vt 0.339993 0.153529
vt 0.340797 0.182260
vt 0.475278 0.153537
vt 0.446537 0.153964
vt 0.445302 0.114736
vt 0.415811 0.113097
vt 0.413161 0.141860
vt 0.408561 0.157096
vt 0.381217 0.140755
vt 0.374992 0.155372
vt 0.371789 0.140426
vt 0.371507 0.069239
vt 0.380341 0.068680
vt 0.371895 0.112264
vt 0.381165 0.111866
vt 0.538139 0.266549
vt 0.788815 0.247674
vt 0.775034 0.248668
vt 0.786942 0.209847
vt 0.775994 0.208273
vt 0.784303 0.182235
vt 0.777229 0.187867
vt 0.750226 0.208065
vt 0.750177 0.249186
vt 0.742561 0.180809
vt 0.749941 0.187512
vt 0.738529 0.207720
vt 0.778359 0.179163
vt 0.747474 0.178819
vt 0.737796 0.247970
vt 0.736369 0.273064
vt 0.749973 0.264873
vt 0.774397 0.264501
vt 0.790038 0.272471
vt 0.749597 0.280389
vt 0.777435 0.281415
vt 0.457529 0.427154
vt 0.479671 0.438630
vt 0.484644 0.422609
vt 0.503211 0.453995
vt 0.507838 0.436352
vt 0.518768 0.425110
vt 0.491368 0.415869
vt 0.465792 0.411980
vt 0.454531 0.406245
vt 0.445770 0.422032
vt 0.430483 0.415127
vt 0.439304 0.398622
vt 0.459729 0.396004
vt 0.470675 0.401876
vt 0.528742 0.389803
vt 0.497149 0.396885
vt 0.516235 0.416139
vt 0.533974 0.412331
vt 0.550180 0.409866
vt 0.552808 0.386769
vt 0.552053 0.371030
vt 0.524752 0.374137
vt 0.495680 0.377063
vt 0.473033 0.387815
vt 0.471855 0.380504
vt 0.459614 0.380936
vt 0.568408 0.371185
vt 0.444462 0.388223
vt 0.565118 0.409016
vt 0.566805 0.386680
vt 0.460771 0.386429
vt 0.459317 0.459996
vt 0.440208 0.441941
vt 0.432675 0.443169
vt 0.429433 0.432120
vt 0.433273 0.431252
vt 0.467118 0.542346
vt 0.451348 0.493617
vt 0.443021 0.466824
vt 0.469383 0.489498
vt 0.473273 0.514360
vt 0.457847 0.520151
vt 0.488743 0.486885
vt 0.493602 0.503755
vt 0.502063 0.522291
vt 0.481378 0.533995
vt 0.485183 0.470889
vt 0.548961 0.312576
vt 0.524481 0.319341
vt 0.547619 0.308766
vt 0.523689 0.317534
vt 0.491327 0.321720
vt 0.792870 0.246096
vt 0.805835 0.248267
vt 0.791627 0.270144
vt 0.805595 0.265691
vt 0.794866 0.209843
vt 0.805396 0.210573
vt 0.831706 0.210390
vt 0.830692 0.248571
vt 0.830868 0.266079
vt 0.831740 0.277847
vt 0.806105 0.280306
vt 0.797145 0.184385
vt 0.804990 0.185090
vt 0.832371 0.184320
vt 0.840623 0.183852
vt 0.842374 0.210937
vt 0.842999 0.247993
vt 0.841497 0.271473
vt 0.835394 0.176963
vt 0.802515 0.177675
vt 0.256787 0.071108
vt 0.265491 0.071640
vt 0.256772 0.114281
vt 0.265939 0.114616
vt 0.266253 0.142484
vt 0.257196 0.142905
vt 0.262898 0.157411
vt 0.224854 0.143165
vt 0.228414 0.158135
vt 0.295113 0.215095
vt 0.295011 0.182881
vt 0.295399 0.154133
vt 0.296844 0.139386
vt 0.297118 0.112287
vt 0.297419 0.069320
vt 0.577732 0.330657
vt 0.530443 0.338406
vt 0.498225 0.338769
vt 0.682852 0.209847
vt 0.685492 0.182235
vt 0.692565 0.187867
vt 0.691436 0.179163
vt 0.722321 0.178819
vt 0.719854 0.187512
vt 0.693801 0.208273
vt 0.680979 0.247674
vt 0.731265 0.207720
vt 0.731999 0.247970
vt 0.719618 0.249186
vt 0.727233 0.180809
vt 0.719569 0.208065
vt 0.694761 0.248668
vt 0.733426 0.273064
vt 0.719822 0.264873
vt 0.695397 0.264501
vt 0.679757 0.272471
vt 0.721209 0.280592
vt 0.694786 0.281010
vt 0.488463 0.341076
vt 0.488729 0.342837
vt 0.450255 0.342158
vt 0.626352 0.210937
vt 0.628103 0.183852
vt 0.636355 0.184320
vt 0.625727 0.247993
vt 0.637020 0.210390
vt 0.663736 0.185090
vt 0.633332 0.176963
vt 0.666211 0.177675
vt 0.663762 0.280613
vt 0.637788 0.278454
vt 0.637858 0.266079
vt 0.663131 0.265691
vt 0.662891 0.248267
vt 0.638034 0.248571
vt 0.663330 0.210573
vt 0.675856 0.246096
vt 0.677099 0.270144
vt 0.673860 0.209843
vt 0.671582 0.184385
vt 0.627229 0.271473
vt 0.451380 0.908690
vt 0.419707 0.901137
vt 0.414425 0.875877
vt 0.443252 0.850236
vt 0.409073 0.858801
vt 0.406995 0.841248
vt 0.447403 0.870473
vt 0.482620 0.912422
vt 0.445516 0.913979
vt 0.419924 0.900976
vt 0.420940 0.905673
vt 0.420107 0.907455
vt 0.441815 0.918525
vt 0.466836 0.919598
vt 0.448845 0.922899
vt 0.449701 0.926556
vt 0.467683 0.923355
vt 0.488459 0.922227
vt 0.386963 0.799423
vt 0.425467 0.791628
vt 0.391346 0.816918
vt 0.429999 0.810088
vt 0.434022 0.832335
vt 0.469155 0.848028
vt 0.470882 0.863353
vt 0.522594 0.917066
vt 0.502273 0.955159
vt 0.473913 0.957257
vt 0.453743 0.960330
vt 0.482830 0.989359
vt 0.460972 0.993077
vt 0.657668 0.967393
vt 0.620320 0.967717
vt 0.636003 0.955994
vt 0.509654 0.984714
vt 0.527326 0.949781
vt 0.535635 0.977788
vt 0.554908 0.947473
vt 0.559835 0.972603
vt 0.580004 0.945355
vt 0.581677 0.968906
vt 0.617443 0.944086
vt 0.648387 0.918184
vt 0.575087 0.864347
vt 0.614649 0.901864
vt 0.577347 0.909360
vt 0.546718 0.865857
vt 0.574048 0.838490
vt 0.550411 0.913152
vt 0.514178 0.865746
vt 0.510721 0.843087
vt 0.545377 0.839987
vt 0.545056 0.811500
vt 0.564384 0.797782
vt 0.540208 0.796278
vt 0.563749 0.771243
vt 0.563325 0.783400
vt 0.534126 0.771916
vt 0.533177 0.783734
vt 0.497265 0.796766
vt 0.505884 0.822828
vt 0.468328 0.829050
vt 0.465393 0.805397
vt 0.458181 0.789064
vt 0.488108 0.782049
vt 0.574213 0.756515
vt 0.530360 0.759914
vt 0.487953 0.772861
vt 0.451984 0.778889
vt 0.420501 0.781286
vt 0.376662 0.779913
vt 0.417021 0.772518
vt 0.382765 0.788728
vt 0.647224 0.794883
vt 0.616603 0.785320
vt 0.597582 0.773458
vt 0.574665 0.750671
vt 0.531148 0.754868
vt 0.484375 0.761820
vt 0.447743 0.768684
vt 0.633761 0.755321
vt 0.656529 0.747903
vt 0.662632 0.756717
vt 0.616981 0.759064
vt 0.636337 0.773950
vt 0.666830 0.767413
vt 0.600866 0.755900
vt 0.616561 0.778071
vt 0.636409 0.782710
vt 0.671551 0.784127
vt 0.678541 0.809706
vt 0.485294 0.319210
vt 0.446160 0.324397
vt 0.484955 0.316848
vt 0.627786 0.520738
vt 0.640617 0.520476
vt 0.641430 0.551567
vt 0.653503 0.550831
vt 0.653424 0.520139
vt 0.665257 0.527934
vt 0.671482 0.547233
vt 0.669879 0.563534
vt 0.684606 0.547670
vt 0.679906 0.524361
vt 0.670371 0.515196
vt 0.656123 0.508767
vt 0.639987 0.509031
vt 0.622285 0.501969
vt 0.640133 0.502022
vt 0.657661 0.501810
vt 0.679141 0.508517
vt 0.687622 0.520164
vt 0.693397 0.546197
vt 0.681956 0.568126
vt 0.658798 0.578450
vt 0.640752 0.581926
vt 0.630357 0.550652
vt 0.618854 0.529034
vt 0.688207 0.571779
vt 0.675197 0.586184
vt 0.678808 0.591381
vt 0.660091 0.596137
vt 0.616416 0.548807
vt 0.624973 0.509529
vt 0.611432 0.515716
vt 0.604733 0.527311
vt 0.602182 0.548890
vt 0.602419 0.567835
vt 0.617139 0.563566
vt 0.624634 0.577219
vt 0.640163 0.598276
vt 0.663227 0.601808
vt 0.639739 0.604484
vt 0.620842 0.594286
vt 0.617563 0.599002
vt 0.609285 0.583327
vt 0.604763 0.587546
vt 0.595903 0.571108
vt 0.594500 0.547739
vt 0.597921 0.524500
vt 0.605257 0.509414
vt 0.720510 0.501177
vt 0.720783 0.512849
vt 0.723482 0.544535
vt 0.726941 0.567336
vt 0.750876 0.567820
vt 0.748422 0.547599
vt 0.752718 0.510929
vt 0.753617 0.500142
vt 0.449803 0.667404
vt 0.572854 0.670647
vt 0.548898 0.676833
vt 0.573149 0.658101
vt 0.549014 0.661767
vt 0.523093 0.668307
vt 0.503193 0.671838
vt 0.481995 0.667775
vt 0.483238 0.683145
vt 0.452622 0.689742
vt 0.484080 0.698865
vt 0.454967 0.704073
vt 0.479041 0.720684
vt 0.457566 0.723140
vt 0.477063 0.745608
vt 0.455828 0.747971
vt 0.571841 0.693089
vt 0.595331 0.701661
vt 0.595544 0.710666
vt 0.574532 0.710833
vt 0.551596 0.702072
vt 0.522920 0.683475
vt 0.502147 0.686706
vt 0.552289 0.717050
vt 0.523980 0.718260
vt 0.504486 0.722232
vt 0.505654 0.747387
vt 0.527241 0.746685
vt 0.554845 0.744370
vt 0.590502 0.740711
vt 0.601601 0.733539
vt 0.615366 0.714538
vt 0.594733 0.687399
vt 0.630616 0.733188
vt 0.616533 0.732022
vt 0.659353 0.714684
vt 0.652770 0.739310
vt 0.631156 0.712350
vt 0.615726 0.695246
vt 0.597761 0.664104
vt 0.615600 0.669463
vt 0.633920 0.666614
vt 0.661044 0.661286
vt 0.634306 0.686658
vt 0.658391 0.683020
vt 0.656309 0.697082
vt 0.633207 0.696371
vt 0.578632 0.334560
vt 0.530731 0.340534
vt 0.297687 0.682488
vt 0.279676 0.674856
vt 0.262440 0.643934
vt 0.292636 0.647858
vt 0.261147 0.607032
vt 0.297083 0.619641
vt 0.311804 0.664994
vt 0.331227 0.619030
vt 0.337373 0.659416
vt 0.569798 0.506775
vt 0.569210 0.518363
vt 0.540161 0.503734
vt 0.540902 0.515379
vt 0.569604 0.569602
vt 0.569431 0.546629
vt 0.544425 0.548599
vt 0.517508 0.516501
vt 0.515753 0.506462
vt 0.518278 0.550483
vt 0.520602 0.569135
vt 0.544341 0.569086
vt 0.026739 0.619027
vt 0.046264 0.665005
vt 0.020603 0.659379
vt 0.062096 0.619957
vt 0.065329 0.647858
vt 0.096811 0.607232
vt 0.095525 0.643934
vt 0.080109 0.679626
vt 0.060203 0.682404
vt 0.342972 0.684899
vt 0.315462 0.690492
vt 0.310198 0.691683
vt 0.299195 0.694157
vt 0.058963 0.694522
vt 0.049092 0.692261
vt 0.043086 0.690647
vt 0.016091 0.684891
vt 0.616801 0.247236
vt 0.577613 0.259120
vt 0.599604 0.250748
vt 0.607192 0.283156
vt 0.590277 0.293517
vt 0.623104 0.279390
vt 0.554632 0.260665
vt 0.532090 0.262019
vt 0.529387 0.220114
vt 0.517895 0.264333
vt 0.583212 0.102691
vt 0.543961 0.110464
vt 0.572926 0.063536
vt 0.538444 0.070277
vt 0.504543 0.076607
vt 0.510087 0.117152
vt 0.444510 0.073144
vt 0.474814 0.075600
vt 0.475855 0.116108
vt 0.516374 0.166214
vt 0.501112 0.224983
vt 0.495635 0.193826
vt 0.501538 0.187098
vt 0.511027 0.223566
vt 0.506259 0.262886
vt 0.512170 0.262477
vt 0.504473 0.283480
vt 0.517927 0.222326
vt 0.507230 0.179997
vt 0.416881 0.069863
vt 0.473489 0.167076
vt 0.449181 0.170250
vt 0.427307 0.186974
vt 0.407187 0.185612
vt 0.415813 0.216010
vt 0.405814 0.216525
vt 0.406422 0.223554
vt 0.375297 0.216367
vt 0.473049 0.176177
vt 0.452078 0.178164
vt 0.433461 0.193406
vt 0.422303 0.215943
vt 0.366400 0.226992
vt 0.392077 0.224655
vt 0.421844 0.238691
vt 0.428190 0.237858
vt 0.433433 0.236482
vt 0.427615 0.215965
vt 0.438209 0.198374
vt 0.453717 0.185159
vt 0.471573 0.184632
vt 0.405959 0.245185
vt 0.441419 0.267048
vt 0.445340 0.263910
vt 0.464662 0.283810
vt 0.449742 0.260009
vt 0.424733 0.268856
vt 0.408363 0.264828
vt 0.417935 0.273499
vt 0.431701 0.302810
vt 0.428219 0.304582
vt 0.438938 0.321209
vt 0.435347 0.322755
vt 0.445336 0.345907
vt 0.428068 0.355239
vt 0.430474 0.361633
vt 0.449123 0.352160
vt 0.410228 0.363999
vt 0.402030 0.339487
vt 0.392388 0.319943
vt 0.373920 0.281956
vt 0.354107 0.241632
vt 0.349792 0.232173
vt 0.369010 0.230198
vt 0.388247 0.228411
vt 0.374532 0.238768
vt 0.392374 0.238746
vt 0.390914 0.273136
vt 0.409768 0.311798
vt 0.419854 0.329915
vt 0.856125 0.199152
vt 0.853527 0.185589
vt 0.860982 0.198712
vt 0.857152 0.186191
vt 0.887351 0.179117
vt 0.868922 0.155650
vt 0.902920 0.166899
vt 0.884471 0.145233
vt 0.912765 0.148766
vt 0.903861 0.141928
vt 0.916182 0.143172
vt 0.904451 0.138128
vt 0.882307 0.140943
vt 0.865593 0.152890
vt 0.346716 0.183295
vt 0.345852 0.158248
vt 0.374292 0.184643
vt 0.346312 0.211832
vt 0.373677 0.211736
vt 0.403159 0.211875
vt 0.402046 0.185646
vt 0.403748 0.161702
vt 0.375387 0.160289
vt 0.227492 0.940811
vt 0.211141 0.934592
vt 0.213505 0.923127
vt 0.233583 0.934095
vt 0.219061 0.894967
vt 0.237503 0.903096
vt 0.214125 0.878029
vt 0.233585 0.882623
vt 0.216963 0.860690
vt 0.235984 0.865909
vt 0.219588 0.842839
vt 0.238171 0.848683
vt 0.217725 0.832325
vt 0.238286 0.836150
vt 0.215189 0.821361
vt 0.238486 0.822660
vt 0.221150 0.798274
vt 0.241883 0.806034
vt 0.223427 0.767089
vt 0.244307 0.767172
vt 0.235478 0.947163
vt 0.255065 0.837198
vt 0.254759 0.851583
vt 0.254755 0.868532
vt 0.254752 0.885482
vt 0.254704 0.914700
vt 0.256750 0.953339
vt 0.252494 0.959708
vt 0.237292 0.959674
vt 0.222890 0.945887
vt 0.209577 0.942178
vt 0.243969 0.972465
vt 0.255762 0.985586
vt 0.296917 0.980041
vt 0.275373 0.979926
vt 0.277487 0.963461
vt 0.264355 0.973014
vt 0.298150 0.966042
vt 0.277102 0.925003
vt 0.320426 0.981523
vt 0.295419 0.997043
vt 0.273347 0.995704
vt 0.347348 0.971100
vt 0.322657 0.992466
vt 0.307337 0.998388
vt 0.334814 0.968178
vt 0.344843 0.958876
vt 0.369812 0.951036
vt 0.366330 0.943488
vt 0.388436 0.940506
vt 0.385419 0.933306
vt 0.360301 0.930419
vt 0.380859 0.922425
vt 0.355558 0.901246
vt 0.375878 0.894491
vt 0.360477 0.879313
vt 0.380754 0.877551
vt 0.359232 0.864897
vt 0.378537 0.860282
vt 0.358192 0.849968
vt 0.376526 0.842500
vt 0.357416 0.836521
vt 0.378456 0.831997
vt 0.316862 0.964040
vt 0.341649 0.943283
vt 0.339712 0.911180
vt 0.340112 0.885833
vt 0.339254 0.869574
vt 0.338397 0.853314
vt 0.338900 0.837275
vt 0.339403 0.821237
vt 0.319360 0.823339
vt 0.319509 0.808439
vt 0.296361 0.806531
vt 0.296362 0.773749
vt 0.275755 0.770746
vt 0.273345 0.811705
vt 0.321867 0.838972
vt 0.296516 0.836783
vt 0.296432 0.820768
vt 0.296697 0.892153
vt 0.320244 0.892401
vt 0.317905 0.923651
vt 0.296651 0.871420
vt 0.321187 0.873493
vt 0.296615 0.852394
vt 0.323106 0.854839
vt 0.275697 0.824783
vt 0.274599 0.839746
vt 0.274788 0.854924
vt 0.275457 0.872199
vt 0.275142 0.889737
vt 0.297083 0.925378
vt 0.257597 0.767689
vt 0.256866 0.809899
vt 0.255370 0.822813
vt 0.356584 0.822121
vt 0.339209 0.806755
vt 0.316954 0.769799
vt 0.295608 0.764829
vt 0.276066 0.765559
vt 0.257967 0.763279
vt 0.242831 0.760741
vt 0.231664 0.758062
vt 0.232805 0.750000
vt 0.243442 0.752064
vt 0.258651 0.752670
vt 0.275142 0.754265
vt 0.294062 0.752136
vt 0.317537 0.762192
vt 0.338265 0.765794
vt 0.355708 0.805535
vt 0.381010 0.821038
vt 0.317742 0.751530
vt 0.337955 0.759692
vt 0.355267 0.766379
vt 0.376066 0.798063
vt 0.337435 0.750477
vt 0.353783 0.759387
vt 0.374663 0.766978
vt 0.369841 0.757544
vt 0.356382 0.750287
vt 0.370535 0.749197
vt 0.055407 0.850673
vt 0.036057 0.841453
vt 0.037251 0.830794
vt 0.057051 0.838283
vt 0.037626 0.820973
vt 0.058831 0.825017
vt 0.042731 0.799321
vt 0.061992 0.809974
vt 0.046877 0.772765
vt 0.065329 0.773715
vt 0.049071 0.764206
vt 0.067988 0.767574
vt 0.049212 0.756566
vt 0.067383 0.759042
vt 0.080757 0.769451
vt 0.081960 0.760753
vt 0.097559 0.771472
vt 0.097779 0.761411
vt 0.115189 0.774739
vt 0.117269 0.762595
vt 0.129516 0.762728
vt 0.129262 0.773449
vt 0.129931 0.778405
vt 0.114276 0.783403
vt 0.133270 0.817255
vt 0.114504 0.814618
vt 0.167068 0.759236
vt 0.169454 0.766562
vt 0.155448 0.761637
vt 0.156829 0.769594
vt 0.143961 0.762430
vt 0.145269 0.772288
vt 0.146184 0.776520
vt 0.148957 0.815993
vt 0.176139 0.774617
vt 0.157011 0.775491
vt 0.161891 0.811412
vt 0.166763 0.826347
vt 0.206341 0.927221
vt 0.207956 0.935720
vt 0.192204 0.940531
vt 0.181396 0.801666
vt 0.188114 0.823765
vt 0.188425 0.833736
vt 0.168053 0.838847
vt 0.189872 0.844581
vt 0.169189 0.850469
vt 0.193772 0.861115
vt 0.172548 0.866215
vt 0.197856 0.876546
vt 0.176055 0.881463
vt 0.197593 0.892204
vt 0.174268 0.900903
vt 0.204598 0.918048
vt 0.181318 0.929349
vt 0.181737 0.941448
vt 0.182125 0.952659
vt 0.172378 0.966320
vt 0.151565 0.828020
vt 0.152511 0.841428
vt 0.153457 0.854835
vt 0.154159 0.870691
vt 0.154860 0.886547
vt 0.156134 0.913881
vt 0.155629 0.949208
vt 0.154719 0.966913
vt 0.157908 0.979558
vt 0.140022 0.991803
vt 0.132377 0.829729
vt 0.133500 0.843881
vt 0.133820 0.858266
vt 0.133928 0.874653
vt 0.134665 0.891268
vt 0.134842 0.924783
vt 0.136078 0.961284
vt 0.138125 0.977125
vt 0.117193 0.996065
vt 0.114540 0.828522
vt 0.114481 0.843402
vt 0.114435 0.858241
vt 0.114515 0.876356
vt 0.114592 0.896095
vt 0.114320 0.927815
vt 0.113097 0.966838
vt 0.115223 0.982008
vt 0.091537 0.962090
vt 0.097329 0.979754
vt 0.094738 0.815087
vt 0.094317 0.829145
vt 0.092218 0.843876
vt 0.090932 0.858837
vt 0.091623 0.876454
vt 0.091677 0.894303
vt 0.092201 0.923806
vt 0.070178 0.912033
vt 0.065872 0.942034
vt 0.053445 0.898440
vt 0.046454 0.924818
vt 0.097609 0.778650
vt 0.050991 0.877582
vt 0.071013 0.888202
vt 0.073025 0.873028
vt 0.075037 0.857853
vt 0.075242 0.842700
vt 0.075447 0.827547
vt 0.076511 0.813809
vt 0.079985 0.775349
vt 0.053268 0.864376
vt 0.102696 0.996122
vt 0.089126 0.975898
vt 0.061171 0.955310
vt 0.041116 0.934135
vt 0.023928 0.913423
vt 0.029846 0.888239
vt 0.029902 0.872804
vt 0.033036 0.857674
vt 0.086891 0.988693
vt 0.056815 0.967612
vt 0.036171 0.942768
vt 0.020115 0.921749
vt 0.016582 0.929465
vt 0.962784 0.732878
vt 0.961084 0.702535
vt 0.980888 0.702573
vt 0.978689 0.683083
vt 0.956415 0.681263
vt 0.964910 0.663459
vt 0.113559 0.299842
vt 0.110000 0.296033
vt 0.112483 0.292775
vt 0.107145 0.297616
vt 0.104881 0.294438
vt 0.107935 0.291841
vt 0.114513 0.354275
vt 0.121047 0.356472
vt 0.111927 0.367817
vt 0.108946 0.352821
vt 0.112202 0.346642
vt 0.106925 0.345794
vt 0.112161 0.335551
vt 0.107628 0.333787
vt 0.113200 0.329503
vt 0.108929 0.327066
vt 0.116319 0.319035
vt 0.111991 0.314645
vt 0.119498 0.309750
vt 0.116108 0.304486
vt 0.108070 0.311001
vt 0.103499 0.307177
vt 0.099480 0.304480
vt 0.121236 0.318981
vt 0.122741 0.312671
vt 0.119467 0.323764
vt 0.126849 0.321517
vt 0.128359 0.316627
vt 0.126222 0.312751
vt 0.151345 0.314088
vt 0.147573 0.315094
vt 0.146938 0.305110
vt 0.143391 0.305766
vt 0.142116 0.317744
vt 0.140158 0.310494
vt 0.137675 0.320955
vt 0.136408 0.312844
vt 0.134182 0.325673
vt 0.133495 0.314627
vt 0.136711 0.308675
vt 0.117336 0.331767
vt 0.125050 0.327667
vt 0.128121 0.331490
vt 0.129864 0.325860
vt 0.132184 0.326419
vt 0.130222 0.332833
vt 0.134545 0.331271
vt 0.138314 0.328557
vt 0.143794 0.326656
vt 0.150322 0.324318
vt 0.154258 0.324530
vt 0.151945 0.330319
vt 0.155108 0.329634
vt 0.127656 0.349409
vt 0.121322 0.348403
vt 0.127433 0.340070
vt 0.122311 0.338739
vt 0.115865 0.347069
vt 0.116236 0.337571
vt 0.123475 0.334204
vt 0.129191 0.340547
vt 0.135046 0.338361
vt 0.139296 0.335656
vt 0.145018 0.333636
vt 0.156925 0.336947
vt 0.153726 0.339579
vt 0.145277 0.342742
vt 0.135823 0.346311
vt 0.160365 0.338762
vt 0.159445 0.346623
vt 0.146509 0.351559
vt 0.136795 0.355888
vt 0.126863 0.357927
vt 0.148886 0.303917
vt 0.148788 0.297312
vt 0.149827 0.298689
vt 0.151013 0.302394
vt 0.153838 0.297022
vt 0.155490 0.300823
vt 0.153599 0.295204
vt 0.155916 0.329435
vt 0.152178 0.313941
vt 0.154694 0.312364
vt 0.158739 0.327793
vt 0.167635 0.337162
vt 0.169953 0.343402
vt 0.164481 0.326238
vt 0.159469 0.311081
vt 0.178333 0.353847
vt 0.178285 0.361902
vt 0.175317 0.364245
vt 0.157401 0.299975
vt 0.161703 0.310123
vt 0.167321 0.325875
vt 0.171033 0.337332
vt 0.175634 0.342646
vt 0.173443 0.353248
vt 0.166186 0.370100
vt 0.178455 0.368809
vt 0.171288 0.386701
vt 0.160521 0.389841
vt 0.159579 0.405641
vt 0.140600 0.405983
vt 0.138037 0.414199
vt 0.124275 0.407802
vt 0.146644 0.388569
vt 0.154721 0.376595
vt 0.162548 0.356939
vt 0.148829 0.362924
vt 0.138527 0.367301
vt 0.127230 0.370559
vt 0.121253 0.369380
vt 0.101495 0.366693
vt 0.100759 0.385373
vt 0.110936 0.385277
vt 0.121031 0.385540
vt 0.128367 0.385404
vt 0.085571 0.333760
vt 0.081264 0.339619
vt 0.084301 0.325913
vt 0.081332 0.327903
vt 0.081749 0.324286
vt 0.086474 0.312034
vt 0.082755 0.312995
vt 0.076000 0.322918
vt 0.075882 0.327065
vt 0.072698 0.337320
vt 0.071898 0.345578
vt 0.078338 0.308455
vt 0.080112 0.299738
vt 0.084660 0.301031
vt 0.083223 0.309830
vt 0.077956 0.311462
vt 0.073457 0.309520
vt 0.070686 0.324208
vt 0.062126 0.355880
vt 0.066081 0.342584
vt 0.067577 0.335515
vt 0.086811 0.302865
vt 0.076242 0.300600
vt 0.048587 0.352016
vt 0.043093 0.356735
vt 0.045970 0.346486
vt 0.040185 0.350436
vt 0.042212 0.340699
vt 0.037213 0.343437
vt 0.034295 0.333079
vt 0.056670 0.354773
vt 0.048874 0.363418
vt 0.042433 0.360538
vt 0.037616 0.352068
vt 0.034759 0.344667
vt 0.030511 0.335674
vt 0.026834 0.328835
vt 0.024517 0.331265
vt 0.025873 0.338068
vt 0.058346 0.362756
vt 0.058461 0.367748
vt 0.049140 0.369714
vt 0.055809 0.363456
vt 0.043954 0.373937
vt 0.038258 0.363521
vt 0.032811 0.354605
vt 0.030594 0.346677
vt 0.019200 0.333299
vt 0.021834 0.339741
vt 0.025857 0.348407
vt 0.028601 0.356344
vt 0.031926 0.363471
vt 0.035326 0.370731
vt 0.037959 0.376731
vt 0.051001 0.383560
vt 0.058893 0.381429
vt 0.068721 0.361141
vt 0.011836 0.329290
vt 0.016873 0.328049
vt 0.045807 0.407865
vt 0.037608 0.393978
vt 0.045416 0.390952
vt 0.032260 0.380096
vt 0.029269 0.373549
vt 0.026471 0.364876
vt 0.023814 0.358009
vt 0.020730 0.350705
vt 0.017160 0.341729
vt 0.014356 0.335794
vt 0.010041 0.337603
vt 0.007312 0.331559
vt 0.028936 0.397944
vt 0.024050 0.382514
vt 0.022444 0.375842
vt 0.020388 0.367025
vt 0.018448 0.359696
vt 0.015500 0.352581
vt 0.011874 0.343815
vt 0.005871 0.346937
vt 0.005707 0.340116
vt 0.002059 0.345568
vt 0.004496 0.338821
vt 0.004762 0.356305
vt 0.007604 0.355740
vt 0.007935 0.363245
vt 0.012304 0.362294
vt 0.010802 0.369512
vt 0.014894 0.369637
vt 0.010896 0.378944
vt 0.016348 0.377926
vt 0.016975 0.387251
vt 0.010197 0.391513
vt 0.017235 0.396751
vt 0.031497 0.414991
vt 0.014471 0.414619
vt 0.015647 0.409118
vt 0.032620 0.408062
vt 0.046796 0.415199
vt 0.047265 0.444370
vt 0.031705 0.442601
vt 0.014075 0.442063
vt 0.030000 0.447412
vt 0.014580 0.446715
vt 0.045529 0.448840
vt 0.063606 0.449906
vt 0.065135 0.445467
vt 0.061729 0.415259
vt 0.178009 0.376698
vt 0.174245 0.393620
vt 0.080573 0.450396
vt 0.162112 0.411253
vt 0.162590 0.440332
vt 0.137924 0.442004
vt 0.163536 0.444849
vt 0.140801 0.446369
vt 0.121665 0.443091
vt 0.123627 0.447517
vt 0.104614 0.444598
vt 0.105096 0.448756
vt 0.080955 0.445995
vt 0.078832 0.415720
vt 0.061463 0.407675
vt 0.101995 0.415672
vt 0.119856 0.414232
vt 0.075469 0.410068
vt 0.083157 0.410132
vt 0.099310 0.409833
vt 0.108213 0.409271
vt 0.116109 0.408982
vt 0.070546 0.382483
vt 0.087417 0.384667
vt 0.101181 0.293244
vt 0.095933 0.303575
vt 0.091776 0.316355
vt 0.094686 0.319714
vt 0.090404 0.322126
vt 0.093139 0.325608
vt 0.088973 0.341563
vt 0.080185 0.348386
vt 0.078278 0.363990
vt 0.090054 0.365340
vt 0.097046 0.328833
vt 0.099046 0.321963
vt 0.104409 0.323980
vt 0.102564 0.330806
vt 0.094269 0.342717
vt 0.091029 0.350409
vt 0.101689 0.351693
vt 0.100977 0.344737
vt 0.881115 0.198344
vt 0.882411 0.230001
vt 0.853618 0.230505
vt 0.855216 0.248303
vt 0.882678 0.249086
vt 0.866164 0.265770
vt 0.877985 0.269705
vt 0.863780 0.268485
vt 0.850677 0.249227
vt 0.849535 0.229781
vt 0.869581 0.202941
vt 0.867019 0.200614
vt 0.878585 0.194625
vt 0.876654 0.275308
vt 0.204717 0.241077
vt 0.205780 0.217443
vt 0.208267 0.242713
vt 0.195305 0.271460
vt 0.198054 0.273173
vt 0.189060 0.293778
vt 0.202926 0.275459
vt 0.213766 0.243050
vt 0.209969 0.217459
vt 0.201545 0.194331
vt 0.197376 0.200398
vt 0.184547 0.178655
vt 0.214267 0.273288
vt 0.230549 0.248145
vt 0.224626 0.225759
vt 0.243013 0.224921
vt 0.217513 0.218123
vt 0.228085 0.218747
vt 0.261956 0.218596
vt 0.271329 0.226271
vt 0.292149 0.227365
vt 0.285031 0.246895
vt 0.287838 0.254018
vt 0.268792 0.290139
vt 0.266875 0.287968
vt 0.250180 0.329259
vt 0.252440 0.330836
vt 0.241005 0.349069
vt 0.252836 0.348637
vt 0.231329 0.380874
vt 0.228306 0.187228
vt 0.207926 0.187767
vt 0.190572 0.154686
vt 0.192038 0.117388
vt 0.222287 0.116026
vt 0.220360 0.072888
vt 0.192415 0.075869
vt 0.162469 0.077703
vt 0.187356 0.170236
vt 0.161937 0.154445
vt 0.161394 0.117584
vt 0.127867 0.119012
vt 0.133560 0.078783
vt 0.100426 0.072036
vt 0.066560 0.064863
vt 0.055701 0.103360
vt 0.094355 0.111649
vt 0.121203 0.167012
vt 0.163224 0.167424
vt 0.107166 0.219942
vt 0.037164 0.249458
vt 0.182484 0.185911
vt 0.164270 0.174766
vt 0.130477 0.181383
vt 0.119128 0.221882
vt 0.104005 0.261435
vt 0.081485 0.259860
vt 0.058760 0.257936
vt 0.046107 0.291569
vt 0.029543 0.281335
vt 0.013939 0.277576
vt 0.020264 0.245834
vt 0.136170 0.186127
vt 0.164717 0.180436
vt 0.143929 0.189470
vt 0.125506 0.223115
vt 0.118856 0.263614
vt 0.132926 0.282512
vt 0.124192 0.262336
vt 0.128814 0.261525
vt 0.132784 0.226089
vt 0.283733 0.243701
vt 0.264407 0.286703
vt 0.247064 0.326934
vt 0.237909 0.347926
vt 0.230258 0.374854
vt 0.210665 0.365572
vt 0.209148 0.372206
vt 0.189773 0.362556
vt 0.192515 0.356169
vt 0.218691 0.338666
vt 0.200649 0.331217
vt 0.228328 0.318971
vt 0.246240 0.278031
vt 0.262245 0.241395
vt 0.196954 0.329634
vt 0.206199 0.311183
vt 0.209405 0.312297
vt 0.220310 0.276923
vt 0.228356 0.268920
vt 0.243583 0.241731
vt 0.268809 0.229718
vt 0.288957 0.231133
vt 0.248217 0.229167
vt 0.290268 0.211350
vt 0.261813 0.212886
vt 0.233984 0.214326
vt 0.234328 0.187071
vt 0.234149 0.162353
vt 0.262889 0.161319
vt 0.290388 0.157891
vt 0.291280 0.185745
vt 0.262596 0.187001
vt 0.520157 0.020326
vt 0.470151 0.020326
vt 0.520157 0.014270
vt 0.470151 0.014270
vt 0.520157 0.009126
vt 0.470151 0.009126
vt 0.520157 0.003741
vt 0.470151 0.003741
vt 0.450766 0.009126
vt 0.450766 0.014270
vt 0.413675 0.014270
vt 0.413675 0.020326
vt 0.375264 0.020326
vt 0.450766 0.020326
vt 0.520157 0.027440
vt 0.470151 0.027440
vt 0.450766 0.027440
vt 0.413675 0.027440
vt 0.375264 0.027440
vt 0.350628 0.027440
vt 0.350628 0.020326
vt 0.375264 0.014270
vt 0.413675 0.009126
vt 0.450766 0.003741
vt 0.350628 0.014270
vt 0.375264 0.009126
vt 0.413675 0.003741
vt 0.350628 0.009126
vt 0.375264 0.003741
vt 0.350628 0.003741
vt 0.963552 0.681846
vt 0.966659 0.702546
vt 0.187390 0.309710
vt 0.192382 0.295823
vt 0.196835 0.314806
vt 0.202632 0.299624
vt 0.617596 0.684780
vt 0.602469 0.680409
vt 0.579932 0.666893
vt 0.601906 0.692934
vt 0.618916 0.697638
vt 0.555474 0.666473
vt 0.580160 0.686378
vt 0.602547 0.710342
vt 0.623110 0.716068
vt 0.636861 0.695968
vt 0.634882 0.678061
vt 0.636527 0.734642
vt 0.638902 0.715327
vt 0.624916 0.731465
vt 0.652819 0.739411
vt 0.658947 0.714341
vt 0.655676 0.696241
vt 0.578883 0.711273
vt 0.530435 0.667338
vt 0.556676 0.687027
vt 0.558187 0.718519
vt 0.560955 0.743649
vt 0.592024 0.740188
vt 0.603889 0.731911
vt 0.660465 0.666371
vt 0.482494 0.666175
vt 0.449348 0.667702
vt 0.452623 0.689737
vt 0.507395 0.668537
vt 0.507315 0.689184
vt 0.484573 0.689936
vt 0.481719 0.723103
vt 0.509884 0.725465
vt 0.533437 0.746260
vt 0.530806 0.723946
vt 0.530316 0.688654
vt 0.510494 0.746863
vt 0.477028 0.745519
vt 0.455775 0.747710
vt 0.457450 0.723006
vt 0.339612 0.300764
vt 0.089979 0.677008
vt 0.097440 0.669918
vt 0.104141 0.675364
vt 0.104336 0.689389
vt 0.771927 0.491498
vt 0.771927 0.486655
vt 0.802712 0.491498
vt 0.802712 0.495984
vt 0.771927 0.495984
vt 0.753484 0.495984
vt 0.753484 0.491498
vt 0.753484 0.486655
vt 0.753484 0.481950
vt 0.771927 0.481950
vt 0.802712 0.486655
vt 0.822811 0.495984
vt 0.802712 0.481950
vt 0.822811 0.486655
vt 0.822811 0.481950
vt 0.142009 0.730778
vt 0.135076 0.731785
vt 0.145085 0.728040
vt 0.133213 0.730362
vt 0.131555 0.720177
vt 0.132503 0.716363
vt 0.134520 0.715338
vt 0.145220 0.715193
vt 0.959064 0.076495
vt 0.992973 0.080103
vt 0.988632 0.087293
vt 0.959064 0.081719
vt 0.925192 0.080103
vt 0.928949 0.087225
vt 0.936244 0.089991
vt 0.947594 0.090111
vt 0.959064 0.090111
vt 0.970533 0.090111
vt 0.981821 0.090475
vt 0.202797 0.797408
vt 0.210161 0.784921
vt 0.201638 0.775196
vt 0.209177 0.771210
vt 0.200685 0.756390
vt 0.209212 0.756519
vt 0.201503 0.774710
vt 0.209006 0.770656
vt 0.202823 0.796930
vt 0.210096 0.784361
vt 0.208738 0.806130
vt 0.158236 0.715134
vt 0.160238 0.716189
vt 0.147541 0.714832
vt 0.161756 0.719792
vt 0.159641 0.730317
vt 0.157439 0.731572
vt 0.150480 0.730346
vt 0.147636 0.727942
vt 0.925192 0.110854
vt 0.926373 0.117107
vt 0.925192 0.118404
vt 0.939672 0.118404
vt 0.940163 0.117227
vt 0.959064 0.118404
vt 0.929244 0.111828
vt 0.988450 0.110034
vt 0.991828 0.117227
vt 0.976131 0.112584
vt 0.981826 0.104184
vt 0.970533 0.105038
vt 0.959064 0.105038
vt 0.977998 0.117227
vt 0.959064 0.117227
vt 0.959064 0.112584
vt 0.941993 0.112584
vt 0.978536 0.118404
vt 0.992973 0.118404
vt 0.992973 0.110854
vt 0.947594 0.105038
vt 0.936005 0.106005
vt 0.992973 0.090484
vt 0.925192 0.090484
vt 0.821712 0.465938
vt 0.800589 0.465938
vt 0.800589 0.470643
vt 0.821712 0.470643
vt 0.800589 0.475486
vt 0.777829 0.465938
vt 0.777829 0.470643
vt 0.777829 0.475486
vt 0.777829 0.479973
vt 0.800589 0.479973
vt 0.821712 0.475486
vt 0.821712 0.479973
vt 0.638155 0.173752
vt 0.637530 0.156939
vt 0.633447 0.157789
vt 0.634354 0.174750
vt 0.617767 0.176110
vt 0.612340 0.159443
vt 0.241175 0.715502
vt 0.237289 0.706591
vt 0.248962 0.703616
vt 0.248129 0.743545
vt 0.231948 0.727515
vt 0.225592 0.733378
vt 0.218283 0.746132
vt 0.214850 0.736913
vt 0.205067 0.738549
vt 0.198004 0.738420
vt 0.194885 0.746639
vt 0.191286 0.738021
vt 0.178982 0.737795
vt 0.178982 0.747289
vt 0.166679 0.738021
vt 0.163080 0.746639
vt 0.159960 0.738420
vt 0.152898 0.738549
vt 0.139682 0.746132
vt 0.143115 0.736913
vt 0.132372 0.733378
vt 0.126017 0.727515
vt 0.109835 0.743545
vt 0.109003 0.703616
vt 0.125334 0.716187
vt 0.129135 0.710956
vt 0.121860 0.699356
vt 0.108325 0.690049
vt 0.123043 0.689205
vt 0.106730 0.676781
vt 0.122653 0.677185
vt 0.111598 0.673260
vt 0.123113 0.669441
vt 0.121333 0.666218
vt 0.135447 0.668059
vt 0.134127 0.658464
vt 0.149104 0.654530
vt 0.148880 0.665402
vt 0.137227 0.707234
vt 0.153870 0.709728
vt 0.153392 0.702888
vt 0.163248 0.709728
vt 0.136995 0.696342
vt 0.164384 0.701022
vt 0.171031 0.709728
vt 0.152166 0.693165
vt 0.137495 0.686022
vt 0.136882 0.676220
vt 0.152254 0.684734
vt 0.150939 0.672806
vt 0.194282 0.709728
vt 0.193694 0.699973
vt 0.204591 0.709728
vt 0.188025 0.699518
vt 0.186181 0.709728
vt 0.178767 0.709728
vt 0.178946 0.699232
vt 0.170229 0.700039
vt 0.163916 0.692864
vt 0.165907 0.683167
vt 0.165565 0.670521
vt 0.189687 0.692963
vt 0.178946 0.692891
vt 0.178946 0.683477
vt 0.168205 0.692963
vt 0.163583 0.662396
vt 0.178978 0.662347
vt 0.178978 0.670551
vt 0.158035 0.653289
vt 0.157951 0.656820
vt 0.168284 0.654601
vt 0.178765 0.654372
vt 0.189645 0.654610
vt 0.194373 0.662396
vt 0.192391 0.670521
vt 0.191985 0.683167
vt 0.193976 0.692864
vt 0.205068 0.701314
vt 0.220741 0.706709
vt 0.205770 0.693165
vt 0.220972 0.696342
vt 0.205681 0.684734
vt 0.246367 0.673260
vt 0.251235 0.676781
vt 0.234852 0.669441
vt 0.236632 0.666218
vt 0.223837 0.658464
vt 0.198951 0.656036
vt 0.249640 0.690049
vt 0.235312 0.677185
vt 0.222521 0.668059
vt 0.209056 0.665402
vt 0.208837 0.654530
vt 0.199610 0.653005
vt 0.207434 0.672878
vt 0.221021 0.686022
vt 0.236105 0.699356
vt 0.222335 0.675042
vt 0.234921 0.688371
vt 0.163791 0.711960
vt 0.153874 0.711960
vt 0.137456 0.709393
vt 0.129973 0.712286
vt 0.127951 0.716591
vt 0.231332 0.717458
vt 0.227563 0.711756
vt 0.218912 0.710966
vt 0.204148 0.711960
vt 0.194367 0.711960
vt 0.185884 0.711960
vt 0.178728 0.711960
vt 0.171524 0.711960
vt 0.163333 0.709728
vt 0.623382 0.176658
vt 0.625935 0.174408
vt 0.614764 0.174344
vt 0.098249 0.667834
vt 0.105691 0.659458
vt 0.115867 0.654552
vt 0.137425 0.633156
vt 0.139893 0.591118
vt 0.178709 0.586768
vt 0.178982 0.625925
vt 0.218019 0.590223
vt 0.220540 0.633156
vt 0.229084 0.645247
vt 0.240144 0.652974
vt 0.248585 0.660073
vt 0.254182 0.663734
vt 0.178982 0.644275
vt 0.178982 0.632468
vt 0.195708 0.645285
vt 0.162257 0.645285
vt 0.235088 0.656036
vt 0.228059 0.651130
vt 0.200704 0.651660
vt 0.128881 0.645247
vt 0.129906 0.651130
vt 0.121945 0.656413
vt 0.161111 0.652147
vt 0.817339 0.130228
vt 0.817546 0.131500
vt 0.798691 0.132595
vt 0.798069 0.133970
vt 0.771224 0.136836
vt 0.766817 0.136049
vt 0.817651 0.117942
vt 0.817555 0.119478
vt 0.801224 0.118784
vt 0.801303 0.120171
vt 0.766680 0.121451
vt 0.820090 0.129907
vt 0.820076 0.119295
vt 0.823746 0.119167
vt 0.824264 0.128724
vt 0.762907 0.464987
vt 0.756374 0.469692
vt 0.770004 0.469692
vt 0.770004 0.479021
vt 0.756374 0.479021
vt 0.672974 0.130819
vt 0.673230 0.129418
vt 0.693536 0.133642
vt 0.693050 0.132294
vt 0.726042 0.134873
vt 0.725562 0.136456
vt 0.690611 0.118848
vt 0.676127 0.118835
vt 0.678163 0.118486
vt 0.674519 0.119110
vt 0.690620 0.120197
vt 0.726116 0.121106
vt 0.668894 0.128835
vt 0.670832 0.118618
vt 0.637721 0.156824
vt 0.638510 0.174702
vt 0.631834 0.157176
vt 0.634188 0.175394
vt 0.609337 0.159443
vt 0.614764 0.176081
vt 0.627775 0.159345
vt 0.625625 0.156830
vt 0.762897 0.464987
vt 0.849223 0.682510
vt 0.842296 0.682384
vt 0.851374 0.681560
vt 0.842721 0.690577
vt 0.842123 0.688727
vt 0.833803 0.692214
vt 0.834578 0.690691
vt 0.828057 0.691112
vt 0.828487 0.689196
vt 0.823738 0.687580
vt 0.825402 0.685905
vt 0.820161 0.682054
vt 0.827597 0.695816
vt 0.834852 0.695309
vt 0.827780 0.703025
vt 0.840501 0.701447
vt 0.843563 0.693455
vt 0.853176 0.697352
vt 0.851725 0.688463
vt 0.853740 0.667469
vt 0.857576 0.680331
vt 0.816594 0.695231
vt 0.827893 0.705314
vt 0.840841 0.705039
vt 0.853852 0.701246
vt 0.859499 0.689193
vt 0.865692 0.680481
vt 0.873464 0.684597
vt 0.867297 0.694359
vt 0.823270 0.682693
vt 0.827974 0.680568
vt 0.828403 0.682253
vt 0.835585 0.680189
vt 0.835287 0.682097
vt 0.842697 0.680617
vt 0.839555 0.665747
vt 0.855015 0.654080
vt 0.867775 0.666408
vt 0.870465 0.659801
vt 0.874916 0.666874
vt 0.802161 0.696181
vt 0.792656 0.696965
vt 0.792656 0.676968
vt 0.798830 0.676550
vt 0.811145 0.690059
vt 0.808451 0.673209
vt 0.802203 0.664423
vt 0.792968 0.665183
vt 0.786482 0.676550
vt 0.783110 0.664423
vt 0.767580 0.660834
vt 0.776861 0.673209
vt 0.783151 0.696181
vt 0.832549 0.656761
vt 0.817349 0.660834
vt 0.815239 0.704571
vt 0.827503 0.667286
vt 0.818644 0.668989
vt 0.792656 0.704130
vt 0.770073 0.704571
vt 0.784286 0.301648
vt 0.813813 0.300745
vt 0.811540 0.302191
vt 0.811559 0.303177
vt 0.784344 0.303290
vt 0.785386 0.289991
vt 0.808808 0.300583
vt 0.808751 0.289044
vt 0.814529 0.288555
vt 0.814517 0.300283
vt 0.809810 0.289686
vt 0.807850 0.287953
vt 0.733588 0.688463
vt 0.725813 0.689193
vt 0.719621 0.680481
vt 0.727737 0.680331
vt 0.717538 0.666408
vt 0.732136 0.697352
vt 0.718015 0.694359
vt 0.711848 0.684597
vt 0.710396 0.666874
vt 0.714847 0.652351
vt 0.730297 0.654080
vt 0.731572 0.667469
vt 0.733938 0.681560
vt 0.741750 0.693455
vt 0.744811 0.701447
vt 0.750460 0.695309
vt 0.757715 0.695816
vt 0.751058 0.692779
vt 0.757218 0.691150
vt 0.744471 0.705039
vt 0.731460 0.701246
vt 0.742616 0.680617
vt 0.745773 0.666175
vt 0.752763 0.656761
vt 0.757809 0.667286
vt 0.766668 0.668989
vt 0.774168 0.690059
vt 0.768718 0.695231
vt 0.757533 0.703025
vt 0.757419 0.705314
vt 0.761450 0.687593
vt 0.749727 0.680189
vt 0.757338 0.680568
vt 0.765151 0.682054
vt 0.743016 0.682384
vt 0.736089 0.682510
vt 0.750026 0.682097
vt 0.756909 0.682253
vt 0.762043 0.682693
vt 0.759911 0.685905
vt 0.756826 0.689196
vt 0.750735 0.690691
vt 0.742591 0.690577
vt 0.743189 0.688727
vt 0.253274 0.684185
vt 0.267404 0.672180
vt 0.259237 0.667504
vt 0.253900 0.673291
vt 0.785533 0.317395
vt 0.809478 0.317821
vt 0.808951 0.319487
vt 0.784461 0.305737
vt 0.809221 0.306326
vt 0.814423 0.306796
vt 0.814403 0.317537
vt 0.808647 0.304846
vt 0.808627 0.303863
vt 0.784403 0.304098
vt 0.176786 0.596269
vt 0.039024 0.308817
vt 0.248682 0.188186
vt 0.312850 0.763673
vt 0.525470 0.890741
vt 0.501872 0.131920
vt 0.769848 0.188022
vt 0.809999 0.743310
vt 0.973984 0.408232
vt 0.848215 0.533298
vt 0.721151 0.196661
vt 0.960792 0.319127
vt 0.697252 0.738038
vt 0.469622 0.122121
vt 0.483041 0.884031
vt 0.199872 0.752575
vt 0.219565 0.200258
vt 0.034595 0.423162
vt 0.470985 0.552137
vt 0.487855 0.565525
vt 0.450956 0.560054
vt 0.484696 0.586829
vt 0.464667 0.594745
vt 0.447797 0.581358
vt 0.470411 0.284441
vt 0.443394 0.202234
vt 0.475519 0.282772
vt 0.448581 0.200539
vt 0.480690 0.281085
vt 0.453706 0.198867
vt 0.485898 0.279372
vt 0.458789 0.197196
vt 0.491077 0.277654
vt 0.463889 0.195504
vt 0.496193 0.275954
vt 0.469051 0.193789
vt 0.501274 0.274279
vt 0.474258 0.192072
vt 0.390786 0.426291
vt 0.368382 0.427008
vt 0.401367 0.406529
vt 0.356558 0.407964
vt 0.367139 0.388202
vt 0.389544 0.387485
vt 0.590897 0.984620
vt 0.570176 0.977884
vt 0.570176 0.984620
vt 0.590897 0.977884
vt 0.607079 0.977884
vt 0.607079 0.984620
vt 0.624339 0.984620
vt 0.624339 0.977884
vt 0.643431 0.984620
vt 0.643431 0.977884
vt 0.664547 0.984620
vt 0.664547 0.977884
vt 0.680964 0.984667
vt 0.680964 0.977884
vt 0.697097 0.984667
vt 0.697097 0.977884
vt 0.718220 0.984620
vt 0.718220 0.977884
vt 0.737312 0.984620
vt 0.737312 0.977884
vt 0.754571 0.984620
vt 0.754571 0.977884
vt 0.770754 0.977884
vt 0.770754 0.984620
vt 0.791475 0.984620
vt 0.791475 0.977884
vt 0.000000 0.050000
vt 0.000000 0.000000
vt 0.022724 0.050000
vt 0.022724 0.000000
vt 0.052998 0.050000
vt 0.052998 0.000000
vt 0.075824 0.050000
vt 0.075824 0.000000
vt 0.108014 0.050000
vt 0.108014 0.000000
vt 0.150596 0.050000
vt 0.150596 0.000000
vt 0.191702 0.050000
vt 0.191702 0.000000
vt 0.197321 0.050000
vt 0.197321 0.000000
vt 1.000000 0.000000
vt 1.000000 0.050000
vt 0.977276 0.000000
vt 0.977276 0.050000
vt 0.947002 0.000000
vt 0.947002 0.050000
vt 0.924177 0.000000
vt 0.924177 0.050000
vt 0.891986 0.000000
vt 0.891986 0.050000
vt 0.849412 0.000000
vt 0.849412 0.050000
vt 0.808309 0.000000
vt 0.808309 0.050000
vt 0.802691 0.000000
vt 0.802691 0.050000
vt 0.201660 0.050000
vt 0.201660 0.000000
vt 0.243143 0.050000
vt 0.243143 0.000000
vt 0.285845 0.050000
vt 0.285845 0.000000
vt 0.313486 0.050000
vt 0.313486 0.000000
vt 0.484884 0.050000
vt 0.484884 0.000000
vt 0.493955 0.050000
vt 0.493955 0.000000
vt 0.497760 0.050000
vt 0.497760 0.000000
vt 0.500071 0.050000
vt 0.500071 0.000000
vt 0.502410 0.050000
vt 0.502410 0.000000
vt 0.506445 0.050000
vt 0.506445 0.000000
vt 0.515458 0.050000
vt 0.515458 0.000000
vt 0.686962 0.050000
vt 0.686962 0.000000
vt 0.714603 0.050000
vt 0.714603 0.000000
vt 0.757353 0.050000
vt 0.757353 0.000000
vt 0.798875 0.050000
vt 0.798875 0.000000
vt 0.664547 0.996559
vt 0.643431 0.996802
vt 0.624339 0.996802
vt 0.607079 0.996802
vt 0.590897 0.996802
vt 0.570176 0.996802
vt 0.791475 0.996802
vt 0.770754 0.996802
vt 0.754571 0.996802
vt 0.737312 0.996802
vt 0.718220 0.996559
vt 0.697097 0.996559
vt 0.680964 0.996559
vt 0.664547 0.984543
vt 0.204569 0.028486
vt 0.237253 0.028486
vt 0.204569 0.021098
vt 0.237253 0.021098
vt 0.259630 0.028486
vt 0.259630 0.021098
vt 0.269785 0.028486
vt 0.269785 0.021098
vt 0.280347 0.028486
vt 0.280347 0.021098
vt 0.302869 0.028486
vt 0.302869 0.021098
vt 0.335811 0.028486
vt 0.335811 0.021098
vt 0.343949 0.021098
vt 0.343949 0.009504
vt 0.335811 0.009504
vt 0.302869 0.009504
vt 0.280347 0.009504
vt 0.269785 0.009504
vt 0.259630 0.009504
vt 0.237253 0.009504
vt 0.204569 0.009504
vt 0.196466 0.021098
vt 0.196466 0.009504
vt 0.335811 0.002543
vt 0.302869 0.002543
vt 0.280347 0.002543
vt 0.269785 0.002543
vt 0.259630 0.002543
vt 0.237253 0.002543
vt 0.204569 0.002543
vt 0.517789 0.050000
vt 0.517789 0.000000
vt 0.525718 0.050000
vt 0.525718 0.000000
vt 0.551588 0.050000
vt 0.551588 0.000000
vt 0.571896 0.050000
vt 0.571896 0.000000
vt 0.594657 0.050000
vt 0.594657 0.000000
vt 0.624741 0.050000
vt 0.624741 0.000000
vt 0.632740 0.050000
vt 0.632740 0.000000
vt 0.641035 0.050000
vt 0.641035 0.000000
vt 0.663500 0.050000
vt 0.663500 0.000000
vt 0.336948 0.050000
vt 0.336948 0.000000
vt 0.359412 0.050000
vt 0.359412 0.000000
vt 0.367708 0.050000
vt 0.367708 0.000000
vt 0.375707 0.050000
vt 0.375707 0.000000
vt 0.406318 0.050000
vt 0.406318 0.000000
vt 0.428562 0.050000
vt 0.428562 0.000000
vt 0.448865 0.050000
vt 0.448865 0.000000
vt 0.474735 0.050000
vt 0.474735 0.000000
vt 0.482671 0.050000
vt 0.482671 0.000000
vt 0.080794 0.532795
vt 0.191188 0.085383
vt 0.112336 0.179423
vt 0.031221 0.258864
vt 0.022804 0.405611
vt 0.433253 0.098813
vt 0.426716 0.134798
vt 0.416927 0.131405
vt 0.395067 0.041909
vt 0.583841 0.129191
vt 0.573232 0.134798
vt 0.566231 0.102721
vt 0.604932 0.041909
vt 0.616140 0.781040
vt 0.545089 0.274632
vt 0.517917 0.336543
vt 0.499999 0.793691
vt 0.499999 0.352310
vt 0.481638 0.336543
vt 0.383858 0.781040
vt 0.453463 0.272620
vt 0.270858 0.044753
vt 0.250556 0.709775
vt 0.157906 0.633963
vt 0.148508 0.869615
vt 0.068317 0.732227
vt 0.022804 0.561635
vt 0.919205 0.532795
vt 0.842093 0.633963
vt 0.931681 0.732227
vt 0.851490 0.869615
vt 0.753578 0.914019
vt 0.749442 0.709775
vt 0.616140 0.960759
vt 0.246420 0.914019
vt 0.383859 0.960759
vt 0.499999 0.974373
vt 0.729141 0.044753
vt 0.808811 0.085005
vt 0.887663 0.147906
vt 0.977195 0.405611
vt 0.977195 0.561635
vt 0.968778 0.258864
vt 0.328496 0.555131
vt 0.355655 0.555131
vt 0.328496 0.585548
vt 0.355655 0.585548
vt 0.355655 0.608677
vt 0.328496 0.608677
vt 0.322520 0.572295
vt 0.276200 0.572096
vt 0.322563 0.548849
vt 0.276282 0.548656
vt 0.269462 0.523721
vt 0.415065 0.511252
vt 0.397939 0.521213
vt 0.379931 0.436822
vt 0.341002 0.438627
vt 0.391981 0.546574
vt 0.345804 0.548432
vt 0.322969 0.439039
vt 0.284039 0.438803
vt 0.250432 0.513439
vt 0.230667 0.504501
vt 0.267516 0.430954
vt 0.284090 0.420963
vt 0.322925 0.420796
vt 0.249410 0.454924
vt 0.176598 0.456723
vt 0.247989 0.397386
vt 0.175177 0.399184
vt 0.379386 0.380785
vt 0.353451 0.359451
vt 0.379416 0.333662
vt 0.353468 0.333646
vt 0.286486 0.333607
vt 0.286502 0.359460
vt 0.260490 0.333623
vt 0.260519 0.380834
vt 0.290165 0.377060
vt 0.285080 0.380818
vt 0.290160 0.362826
vt 0.349839 0.362818
vt 0.349834 0.377039
vt 0.354871 0.380770
vt 0.349833 0.383333
vt 0.290205 0.383333
vt 0.290205 0.407847
vt 0.349833 0.407847
vt 0.349833 0.306165
vt 0.349833 0.332112
vt 0.290205 0.306165
vt 0.290205 0.332112
vt 0.349833 0.357915
vt 0.290205 0.357915
vt 0.592153 0.069798
vt 0.659813 0.076080
vt 0.590128 0.095402
vt 0.657788 0.100803
vt 0.706370 0.081258
vt 0.704222 0.106540
vt 0.973797 0.957348
vt 0.946926 0.945509
vt 0.957874 0.913767
vt 0.984363 0.920604
vt 0.992898 0.883335
vt 0.963821 0.879742
vt 0.784472 0.083472
vt 0.787462 0.108848
vt 0.753835 0.085567
vt 0.753770 0.109682
vt 0.720082 0.108667
vt 0.721231 0.083038
vt 0.811679 0.081753
vt 0.854221 0.077608
vt 0.813984 0.105440
vt 0.856487 0.100909
vt 0.915798 0.071577
vt 0.918064 0.094878
vt 0.111915 0.530002
vt 0.111889 0.564797
vt 0.099087 0.559924
vt 0.112022 0.473510
vt 0.099282 0.478521
vt 0.099158 0.530134
vt 0.065730 0.559872
vt 0.102018 0.571670
vt 0.064123 0.571611
vt 0.058321 0.564739
vt 0.058388 0.530097
vt 0.065801 0.530082
vt 0.065925 0.478469
vt 0.063908 0.463853
vt 0.102596 0.463912
vt 0.058496 0.473632
vt 0.012874 0.571629
vt 0.015948 0.559816
vt 0.052986 0.571685
vt 0.050369 0.559866
vt 0.054859 0.463116
vt 0.050571 0.478462
vt 0.014473 0.463060
vt 0.016150 0.478413
vt 0.050443 0.530075
vt 0.016022 0.530025
vt 0.003613 0.564683
vt 0.003697 0.529988
vt 0.003828 0.473937
vt 0.175427 0.241988
vt 0.170250 0.258937
vt 0.143373 0.232194
vt 0.138713 0.247464
vt 0.190094 0.264377
vt 0.195092 0.247997
vt 0.180608 0.225041
vt 0.147914 0.217353
vt 0.199796 0.232624
vt 0.169977 0.467820
vt 0.134965 0.467703
vt 0.170237 0.451485
vt 0.135164 0.451299
vt 0.134913 0.573297
vt 0.135022 0.556903
vt 0.169988 0.573525
vt 0.169910 0.557110
vt 0.118651 0.467768
vt 0.118837 0.556638
vt 0.185903 0.557047
vt 0.186090 0.467948
vt 0.398312 0.124180
vt 0.402969 0.124183
vt 0.398298 0.128848
vt 0.402966 0.128854
vt 0.407619 0.124181
vt 0.407619 0.048003
vt 0.402967 0.048003
vt 0.398315 0.048003
vt 0.393618 0.048019
vt 0.393600 0.124149
vt 0.388891 0.124116
vt 0.388926 0.048032
vt 0.251719 0.117339
vt 0.227520 0.117803
vt 0.250528 0.055232
vt 0.226329 0.055696
vt 0.418569 0.722874
vt 0.418557 0.746080
vt 0.366463 0.723002
vt 0.366445 0.746049
vt 0.365782 0.630648
vt 0.418229 0.629999
vt 0.366195 0.653876
vt 0.418429 0.653340
vt 0.441677 0.653277
vt 0.441653 0.722883
vt 0.343314 0.723000
vt 0.343290 0.653943
vt 0.257987 0.520385
vt 0.258036 0.528190
vt 0.214539 0.520873
vt 0.214646 0.528589
vt 0.206954 0.528612
vt 0.207522 0.568422
vt 0.215161 0.568435
vt 0.258578 0.567819
vt 0.266177 0.567619
vt 0.265655 0.528240
vt 0.215228 0.576297
vt 0.258804 0.575588
vt 0.282811 0.611023
vt 0.283113 0.576194
vt 0.320795 0.611353
vt 0.321097 0.576524
vt 0.009286 0.635429
vt 0.013055 0.635337
vt 0.013055 0.654220
vt 0.009286 0.654116
vt 0.005526 0.635521
vt 0.005526 0.654237
vt 0.001833 0.635521
vt 0.001833 0.654355
vt 0.005526 0.680846
vt 0.001833 0.680714
vt 0.005526 0.711068
vt 0.001833 0.711012
vt 0.001833 0.752002
vt 0.005505 0.752204
vt 0.009286 0.711517
vt 0.009286 0.753458
vt 0.009286 0.680820
vt 0.013055 0.680648
vt 0.013055 0.711025
vt 0.013055 0.752123
vt 0.013055 0.797356
vt 0.009286 0.799581
vt 0.013055 0.837810
vt 0.009286 0.839637
vt 0.013055 0.881068
vt 0.009286 0.882531
vt 0.013055 0.922996
vt 0.009286 0.923898
vt 0.013055 0.964683
vt 0.009286 0.964929
vt 0.013055 0.998086
vt 0.009286 0.997705
vt 0.005337 0.961996
vt 0.005526 0.997325
vt 0.001833 0.964008
vt 0.001833 0.997325
vt 0.005124 0.879096
vt 0.005169 0.836660
vt 0.005336 0.797509
vt 0.001833 0.922431
vt 0.005239 0.920377
vt 0.001833 0.880612
vt 0.001833 0.837466
vt 0.001833 0.797118
vt 0.411262 0.622666
vt 0.361761 0.622969
vt 0.410859 0.556819
vt 0.361358 0.557122
vt 0.034440 0.741460
vt 0.034440 0.735846
vt 0.030858 0.735107
vt 0.030646 0.741224
vt 0.034440 0.747074
vt 0.030661 0.747177
vt 0.034440 0.752688
vt 0.031048 0.753421
vt 0.034440 0.784340
vt 0.031038 0.783670
vt 0.034440 0.789954
vt 0.030728 0.789963
vt 0.034440 0.795568
vt 0.030979 0.796210
vt 0.027628 0.789991
vt 0.027842 0.796528
vt 0.023893 0.790139
vt 0.023951 0.796667
vt 0.019904 0.790181
vt 0.019872 0.783762
vt 0.023720 0.783382
vt 0.027593 0.783606
vt 0.027569 0.753613
vt 0.027400 0.747296
vt 0.027400 0.740820
vt 0.023676 0.740522
vt 0.023663 0.747170
vt 0.019840 0.747070
vt 0.019840 0.740396
vt 0.023661 0.753971
vt 0.019840 0.753745
vt 0.019840 0.733722
vt 0.019904 0.796689
vt 0.023742 0.733892
vt 0.024037 0.803107
vt 0.019904 0.803196
vt 0.028143 0.803039
vt 0.027607 0.734390
vt 0.031267 0.802700
vt 0.034440 0.802099
s 1
usemtl ct_urban_exp
f 2202/1/1 2204/2/2 2200/3/3
f 2204/2/2 2206/4/4 2200/3/3
f 2206/4/4 2193/5/5 2200/3/3
f 2193/5/5 2194/6/6 2200/3/3
f 2194/6/6 2196/7/7 2200/3/3
f 2196/7/7 2198/8/8 2200/3/3
f 324/9/9 378/10/10 379/11/11
f 325/12/12 324/9/9 379/11/11
f 328/13/13 325/12/12 379/11/11
f 360/14/14 328/13/13 379/11/11
f 361/15/15 328/13/13 360/14/14
f 422/16/16 328/13/13 361/15/15
f 399/17/17 422/16/16 361/15/15
f 413/18/18 422/16/16 399/17/17
f 398/19/19 413/18/18 399/17/17
f 356/20/20 413/18/18 398/19/19
f 401/21/21 356/20/20 398/19/19
f 354/22/22 356/20/20 401/21/21
f 393/23/23 354/22/22 401/21/21
f 321/24/24 354/22/22 393/23/23
f 380/25/25 321/24/24 393/23/23
f 380/25/25 378/26/10 321/24/24
f 378/26/10 324/27/9 321/24/24
f 2203/28/26 2201/29/27 683/30/28
f 2201/29/27 2199/31/29 683/30/28
f 683/30/28 2199/31/29 685/32/30
f 2199/31/29 2197/33/31 685/32/30
f 2197/33/31 2195/34/32 685/32/30
f 685/32/30 2195/34/32 692/35/33
f 2195/34/32 2192/36/34 692/35/33
f 2192/36/34 2207/37/35 692/35/33
f 2207/37/35 2205/38/36 692/35/33
f 2205/38/36 2203/28/26 692/35/33
f 2203/28/26 688/39/37 692/35/33
f 688/39/37 2203/28/26 683/30/28
f 1402/40/38 1403/41/39 1624/42/40
f 1403/41/39 1623/43/41 1624/42/40
f 1623/43/41 1403/41/39 1671/44/42
f 1403/41/39 1404/45/43 1671/44/42
f 1671/44/42 1404/45/43 1667/46/44
f 1404/45/43 1405/47/45 1667/46/44
f 1667/46/44 1405/47/45 1666/48/46
f 1405/47/45 1406/49/47 1666/48/46
f 1666/48/46 1406/49/47 1661/50/48
f 1406/49/47 1407/51/49 1661/50/48
f 1661/50/48 1407/51/49 1632/52/50
f 1407/51/49 1437/53/51 1632/52/50
f 1437/53/51 1436/54/52 1632/52/50
f 1632/52/50 1436/54/52 1633/55/53
f 1436/54/52 1435/56/54 1633/55/53
f 1633/55/53 1435/56/54 1402/57/38
f 1624/58/40 1633/55/53 1402/57/38
f 2191/59/55 2189/60/56 2190/61/57
f 1372/62/58 1455/63/59 1492/64/60
f 1455/63/59 1456/65/61 1492/64/60
f 1492/64/60 1456/65/61 1491/66/62
f 1456/65/61 1457/67/63 1491/66/62
f 1491/66/62 1457/67/63 1494/68/64
f 1457/67/63 1458/69/65 1494/68/64
f 1494/68/64 1458/69/65 1460/70/66
f 1441/71/67 1494/68/64 1460/70/66
f 1745/72/68 1743/73/69 2091/74/70
f 2262/75/71 1745/72/68 2091/74/70
f 2262/75/71 2091/74/70 2092/76/72
f 2260/77/73 2262/75/71 2092/76/72
f 2260/77/73 2092/76/72 2094/78/74
f 2261/79/75 2260/77/73 2094/78/74
f 2261/79/75 2094/78/74 2096/80/76
f 2270/81/77 2261/79/75 2096/80/76
f 2096/80/76 2098/82/78 2270/81/77
f 2098/82/78 2269/83/79 2270/81/77
f 2098/82/78 2100/84/80 2269/83/79
f 2100/84/80 2268/85/81 2269/83/79
f 2100/84/80 2101/86/82 2268/85/81
f 2101/86/82 2267/87/83 2268/85/81
f 2101/86/82 2102/88/84 2267/87/83
f 2102/88/84 2266/89/85 2267/87/83
f 2266/89/85 2102/88/84 2104/90/86
f 2265/91/87 2266/89/85 2104/90/86
f 2265/91/87 2104/90/86 2106/92/88
f 2264/93/89 2265/91/87 2106/92/88
f 2264/93/89 2106/92/88 2108/94/90
f 2263/95/91 2264/93/89 2108/94/90
f 2263/95/91 2108/94/90 2110/96/92
f 2208/97/93 2263/95/91 2110/96/92
f 1766/98/94 1767/99/95 1845/100/96
f 1768/101/97 1766/98/94 1845/100/96
f 1838/102/98 1768/101/97 1845/100/96
f 1779/103/99 1768/101/97 1838/102/98
f 1839/104/100 1779/103/99 1838/102/98
f 1839/104/100 1784/105/101 1779/103/99
f 1830/106/102 1784/105/101 1839/104/100
f 1784/105/101 1830/106/102 1783/107/103
f 1830/106/102 1829/108/104 1783/107/103
f 1829/108/104 1824/109/105 1783/107/103
f 1824/109/105 1822/110/106 1783/107/103
f 1783/107/103 1822/110/106 1782/111/107
f 1822/110/106 1814/112/108 1782/111/107
f 1782/111/107 1814/112/108 1790/113/109
f 1814/112/108 1812/114/110 1790/113/109
f 1790/113/109 1812/114/110 1788/115/111
f 1812/114/110 1811/116/112 1788/115/111
f 1811/116/112 1789/117/113 1788/115/111
f 2296/118/114 1546/119/115 2297/120/116
f 1546/119/115 1544/121/117 2297/120/116
f 2298/122/118 2297/120/116 1544/121/117
f 1767/123/95 2298/122/118 1544/121/117
f 2299/124/119 2298/122/118 1767/123/95
f 1765/125/120 2299/124/119 1767/123/95
f 2300/126/121 2299/124/119 1765/125/120
f 1764/127/122 2300/126/121 1765/125/120
f 2301/128/123 2300/126/121 1764/127/122
f 1761/129/124 2301/128/123 1764/127/122
f 2302/130/125 2301/128/123 1761/129/124
f 1760/131/126 2302/130/125 1761/129/124
f 2303/132/127 2302/130/125 1760/131/126
f 1759/133/128 2303/132/127 1760/131/126
f 2304/134/129 2303/132/127 1759/133/128
f 1758/135/130 2304/134/129 1759/133/128
f 2289/136/131 2304/134/129 1758/135/130
f 1556/137/132 2289/136/131 1758/135/130
f 2289/138/131 1556/139/132 2290/140/133
f 1556/139/132 1554/141/134 2290/140/133
f 2290/140/133 1554/141/134 2291/142/135
f 1554/141/134 1552/143/136 2291/142/135
f 2291/142/135 1552/143/136 2292/144/137
f 1552/143/136 1551/145/138 2292/144/137
f 2292/144/137 1551/145/138 2293/146/139
f 1551/145/138 1550/147/140 2293/146/139
f 2293/146/139 1550/147/140 2294/148/141
f 1550/147/140 1549/149/142 2294/148/141
f 2294/148/141 1549/149/142 2295/150/143
f 1549/149/142 1548/151/144 2295/150/143
f 2295/150/143 1548/151/144 2296/118/114
f 1548/151/144 1546/119/115 2296/118/114
f 1876/152/145 1877/153/146 1878/154/147
f 2188/155/148 1876/152/145 1878/154/147
f 2188/155/148 1883/156/149 1876/152/145
f 1883/156/149 1882/157/150 1876/152/145
f 2304/134/129 2289/136/131 2280/158/151
f 2281/159/152 2304/134/129 2280/158/151
f 2304/134/129 2281/159/152 2303/132/127
f 2281/159/152 2282/160/153 2303/132/127
f 2302/130/125 2303/132/127 2282/160/153
f 2283/161/154 2302/130/125 2282/160/153
f 2302/130/125 2283/161/154 2284/162/155
f 2301/128/123 2302/130/125 2284/162/155
f 2301/128/123 2284/162/155 2285/163/156
f 2300/126/121 2301/128/123 2285/163/156
f 2300/126/121 2285/163/156 2286/164/157
f 2299/124/119 2300/126/121 2286/164/157
f 2299/124/119 2286/164/157 2287/165/158
f 2298/122/118 2299/124/119 2287/165/158
f 2297/120/116 2298/122/118 2287/165/158
f 2288/166/159 2297/120/116 2287/165/158
f 2297/120/116 2288/166/159 2296/118/114
f 2288/166/159 2274/167/160 2296/118/114
f 2296/118/114 2274/167/160 2273/168/161
f 2295/150/143 2296/118/114 2273/168/161
f 2295/150/143 2273/168/161 2275/169/162
f 2294/148/141 2295/150/143 2275/169/162
f 2294/148/141 2275/169/162 2276/170/163
f 2293/146/139 2294/148/141 2276/170/163
f 2293/146/139 2276/170/163 2277/171/164
f 2292/144/137 2293/146/139 2277/171/164
f 2292/144/137 2277/171/164 2291/142/135
f 2277/171/164 2278/172/165 2291/142/135
f 2290/140/133 2291/142/135 2278/172/165
f 2279/173/166 2290/140/133 2278/172/165
f 2290/140/133 2279/173/166 2289/138/131
f 2279/173/166 2280/174/151 2289/138/131
f 1736/175/167 1735/176/168 2274/167/160
f 2288/166/159 1736/175/167 2274/167/160
f 1736/175/167 2288/166/159 1721/177/169
f 2288/166/159 2287/165/158 1721/177/169
f 1721/177/169 2287/165/158 1722/178/170
f 2287/165/158 2286/164/157 1722/178/170
f 1722/178/170 2286/164/157 1723/179/171
f 2286/164/157 2285/163/156 1723/179/171
f 1723/179/171 2285/163/156 1724/180/172
f 2285/163/156 2284/162/155 1724/180/172
f 1724/180/172 2284/162/155 1725/181/173
f 2284/162/155 2283/161/154 1725/181/173
f 1725/181/173 2283/161/154 1726/182/174
f 2283/161/154 2282/160/153 1726/182/174
f 1726/182/174 2282/160/153 1727/183/175
f 2282/160/153 2281/159/152 1727/183/175
f 1727/183/175 2281/159/152 1728/184/176
f 2281/159/152 2280/158/151 1728/184/176
f 1729/185/177 1728/186/176 2280/174/151
f 2279/173/166 1729/185/177 2280/174/151
f 1730/187/178 1729/185/177 2279/173/166
f 2278/172/165 1730/187/178 2279/173/166
f 1731/188/179 1730/187/178 2278/172/165
f 2277/171/164 1731/188/179 2278/172/165
f 1732/189/180 1731/188/179 2277/171/164
f 2276/170/163 1732/189/180 2277/171/164
f 1733/190/181 1732/189/180 2276/170/163
f 2275/169/162 1733/190/181 2276/170/163
f 1734/191/182 1733/190/181 2275/169/162
f 2273/168/161 1734/191/182 2275/169/162
f 1735/176/168 1734/191/182 2273/168/161
f 2274/167/160 1735/176/168 2273/168/161
f 199/192/183 2093/193/184 198/194/185
f 199/192/183 1357/195/186 2093/193/184
f 1357/195/186 2095/196/187 2093/193/184
f 1357/195/186 2097/197/188 2095/196/187
f 2097/197/188 1357/195/186 2099/198/189
f 1357/195/186 1358/199/190 2099/198/189
f 2099/198/189 1358/199/190 1376/200/191
f 2103/201/192 2099/198/189 1376/200/191
f 2103/201/192 1376/200/191 2105/202/193
f 2105/202/193 1376/200/191 2107/203/194
f 1376/200/191 195/204/195 2107/203/194
f 195/204/195 196/194/196 2107/203/194
f 198/194/185 2093/205/184 2090/206/197
f 197/207/198 198/194/185 2090/206/197
f 2271/208/199 197/207/198 2090/206/197
f 2272/209/200 2271/208/199 2090/206/197
f 2089/210/201 2272/209/200 2090/206/197
f 2215/211/202 2272/209/200 2089/210/201
f 2215/211/202 2112/212/203 2272/209/200
f 2272/209/200 2112/212/203 2271/208/199
f 2112/212/203 2109/213/204 2271/208/199
f 197/207/198 2271/208/199 2109/213/204
f 196/214/196 197/207/198 2109/213/204
f 2109/213/204 2107/215/194 196/214/196
f 773/216/205 811/217/206 2261/79/75
f 2270/81/77 773/216/205 2261/79/75
f 772/218/207 773/216/205 2270/81/77
f 2269/83/79 772/218/207 2270/81/77
f 771/219/208 772/218/207 2269/83/79
f 2268/85/81 771/219/208 2269/83/79
f 771/219/208 2268/85/81 1342/220/209
f 2268/85/81 2267/87/83 1342/220/209
f 1342/220/209 2267/87/83 1343/221/210
f 2267/87/83 2266/89/85 1343/221/210
f 1343/221/210 2266/89/85 1701/222/211
f 2266/89/85 2265/91/87 1701/222/211
f 1701/222/211 2265/91/87 1700/223/212
f 2265/91/87 2264/93/89 1700/223/212
f 1700/223/212 2264/93/89 1699/224/213
f 2264/93/89 2263/95/91 1699/224/213
f 1699/224/213 2263/95/91 1691/225/214
f 2263/95/91 2208/97/93 1691/225/214
f 813/226/215 814/227/216 1745/72/68
f 2262/75/71 813/226/215 1745/72/68
f 812/228/217 813/226/215 2262/75/71
f 2260/77/73 812/228/217 2262/75/71
f 811/217/206 812/228/217 2260/77/73
f 2261/79/75 811/217/206 2260/77/73
f 2216/229/218 1744/230/219 814/231/216
f 1608/232/220 2216/229/218 814/231/216
f 1608/232/220 1692/233/221 2216/229/218
f 1693/234/222 1692/233/221 1608/232/220
f 1607/235/223 1693/234/222 1608/232/220
f 1694/236/224 1693/234/222 1607/235/223
f 1606/237/225 1694/236/224 1607/235/223
f 1695/238/226 1694/236/224 1606/237/225
f 1605/239/227 1695/238/226 1606/237/225
f 1696/240/228 1695/238/226 1605/239/227
f 1604/241/229 1696/240/228 1605/239/227
f 1697/242/230 1696/240/228 1604/241/229
f 1603/243/231 1697/242/230 1604/241/229
f 1698/244/232 1697/242/230 1603/243/231
f 1602/245/233 1698/244/232 1603/243/231
f 1903/246/234 2124/247/235 1920/248/236
f 1896/249/237 317/250/238 88/251/239
f 1896/249/237 88/251/239 1894/252/240
f 1924/253/241 15/254/242 32/255/243
f 15/254/242 1924/253/241 1923/256/244
f 2248/257/245 2249/258/246 2257/259/247
f 2257/259/247 2249/258/246 388/260/248
f 376/261/249 2257/259/247 388/260/248
f 2256/262/250 2257/259/247 376/261/249
f 359/263/251 2256/262/250 376/261/249
f 2256/262/250 359/263/251 357/264/252
f 2254/265/253 2256/262/250 357/264/252
f 2254/265/253 2255/266/254 2256/262/250
f 2255/266/254 2259/267/255 2256/262/250
f 2255/266/254 1802/268/256 2259/267/255
f 1802/268/256 1800/269/257 2259/267/255
f 2259/267/255 1800/269/257 2258/270/258
f 1800/269/257 1797/271/259 2258/270/258
f 1797/271/259 1837/272/260 2258/270/258
f 1837/272/260 2248/257/245 2258/270/258
f 2258/270/258 2248/257/245 2257/259/247
f 2259/267/255 2258/270/258 2256/262/250
f 2258/270/258 2257/259/247 2256/262/250
f 267/273/261 89/274/262 92/275/263
f 267/273/261 1894/276/240 89/274/262
f 1894/276/240 88/277/239 89/274/262
f 1804/278/264 1802/279/256 2255/280/254
f 2252/281/265 1804/278/264 2255/280/254
f 2252/281/265 2255/280/254 2254/282/253
f 2253/283/266 2252/281/265 2254/282/253
f 2253/283/266 2254/282/253 357/284/252
f 370/285/267 2253/283/266 357/284/252
f 2253/283/266 370/285/267 369/286/268
f 2250/287/269 2253/283/266 369/286/268
f 2253/283/266 2250/287/269 2252/281/265
f 2250/287/269 2251/288/270 2252/281/265
f 2252/281/265 2251/288/270 1804/278/264
f 2251/288/270 1805/289/271 1804/278/264
f 2247/290/272 2234/291/273 2236/292/274
f 2224/293/275 2234/291/273 2247/290/272
f 2246/294/276 2224/293/275 2247/290/272
f 2223/295/277 2224/293/275 2246/294/276
f 2223/295/277 2246/294/276 2133/296/278
f 2134/297/279 2223/295/277 2133/296/278
f 2221/298/280 2223/295/277 2134/297/279
f 1805/289/271 2221/298/280 2134/297/279
f 2217/299/281 2221/298/280 1805/289/271
f 2251/288/270 2217/299/281 1805/289/271
f 2219/300/282 2217/299/281 2251/288/270
f 2250/287/269 2219/300/282 2251/288/270
f 2245/301/283 2219/300/282 2250/287/269
f 369/286/268 2245/301/283 2250/287/269
f 2244/302/284 2245/301/283 369/286/268
f 392/303/285 2244/302/284 369/286/268
f 2243/304/286 2244/302/284 392/303/285
f 385/305/287 2243/304/286 392/303/285
f 2242/306/288 2243/304/286 385/305/287
f 387/307/289 2242/306/288 385/305/287
f 2241/308/290 2242/306/288 387/307/289
f 388/260/248 2241/308/290 387/307/289
f 2240/309/291 2241/308/290 388/260/248
f 2249/258/246 2240/309/291 388/260/248
f 2239/310/292 2240/309/291 2249/258/246
f 2248/257/245 2239/310/292 2249/258/246
f 2238/311/293 2239/310/292 2248/257/245
f 1837/272/260 2238/311/293 2248/257/245
f 2237/312/294 2238/311/293 1837/272/260
f 2137/313/295 2237/312/294 1837/272/260
f 2236/292/274 2237/312/294 2137/313/295
f 2136/314/296 2236/292/274 2137/313/295
f 2247/290/272 2236/292/274 2136/314/296
f 2135/315/297 2247/290/272 2136/314/296
f 2246/294/276 2247/290/272 2135/315/297
f 2133/296/278 2246/294/276 2135/315/297
f 2245/301/283 2218/316/298 2219/300/282
f 2235/317/299 2218/316/298 2245/301/283
f 2244/302/284 2235/317/299 2245/301/283
f 2227/318/300 2235/317/299 2244/302/284
f 2243/304/286 2227/318/300 2244/302/284
f 2228/319/301 2227/318/300 2243/304/286
f 2242/306/288 2228/319/301 2243/304/286
f 2230/320/302 2228/319/301 2242/306/288
f 2241/308/290 2230/320/302 2242/306/288
f 2240/309/291 2230/320/302 2241/308/290
f 2231/321/303 2230/320/302 2240/309/291
f 2239/310/292 2231/321/303 2240/309/291
f 2232/322/304 2231/321/303 2239/310/292
f 2238/311/293 2232/322/304 2239/310/292
f 2233/323/305 2232/322/304 2238/311/293
f 2237/312/294 2233/323/305 2238/311/293
f 2236/292/274 2233/323/305 2237/312/294
f 2234/291/273 2233/323/305 2236/292/274
f 2225/324/306 2222/325/307 2220/326/308
f 2225/324/306 2220/326/308 2218/316/298
f 2235/317/299 2225/324/306 2218/316/298
f 2225/324/306 2235/317/299 2227/318/300
f 2226/327/309 2234/291/273 2224/293/275
f 2226/327/309 2229/328/310 2234/291/273
f 2229/328/310 2233/323/305 2234/291/273
f 2229/328/310 2232/322/304 2233/323/305
f 2229/328/310 2231/321/303 2232/322/304
f 2229/328/310 2230/320/302 2231/321/303
f 2229/328/310 2228/319/301 2230/320/302
f 2229/328/310 2226/327/309 2228/319/301
f 2226/327/309 2227/318/300 2228/319/301
f 2226/327/309 2225/324/306 2227/318/300
f 2225/324/306 2226/327/309 2224/293/275
f 2222/325/307 2225/324/306 2224/293/275
f 2222/325/307 2224/293/275 2223/295/277
f 2221/298/280 2222/325/307 2223/295/277
f 2220/326/308 2222/325/307 2221/298/280
f 2217/299/281 2220/326/308 2221/298/280
f 2218/316/298 2220/326/308 2217/299/281
f 2219/300/282 2218/316/298 2217/299/281
f 2216/229/218 1692/233/221 2111/329/311
f 1692/233/221 1691/330/214 2111/329/311
f 2112/212/203 2215/211/202 2111/331/311
f 2215/211/202 2216/332/218 2111/331/311
f 1744/333/219 2216/332/218 2215/211/202
f 2089/210/201 1744/333/219 2215/211/202
f 786/334/312 2119/335/313 1337/336/314
f 2119/335/313 2210/337/315 1337/336/314
f 1337/336/314 2210/337/315 1331/338/316
f 2210/337/315 2211/339/317 1331/338/316
f 1331/338/316 2211/339/317 1330/340/318
f 2211/339/317 2209/341/319 1330/340/318
f 1330/340/318 2209/341/319 1329/342/320
f 2209/341/319 2213/343/321 1329/342/320
f 1329/342/320 2213/343/321 1340/344/322
f 2213/343/321 2214/345/323 1340/344/322
f 1340/344/322 2214/345/323 768/346/324
f 2214/345/323 2115/347/325 768/346/324
f 2115/347/325 2214/345/323 2120/348/326
f 2214/345/323 2212/349/327 2120/348/326
f 2119/335/313 2120/348/326 2212/349/327
f 2210/337/315 2119/335/313 2212/349/327
f 2214/345/323 2213/343/321 2212/349/327
f 2213/343/321 2209/341/319 2212/349/327
f 2210/337/315 2212/349/327 2209/341/319
f 2211/339/317 2210/337/315 2209/341/319
f 1691/225/214 2208/97/93 2111/350/311
f 2208/97/93 2110/351/92 2111/350/311
f 1006/352/328 965/353/329 1005/354/330
f 965/353/329 964/355/331 1005/354/330
f 2192/356/34 2193/357/5 2207/358/35
f 2193/357/5 2206/359/4 2207/358/35
f 2207/358/35 2206/359/4 2205/360/36
f 2206/359/4 2204/361/2 2205/360/36
f 2205/360/36 2204/361/2 2203/362/26
f 2204/361/2 2202/363/1 2203/362/26
f 2203/362/26 2202/363/1 2201/364/27
f 2202/363/1 2200/365/3 2201/364/27
f 2201/364/27 2200/365/3 2199/366/29
f 2200/365/3 2198/367/8 2199/366/29
f 2199/366/29 2198/367/8 2197/368/31
f 2198/367/8 2196/369/7 2197/368/31
f 2197/368/31 2196/369/7 2195/370/32
f 2196/369/7 2194/371/6 2195/370/32
f 2195/370/32 2194/371/6 2192/372/34
f 2194/371/6 2193/373/5 2192/372/34
f 2191/59/55 320/374/332 2189/60/56
f 320/374/332 318/375/333 2189/60/56
f 318/375/333 319/374/334 2189/60/56
f 319/374/334 2190/59/57 2189/60/56
f 1884/376/335 1883/156/149 2187/377/336
f 1883/156/149 2188/155/148 2187/377/336
f 2187/377/336 2188/155/148 1873/378/337
f 2188/155/148 1878/154/147 1873/378/337
f 1873/378/337 1872/379/338 2187/377/336
f 1872/379/338 1891/380/339 2187/377/336
f 2187/377/336 1891/380/339 1884/376/335
f 1891/380/339 1890/381/340 1884/376/335
f 701/382/341 700/383/342 2175/384/343
f 700/383/342 2170/385/344 2175/384/343
f 2175/384/343 2170/385/344 2183/386/345
f 2173/387/346 2175/384/343 2183/386/345
f 2173/387/346 2183/386/345 2184/388/347
f 2183/386/345 2182/389/348 2184/388/347
f 2185/390/349 2184/388/347 2182/389/348
f 2176/391/350 2185/390/349 2182/389/348
f 2186/392/351 2185/390/349 2176/391/350
f 2177/393/352 2186/392/351 2176/391/350
f 2173/387/346 2184/388/347 2161/394/353
f 2179/395/354 2186/392/351 2177/393/352
f 2186/392/351 2179/395/354 2185/390/349
f 2179/395/354 2184/388/347 2185/390/349
f 2184/388/347 2179/395/354 2161/394/353
f 2179/395/354 2180/396/355 2161/394/353
f 2163/397/356 2161/394/353 2180/396/355
f 2163/397/356 2180/396/355 2162/398/357
f 2180/396/355 1918/399/358 2162/398/357
f 2168/400/359 2162/398/357 1918/399/358
f 2168/400/359 1918/399/358 2170/385/344
f 1918/399/358 1921/401/360 2170/385/344
f 1921/401/360 2183/386/345 2170/385/344
f 2183/386/345 1921/401/360 1924/402/241
f 32/403/243 2183/386/345 1924/402/241
f 2182/389/348 2183/386/345 32/403/243
f 31/404/361 2182/389/348 32/403/243
f 2176/391/350 2182/389/348 31/404/361
f 1/405/362 2176/391/350 31/404/361
f 2131/406/363 1919/407/364 2132/408/365
f 1919/407/364 2181/409/366 2132/408/365
f 1919/407/364 1914/410/367 2181/409/366
f 1914/410/367 2180/396/355 2181/409/366
f 1914/410/367 1917/411/368 2180/396/355
f 1917/411/368 1918/399/358 2180/396/355
f 1353/412/369 2178/413/370 1352/414/371
f 2132/408/365 2181/409/366 1353/412/369
f 2181/409/366 2178/413/370 1353/412/369
f 2181/409/366 2180/396/355 2178/413/370
f 2180/396/355 2179/395/354 2178/413/370
f 2178/413/370 2179/395/354 2177/393/352
f 2178/413/370 2177/393/352 1352/414/371
f 1352/414/371 2177/393/352 1/405/362
f 2177/393/352 2176/391/350 1/405/362
f 1913/415/372 1919/416/364 2131/417/363
f 2173/418/346 2174/419/373 2175/420/343
f 700/421/342 706/422/374 2170/423/344
f 706/422/374 2171/424/375 2170/423/344
f 706/422/374 705/425/376 2171/424/375
f 705/425/376 2172/426/377 2171/424/375
f 705/425/376 701/427/341 2172/426/377
f 701/427/341 2175/428/343 2172/426/377
f 2175/428/343 2174/419/373 2172/426/377
f 2167/429/378 2172/426/377 2174/419/373
f 2165/430/379 2167/429/378 2174/419/373
f 2165/430/379 2174/419/373 2173/418/346
f 2161/431/353 2165/430/379 2173/418/346
f 2171/424/375 2169/432/380 2170/423/344
f 2172/426/377 2167/429/378 2171/424/375
f 2167/429/378 2166/433/381 2171/424/375
f 2171/424/375 2166/433/381 2164/434/382
f 2169/432/380 2171/424/375 2164/434/382
f 2169/432/380 2164/434/382 2162/435/357
f 2168/436/359 2169/432/380 2162/435/357
f 2170/437/344 2169/432/380 2168/436/359
f 2167/429/378 2165/438/379 2166/433/381
f 2165/438/379 2164/439/382 2166/433/381
f 2164/439/382 2165/438/379 2161/440/353
f 2162/441/357 2164/439/382 2161/440/353
f 2163/442/356 2162/441/357 2161/440/353
f 1895/443/383 1897/444/384 2156/445/385
f 1897/444/384 2159/446/386 2156/445/385
f 2156/445/385 2159/446/386 2155/447/387
f 2159/446/386 2157/448/388 2155/447/387
f 2155/447/387 2157/448/388 2154/449/389
f 2157/448/388 2158/450/390 2154/449/389
f 2154/449/389 2158/450/390 2153/451/391
f 2158/450/390 2151/452/392 2153/451/391
f 2153/451/391 2151/452/392 2149/453/393
f 2159/446/386 1897/444/384 2160/454/394
f 1897/444/384 1899/455/395 2160/454/394
f 1899/455/395 1900/456/396 2160/454/394
f 1920/457/236 2124/458/235 2125/459/397
f 2152/460/398 1920/457/236 2125/459/397
f 1900/456/396 1920/457/236 2152/460/398
f 2160/454/394 1900/456/396 2152/460/398
f 2150/461/399 2160/454/394 2152/460/398
f 2160/454/394 2150/461/399 2159/446/386
f 2150/461/399 2157/448/388 2159/446/386
f 2157/448/388 2150/461/399 2151/452/392
f 2158/450/390 2157/448/388 2151/452/392
f 1896/462/237 1895/443/383 317/463/238
f 1895/443/383 2156/445/385 317/463/238
f 317/463/238 2156/445/385 155/464/400
f 2156/445/385 2155/447/387 155/464/400
f 155/464/400 2155/447/387 153/465/401
f 2155/447/387 2154/449/389 153/465/401
f 153/465/401 2154/449/389 1349/466/402
f 2154/449/389 2153/451/391 1349/466/402
f 1349/466/402 2153/451/391 1350/467/403
f 2153/451/391 2149/453/393 1350/467/403
f 1350/467/403 2149/453/393 2125/459/397
f 2149/453/393 2152/460/398 2125/459/397
f 2149/453/393 2150/461/399 2152/460/398
f 2151/452/392 2150/461/399 2149/453/393
f 4/468/404 5/469/405 273/470/406
f 5/469/405 15/471/242 273/470/406
f 15/471/242 1923/472/244 273/470/406
f 2127/473/407 2128/474/408 2145/475/409
f 2147/476/410 2127/473/407 2145/475/409
f 2127/473/407 2147/476/410 2148/477/411
f 2126/478/412 2127/473/407 2148/477/411
f 2126/478/412 2148/477/411 2125/479/397
f 2148/477/411 1350/480/403 2125/479/397
f 1350/480/403 2148/477/411 1348/481/413
f 1348/481/413 2148/477/411 1346/482/414
f 2148/477/411 2147/476/410 1346/482/414
f 1346/482/414 2147/476/410 1345/483/415
f 2147/476/410 2145/475/409 1345/483/415
f 1345/483/415 2145/475/409 1355/484/416
f 2145/475/409 2144/485/417 1355/484/416
f 1355/484/416 2144/485/417 1354/486/418
f 2144/485/417 2146/487/419 1354/486/418
f 1354/486/418 2146/487/419 1353/488/369
f 2146/487/419 2130/489/420 1353/488/369
f 2130/489/420 2132/490/365 1353/488/369
f 2129/491/421 2130/489/420 2146/487/419
f 2144/485/417 2129/491/421 2146/487/419
f 2128/474/408 2129/491/421 2144/485/417
f 2145/475/409 2128/474/408 2144/485/417
f 2143/492/422 2141/493/423 2140/494/424
f 2139/495/425 2142/496/426 2138/497/427
f 2143/492/422 2142/496/426 2141/493/423
f 2142/496/426 2139/495/425 2141/493/423
f 2139/495/425 2140/498/424 2141/493/423
f 2140/498/424 2139/495/425 2138/499/427
f 2137/63/295 1837/62/260 2136/65/296
f 1837/62/260 1836/64/428 2136/65/296
f 2136/65/296 1836/64/428 2135/67/297
f 1836/64/428 1835/66/429 2135/67/297
f 2135/67/297 1835/66/429 2133/69/278
f 1835/66/429 1834/68/430 2133/69/278
f 1834/68/430 1805/71/271 2133/69/278
f 1805/71/271 2134/70/279 2133/69/278
f 2132/500/365 2130/501/420 2131/502/363
f 2130/501/420 1913/503/372 2131/502/363
f 1913/503/372 2130/501/420 1909/504/431
f 2130/501/420 2129/505/421 1909/504/431
f 1909/504/431 2129/505/421 1907/506/432
f 2129/505/421 2128/507/408 1907/506/432
f 1907/506/432 2128/507/408 1905/508/433
f 2128/507/408 2127/509/407 1905/508/433
f 1905/508/433 2127/509/407 1903/510/234
f 2127/509/407 2126/511/412 1903/510/234
f 1903/510/234 2126/511/412 2124/512/235
f 2126/511/412 2125/513/397 2124/512/235
f 2042/514/434 308/515/435 2043/516/436
f 308/515/435 309/517/437 2043/516/436
f 2043/516/436 309/517/437 2044/518/438
f 309/517/437 1922/519/439 2044/518/438
f 2044/518/438 1922/519/439 2062/520/440
f 1922/519/439 1918/521/358 2062/520/440
f 2062/520/440 1918/521/358 2063/522/441
f 1918/521/358 1916/523/442 2063/522/441
f 2063/522/441 1916/523/442 2065/524/443
f 1916/523/442 1915/525/444 2065/524/443
f 2065/524/443 1915/525/444 2086/526/445
f 1915/525/444 1912/527/446 2086/526/445
f 2086/526/445 1912/527/446 2087/528/447
f 1912/527/446 1911/529/448 2087/528/447
f 2087/528/447 1911/529/448 2088/530/449
f 1911/529/448 1910/531/450 2088/530/449
f 2088/530/449 1910/531/450 1961/532/451
f 1910/531/450 1908/533/452 1961/532/451
f 2123/534/453 2122/535/454 2116/536/455
f 2122/535/454 2121/537/456 2116/536/455
f 2117/538/457 2116/536/455 2121/537/456
f 2118/539/458 2117/538/457 2121/537/456
f 782/540/459 781/541/460 2116/536/455
f 2116/536/455 781/541/460 2123/534/453
f 781/541/460 775/542/461 2123/534/453
f 2123/534/453 775/542/461 2122/535/454
f 775/542/461 774/543/462 2122/535/454
f 2122/535/454 774/543/462 2115/544/325
f 2122/535/454 2115/544/325 2121/537/456
f 2115/544/325 2120/545/326 2121/537/456
f 2118/539/458 2121/537/456 2120/545/326
f 2119/546/313 2118/539/458 2120/545/326
f 2119/546/313 786/547/312 2118/539/458
f 786/547/312 784/548/463 2118/539/458
f 2118/539/458 784/548/463 2117/538/457
f 784/548/463 782/540/459 2117/538/457
f 2117/538/457 782/540/459 2116/536/455
f 774/543/462 768/549/324 2115/544/325
f 2114/550/464 1969/551/465 1970/552/466
f 1968/553/467 1969/551/465 2114/550/464
f 2113/554/468 1968/553/467 2114/550/464
f 1968/553/467 2113/554/468 1989/555/469
f 2113/554/468 1897/556/384 1989/555/469
f 1897/556/384 302/557/470 1989/555/469
f 1990/558/471 1989/555/469 302/557/470
f 303/559/472 1990/558/471 302/557/470
f 1991/560/473 1990/558/471 303/559/472
f 304/561/474 1991/560/473 303/559/472
f 1993/562/475 1991/560/473 304/561/474
f 305/563/476 1993/562/475 304/561/474
f 2040/564/477 1993/562/475 305/563/476
f 306/565/478 2040/564/477 305/563/476
f 2040/564/477 306/565/478 2041/566/479
f 306/565/478 307/567/480 2041/566/479
f 2041/566/479 307/567/480 2042/514/434
f 307/567/480 308/515/435 2042/514/434
f 1961/568/451 1908/569/452 1960/570/481
f 1908/569/452 1906/571/482 1960/570/481
f 1960/570/481 1906/571/482 1972/572/483
f 1906/571/482 1904/573/484 1972/572/483
f 1972/572/483 1904/573/484 1971/574/485
f 1904/573/484 1902/575/486 1971/574/485
f 1971/574/485 1902/575/486 1970/552/466
f 1902/575/486 1901/576/487 1970/552/466
f 1970/552/466 1901/576/487 2114/550/464
f 1901/576/487 1898/577/488 2114/550/464
f 2114/550/464 1898/577/488 2113/554/468
f 1898/577/488 1897/556/384 2113/554/468
f 2109/578/204 2112/579/203 2111/580/311
f 2111/580/311 2110/581/92 2109/578/204
f 2110/581/92 2108/582/90 2109/578/204
f 2109/578/204 2108/582/90 2107/583/194
f 2108/582/90 2106/584/88 2107/583/194
f 2107/583/194 2106/584/88 2105/585/193
f 2106/584/88 2104/586/86 2105/585/193
f 2105/585/193 2104/586/86 2103/587/192
f 2104/586/86 2102/588/84 2103/587/192
f 2103/587/192 2102/588/84 2099/589/189
f 2102/588/84 2101/590/82 2099/589/189
f 2101/590/82 2100/591/80 2099/589/189
f 2098/590/78 2099/589/189 2100/591/80
f 2097/587/188 2099/589/189 2098/590/78
f 2096/588/76 2097/587/188 2098/590/78
f 2095/585/187 2097/587/188 2096/588/76
f 2094/586/74 2095/585/187 2096/588/76
f 2093/583/184 2095/585/187 2094/586/74
f 2092/584/72 2093/583/184 2094/586/74
f 2090/578/197 2093/583/184 2092/584/72
f 2091/582/70 2090/578/197 2092/584/72
f 1744/580/219 2090/578/197 2091/582/70
f 1743/581/69 1744/580/219 2091/582/70
f 2090/578/197 1744/580/219 2089/579/201
f 1961/532/451 1929/592/489 2088/530/449
f 1929/592/489 2085/593/490 2088/530/449
f 2088/530/449 2085/593/490 2087/528/447
f 2085/593/490 2084/594/491 2087/528/447
f 2087/528/447 2084/594/491 2086/526/445
f 2084/594/491 2083/595/492 2086/526/445
f 2086/526/445 2083/595/492 2065/524/443
f 2083/595/492 2064/596/493 2065/524/443
f 2083/595/492 2075/597/494 2064/596/493
f 2075/597/494 2060/598/495 2064/596/493
f 1929/592/489 1930/599/496 2085/593/490
f 1930/599/496 1933/600/497 2080/601/498
f 1930/599/496 2080/601/498 2085/593/490
f 2081/602/499 2085/593/490 2080/601/498
f 2085/593/490 2081/602/499 2084/594/491
f 2081/602/499 2082/603/500 2084/594/491
f 2082/603/500 2083/595/492 2084/594/491
f 2082/603/500 2075/597/494 2083/595/492
f 2082/603/500 2076/604/501 2075/597/494
f 2076/604/501 2082/603/500 2081/602/499
f 2078/605/502 2076/604/501 2081/602/499
f 2078/605/502 2081/602/499 2080/601/498
f 2080/601/498 2079/606/503 2078/605/502
f 1933/600/497 2079/606/503 2080/601/498
f 2071/607/504 2079/606/503 1933/600/497
f 1926/608/505 2071/607/504 1933/600/497
f 2071/607/504 1926/608/505 1927/609/506
f 2072/610/507 2073/611/508 2074/612/509
f 2077/613/510 2072/610/507 2074/612/509
f 2071/607/504 2072/610/507 2077/613/510
f 2079/606/503 2071/607/504 2077/613/510
f 2079/606/503 2077/613/510 2078/605/502
f 2077/613/510 2076/604/501 2078/605/502
f 2076/604/501 2077/613/510 2074/612/509
f 2076/604/501 2074/612/509 2075/597/494
f 2060/598/495 2075/597/494 2074/612/509
f 2059/614/511 2060/598/495 2074/612/509
f 2073/611/508 2059/614/511 2074/612/509
f 2059/614/511 2073/611/508 2058/615/512
f 2073/611/508 2072/610/507 2058/615/512
f 2072/610/507 2066/616/513 2058/615/512
f 2072/610/507 2071/607/504 2066/616/513
f 2071/607/504 2069/617/514 2066/616/513
f 2069/617/514 2071/607/504 1927/609/506
f 2068/618/515 2069/617/514 1927/609/506
f 1928/619/516 2068/618/515 1927/609/506
f 2068/618/515 1928/619/516 1942/620/517
f 2070/621/518 2068/618/515 1942/620/517
f 2027/622/519 2070/621/518 1942/620/517
f 2070/621/518 2027/622/519 2055/623/520
f 2027/622/519 2028/624/521 2055/623/520
f 2028/624/521 2049/625/522 2055/623/520
f 2029/626/523 2049/625/522 2028/624/521
f 2056/627/524 2057/628/525 2055/623/520
f 2057/628/525 2067/629/526 2055/623/520
f 2055/623/520 2067/629/526 2070/621/518
f 2067/629/526 2068/618/515 2070/621/518
f 2068/618/515 2067/629/526 2066/616/513
f 2069/617/514 2068/618/515 2066/616/513
f 2067/629/526 2057/628/525 2066/616/513
f 2057/628/525 2058/615/512 2066/616/513
f 2065/524/443 2064/596/493 2063/522/441
f 2064/596/493 2061/630/527 2063/522/441
f 2061/630/527 2064/596/493 2060/598/495
f 2063/522/441 2061/630/527 2062/520/440
f 2044/518/438 2062/520/440 2045/631/528
f 2061/630/527 2045/631/528 2062/520/440
f 2045/631/528 2061/630/527 2053/632/529
f 2053/632/529 2061/630/527 2060/598/495
f 2052/633/530 2053/632/529 2060/598/495
f 2059/614/511 2052/633/530 2060/598/495
f 2052/633/530 2059/614/511 2051/634/531
f 2051/634/531 2059/614/511 2058/615/512
f 2057/628/525 2051/634/531 2058/615/512
f 2051/634/531 2057/628/525 2048/635/532
f 2057/628/525 2056/627/524 2048/635/532
f 2056/627/524 2049/625/522 2048/635/532
f 2049/625/522 2056/627/524 2055/623/520
f 2054/636/533 2045/631/528 2053/632/529
f 2054/636/533 2046/637/534 2045/631/528
f 2046/637/534 2054/636/533 2050/638/535
f 2050/638/535 2054/636/533 2053/632/529
f 2047/639/536 2050/638/535 2053/632/529
f 2052/633/530 2047/639/536 2053/632/529
f 2047/639/536 2052/633/530 2048/635/532
f 2048/635/532 2052/633/530 2051/634/531
f 2047/639/536 2046/637/534 2050/638/535
f 2049/625/522 2029/626/523 2048/635/532
f 2029/626/523 2035/640/537 2048/635/532
f 2035/640/537 2047/639/536 2048/635/532
f 2036/641/538 2047/639/536 2035/640/537
f 2047/639/536 2036/641/538 2046/637/534
f 2036/641/538 2039/642/539 2046/637/534
f 2046/637/534 2039/642/539 2045/631/528
f 2045/631/528 2039/642/539 2038/643/540
f 2038/643/540 2044/518/438 2045/631/528
f 2038/643/540 2032/644/541 2044/518/438
f 2032/644/541 2043/516/436 2044/518/438
f 2032/644/541 2033/645/542 2043/516/436
f 2033/645/542 2042/514/434 2043/516/436
f 2033/645/542 2034/646/543 2042/514/434
f 2034/646/543 2041/566/479 2042/514/434
f 2041/566/479 2034/646/543 2040/564/477
f 2034/646/543 2007/647/544 2040/564/477
f 1993/562/475 2040/564/477 2007/647/544
f 2036/641/538 2037/648/545 2039/642/539
f 2039/642/539 2037/648/545 2038/643/540
f 2038/643/540 2037/648/545 2032/644/541
f 2037/648/545 2031/649/546 2032/644/541
f 2037/648/545 2036/641/538 2031/649/546
f 2036/641/538 2030/650/547 2031/649/546
f 2030/650/547 2036/641/538 2035/640/537
f 2035/640/537 2029/626/523 2030/650/547
f 2007/647/544 2034/646/543 2012/651/548
f 2012/651/548 2034/646/543 2024/652/549
f 2034/646/543 2033/645/542 2024/652/549
f 2033/645/542 2026/653/550 2024/652/549
f 2026/653/550 2033/645/542 2032/644/541
f 2025/654/551 2026/653/550 2032/644/541
f 2031/649/546 2025/654/551 2032/644/541
f 2021/655/552 2025/654/551 2031/649/546
f 2021/655/552 2031/649/546 2030/650/547
f 2020/656/553 2021/655/552 2030/650/547
f 2029/626/523 2020/656/553 2030/650/547
f 2020/656/553 2029/626/523 2019/657/554
f 2019/657/554 2029/626/523 2028/624/521
f 2017/658/555 2019/657/554 2028/624/521
f 2027/622/519 2017/658/555 2028/624/521
f 2009/659/556 2017/658/555 2027/622/519
f 1943/660/557 2009/659/556 2027/622/519
f 1943/660/557 2027/622/519 1942/620/517
f 2017/658/555 2009/659/556 2010/661/558
f 2016/662/559 2015/663/560 2018/664/561
f 2015/663/560 2022/665/562 2018/664/561
f 2022/665/562 2015/663/560 2014/666/563
f 2025/654/551 2021/655/552 2023/667/564
f 2026/653/550 2025/654/551 2024/652/549
f 2025/654/551 2023/667/564 2024/652/549
f 2012/651/548 2024/652/549 2023/667/564
f 2014/666/563 2012/651/548 2023/667/564
f 2023/667/564 2022/665/562 2014/666/563
f 2021/655/552 2022/665/562 2023/667/564
f 2022/665/562 2021/655/552 2018/664/561
f 2021/655/552 2020/656/553 2018/664/561
f 2018/664/561 2020/656/553 2019/657/554
f 2019/657/554 2017/658/555 2018/664/561
f 2017/658/555 2016/662/559 2018/664/561
f 2016/662/559 2017/658/555 2010/661/558
f 2015/663/560 2016/662/559 2010/661/558
f 2011/668/565 2015/663/560 2010/661/558
f 2015/663/560 2011/668/565 2013/669/566
f 2014/666/563 2015/663/560 2013/669/566
f 2012/651/548 2014/666/563 2013/669/566
f 2005/670/567 2013/669/566 2011/671/565
f 2006/672/568 2013/669/566 2005/670/567
f 2006/672/568 2012/651/548 2013/669/566
f 2006/672/568 2007/647/544 2012/651/548
f 2002/673/569 2003/674/570 2001/675/571
f 2003/674/570 2004/676/572 2001/675/571
f 2001/675/571 2004/676/572 2008/677/573
f 2004/676/572 2005/670/567 2008/677/573
f 2008/677/573 2005/670/567 2011/671/565
f 2008/677/573 2011/671/565 2000/678/574
f 2011/671/565 2010/679/558 2000/678/574
f 2010/679/558 2009/680/556 2000/678/574
f 2009/680/556 1999/681/575 2000/678/574
f 1999/681/575 2009/680/556 1943/682/557
f 2008/677/573 2000/678/574 2001/675/571
f 1994/683/576 1993/562/475 2007/647/544
f 1994/683/576 2007/647/544 2006/672/568
f 1995/684/577 1994/683/576 2006/672/568
f 1995/684/577 2006/672/568 2005/670/567
f 1995/684/577 2005/670/567 1996/685/578
f 2005/670/567 2004/676/572 1996/685/578
f 1997/686/579 1996/685/578 2004/676/572
f 2003/674/570 1997/686/579 2004/676/572
f 1997/686/579 2003/674/570 1998/687/580
f 2003/674/570 2002/673/569 1998/687/580
f 2002/673/569 1982/688/581 1998/687/580
f 1982/688/581 2002/673/569 2001/675/571
f 1984/689/582 1982/688/581 2001/675/571
f 2000/678/574 1984/689/582 2001/675/571
f 1988/690/583 1984/689/582 2000/678/574
f 1999/681/575 1988/690/583 2000/678/574
f 1988/690/583 1999/681/575 1944/691/584
f 1944/691/584 1999/681/575 1943/682/557
f 1982/688/581 1980/692/585 1998/687/580
f 1978/693/586 1998/687/580 1980/692/585
f 1978/693/586 1987/694/587 1998/687/580
f 1987/694/587 1997/686/579 1998/687/580
f 1992/695/588 1997/686/579 1987/694/587
f 1997/686/579 1992/695/588 1996/685/578
f 1996/685/578 1992/695/588 1995/684/577
f 1992/695/588 1994/683/576 1995/684/577
f 1994/683/576 1992/695/588 1993/562/475
f 1992/695/588 1991/560/473 1993/562/475
f 1992/695/588 1987/694/587 1991/560/473
f 1987/694/587 1990/558/471 1991/560/473
f 1987/694/587 1986/696/589 1990/558/471
f 1986/696/589 1989/555/469 1990/558/471
f 1986/696/589 1968/553/467 1989/555/469
f 1986/696/589 1978/693/586 1968/553/467
f 1939/697/590 1953/698/591 1940/699/592
f 1953/698/591 1941/700/593 1940/699/592
f 1941/700/593 1953/698/591 1951/701/594
f 1944/691/584 1941/700/593 1951/701/594
f 1951/701/594 1988/690/583 1944/691/584
f 1983/702/595 1988/690/583 1951/701/594
f 1988/690/583 1983/702/595 1984/689/582
f 1987/694/587 1978/693/586 1986/696/589
f 1985/703/596 1952/704/597 1973/705/598
f 1952/704/597 1985/703/596 1951/701/594
f 1985/703/596 1983/702/595 1951/701/594
f 1983/702/595 1985/703/596 1973/705/598
f 1981/706/599 1983/702/595 1973/705/598
f 1974/707/600 1981/706/599 1973/705/598
f 1981/706/599 1974/707/600 1979/708/601
f 1977/709/602 1979/708/601 1976/710/603
f 1979/708/601 1974/707/600 1976/710/603
f 1976/710/603 1974/707/600 1975/711/604
f 1983/702/595 1982/688/581 1984/689/582
f 1982/688/581 1983/702/595 1981/706/599
f 1980/692/585 1982/688/581 1981/706/599
f 1980/692/585 1981/706/599 1979/708/601
f 1979/708/601 1978/693/586 1980/692/585
f 1979/708/601 1977/709/602 1978/693/586
f 1978/693/586 1977/709/602 1968/553/467
f 1977/709/602 1976/710/603 1968/553/467
f 1976/710/603 1967/712/605 1968/553/467
f 1967/712/605 1976/710/603 1975/711/604
f 1967/712/605 1975/711/604 1965/713/606
f 1975/711/604 1974/707/600 1965/713/606
f 1974/707/600 1966/714/607 1965/713/606
f 1966/714/607 1974/707/600 1973/705/598
f 1956/715/608 1966/714/607 1973/705/598
f 1955/716/609 1956/715/608 1973/705/598
f 1973/705/598 1952/704/597 1955/716/609
f 1952/704/597 1954/717/610 1955/716/609
f 1972/572/483 1959/718/611 1960/570/481
f 1963/719/612 1959/718/611 1972/572/483
f 1971/574/485 1963/719/612 1972/572/483
f 1964/720/613 1963/719/612 1971/574/485
f 1970/552/466 1964/720/613 1971/574/485
f 1969/551/465 1964/720/613 1970/552/466
f 1964/720/613 1969/551/465 1965/713/606
f 1969/551/465 1968/553/467 1965/713/606
f 1968/553/467 1967/712/605 1965/713/606
f 1966/714/607 1956/715/608 1965/713/606
f 1956/715/608 1962/721/614 1965/713/606
f 1962/721/614 1964/720/613 1965/713/606
f 1964/720/613 1962/721/614 1963/719/612
f 1962/721/614 1957/722/615 1963/719/612
f 1958/723/616 1963/719/612 1957/722/615
f 1963/719/612 1958/723/616 1959/718/611
f 1957/722/615 1962/721/614 1956/715/608
f 1950/724/617 1931/725/618 1929/726/489
f 1950/724/617 1929/726/489 1961/568/451
f 1960/570/481 1950/724/617 1961/568/451
f 1959/718/611 1950/724/617 1960/570/481
f 1949/727/619 1950/724/617 1959/718/611
f 1958/723/616 1949/727/619 1959/718/611
f 1958/723/616 1947/728/620 1949/727/619
f 1947/728/620 1958/723/616 1957/722/615
f 1946/729/621 1947/728/620 1957/722/615
f 1946/729/621 1957/722/615 1956/715/608
f 1956/715/608 1937/730/622 1946/729/621
f 1937/730/622 1956/715/608 1955/716/609
f 1938/731/623 1937/730/622 1955/716/609
f 1954/717/610 1938/731/623 1955/716/609
f 1938/731/623 1954/717/610 1939/697/590
f 1954/717/610 1952/704/597 1939/697/590
f 1952/704/597 1953/698/591 1939/697/590
f 1953/698/591 1952/704/597 1951/701/594
f 1935/732/624 1934/733/625 1932/734/626
f 1945/735/627 1935/732/624 1932/734/626
f 1945/735/627 1932/734/626 1931/725/618
f 1948/736/628 1945/735/627 1931/725/618
f 1948/736/628 1931/725/618 1950/724/617
f 1949/727/619 1948/736/628 1950/724/617
f 1947/728/620 1948/736/628 1949/727/619
f 1947/728/620 1945/735/627 1948/736/628
f 1947/728/620 1946/729/621 1945/735/627
f 1946/729/621 1937/730/622 1945/735/627
f 1937/730/622 1935/732/624 1945/735/627
f 1944/691/584 1943/682/557 1941/700/593
f 1943/682/557 1942/737/517 1941/700/593
f 1941/700/593 1942/737/517 1928/738/516
f 1940/699/592 1941/700/593 1928/738/516
f 1940/699/592 1928/738/516 1925/739/629
f 1940/699/592 1925/739/629 1939/697/590
f 1925/739/629 1936/740/630 1939/697/590
f 1936/740/630 1938/731/623 1939/697/590
f 1937/730/622 1938/731/623 1936/740/630
f 1935/732/624 1937/730/622 1936/740/630
f 1935/732/624 1936/740/630 1925/739/629
f 1934/733/625 1935/732/624 1925/739/629
f 1926/741/505 1934/733/625 1925/739/629
f 1934/733/625 1926/741/505 1932/734/626
f 1926/741/505 1933/742/497 1932/734/626
f 1932/734/626 1933/742/497 1930/743/496
f 1931/725/618 1932/734/626 1930/743/496
f 1931/725/618 1930/743/496 1929/726/489
f 1928/738/516 1927/744/506 1925/739/629
f 1927/744/506 1926/741/505 1925/739/629
f 1740/745/631 1737/746/632 1741/747/633
f 1921/748/360 1923/749/244 1924/750/241
f 1923/749/244 1921/748/360 1922/751/439
f 273/752/406 1923/749/244 1922/751/439
f 273/752/406 1922/751/439 309/753/437
f 1922/751/439 1921/748/360 1918/754/358
f 1920/755/236 1900/756/396 1903/757/234
f 1914/758/367 1919/759/364 1913/760/372
f 1916/761/442 1918/754/358 1917/762/368
f 1917/762/368 1914/758/367 1916/761/442
f 1914/758/367 1915/763/444 1916/761/442
f 1914/758/367 1912/764/446 1915/763/444
f 1912/764/446 1914/758/367 1913/760/372
f 1912/764/446 1913/760/372 1909/765/431
f 1911/766/448 1912/764/446 1909/765/431
f 1911/766/448 1909/765/431 1910/767/450
f 1910/767/450 1909/765/431 1908/768/452
f 1909/765/431 1907/769/432 1908/768/452
f 1908/768/452 1907/769/432 1906/770/482
f 1907/769/432 1905/771/433 1906/770/482
f 1905/771/433 1904/772/484 1906/770/482
f 1905/771/433 1903/757/234 1904/772/484
f 1903/757/234 1902/773/486 1904/772/484
f 1900/756/396 1902/773/486 1903/757/234
f 1902/773/486 1900/756/396 1901/774/487
f 1900/756/396 1898/775/488 1901/774/487
f 1900/756/396 1899/776/395 1898/775/488
f 1899/776/395 1897/777/384 1898/775/488
f 1897/777/384 1895/778/383 302/779/470
f 1895/778/383 1896/780/237 1894/781/240
f 1895/778/383 1894/781/240 302/779/470
f 267/782/261 302/779/470 1894/781/240
f 1739/783/634 1742/784/635 1738/785/636
f 1866/786/637 1868/787/638 1869/788/639
f 1893/789/640 1866/786/637 1869/788/639
f 1893/789/640 1892/790/641 1866/786/637
f 1892/790/641 1865/791/642 1866/786/637
f 1889/792/643 1890/381/340 1891/380/339
f 1869/788/639 1888/793/644 1887/794/645
f 1893/789/640 1869/788/639 1887/794/645
f 1887/794/645 1889/792/643 1893/789/640
f 1889/792/643 1892/790/641 1893/789/640
f 1892/790/641 1889/792/643 1891/380/339
f 1865/791/642 1892/790/641 1891/380/339
f 1872/379/338 1865/791/642 1891/380/339
f 1884/795/335 1890/796/340 1885/797/646
f 1890/796/340 1889/798/643 1885/797/646
f 1889/798/643 1886/799/647 1885/797/646
f 1889/798/643 1887/800/645 1886/799/647
f 1657/801/648 1658/802/649 1881/803/650
f 1870/804/651 1869/805/639 1867/806/652
f 1870/804/651 1880/807/653 1869/805/639
f 1880/807/653 1888/808/644 1869/805/639
f 1887/800/645 1888/808/644 1880/807/653
f 1879/809/654 1887/800/645 1880/807/653
f 1887/800/645 1879/809/654 1886/799/647
f 1886/799/647 1879/809/654 1663/810/655
f 1886/799/647 1663/810/655 1885/797/646
f 1663/810/655 1655/811/656 1885/797/646
f 1885/797/646 1655/811/656 1657/801/648
f 1884/795/335 1885/797/646 1657/801/648
f 1884/795/335 1657/801/648 1881/803/650
f 1884/795/335 1881/803/650 1883/812/149
f 1881/803/650 1882/813/150 1883/812/149
f 1876/814/145 1882/813/150 1881/803/650
f 1875/815/657 1876/814/145 1881/803/650
f 1881/803/650 1658/802/649 1875/815/657
f 1658/802/649 1643/816/658 1875/815/657
f 1641/817/659 1646/818/660 1870/804/651
f 1870/804/651 1646/818/660 1880/807/653
f 1646/818/660 1648/819/661 1880/807/653
f 1880/807/653 1648/819/661 1879/809/654
f 1648/819/661 1662/820/662 1879/809/654
f 1879/809/654 1662/820/662 1663/810/655
f 1627/821/663 1637/822/664 1871/823/665
f 1871/823/665 1637/822/664 1638/824/666
f 1873/825/337 1878/826/147 1874/827/667
f 1878/826/147 1877/828/146 1874/827/667
f 1874/827/667 1877/828/146 1876/829/145
f 1875/830/657 1874/827/667 1876/829/145
f 1875/830/657 1643/831/658 1874/827/667
f 1643/831/658 1626/832/668 1874/827/667
f 1874/827/667 1626/832/668 1873/825/337
f 1626/832/668 1627/821/663 1873/825/337
f 1873/825/337 1627/821/663 1871/823/665
f 1871/823/665 1872/833/338 1873/825/337
f 1865/834/642 1872/833/338 1871/823/665
f 1864/835/669 1865/834/642 1871/823/665
f 1864/835/669 1871/823/665 1638/824/666
f 1864/835/669 1638/824/666 1863/836/670
f 1638/824/666 1640/837/671 1863/836/670
f 1863/836/670 1640/837/671 1867/806/652
f 1640/837/671 1641/817/659 1867/806/652
f 1867/806/652 1641/817/659 1870/804/651
f 1869/805/639 1868/838/638 1867/806/652
f 1867/806/652 1868/838/638 1866/839/637
f 1863/836/670 1867/806/652 1866/839/637
f 1866/839/637 1865/834/642 1863/836/670
f 1865/834/642 1864/835/669 1863/836/670
f 1569/840/672 1568/841/673 1854/842/674
f 1862/843/675 1569/840/672 1854/842/674
f 1571/844/676 1569/840/672 1862/843/675
f 1861/845/677 1571/844/676 1862/843/675
f 1571/844/676 1861/845/677 1486/846/678
f 1861/845/677 1860/847/679 1486/846/678
f 1486/846/678 1860/847/679 1485/848/680
f 1485/848/680 1860/847/679 1503/849/681
f 1855/850/682 1856/851/683 1854/842/674
f 1856/851/683 1862/843/675 1854/842/674
f 1862/843/675 1856/851/683 1861/845/677
f 1861/845/677 1856/851/683 1857/852/684
f 1861/845/677 1857/852/684 1860/847/679
f 1857/852/684 1858/853/685 1860/847/679
f 1860/847/679 1858/853/685 1503/849/681
f 1503/849/681 1858/853/685 1859/854/686
f 1503/849/681 1859/854/686 1502/855/687
f 1502/855/687 1514/856/688 1501/857/689
f 1859/854/686 1514/856/688 1502/855/687
f 1859/854/686 1516/858/690 1514/856/688
f 1859/854/686 1541/859/691 1516/858/690
f 1858/853/685 1541/859/691 1859/854/686
f 1543/860/692 1541/859/691 1858/853/685
f 1857/852/684 1543/860/692 1858/853/685
f 1857/852/684 1534/861/693 1543/860/692
f 1856/851/683 1534/861/693 1857/852/684
f 1856/851/683 1536/862/694 1534/861/693
f 1855/850/682 1536/862/694 1856/851/683
f 1855/850/682 1851/863/695 1536/862/694
f 1855/850/682 1854/842/674 1851/863/695
f 1854/842/674 1850/864/696 1851/863/695
f 1854/842/674 1568/865/673 1850/864/696
f 1568/865/673 1567/866/697 1850/864/696
f 1849/867/698 1850/864/696 1567/866/697
f 1849/867/698 1848/868/699 1850/864/696
f 1755/869/700 1849/867/698 1567/866/697
f 1851/863/695 1852/870/701 1536/862/694
f 1842/871/702 1536/862/694 1852/870/701
f 1853/872/703 1842/871/702 1852/870/701
f 1853/872/703 1843/873/704 1842/871/702
f 1843/873/704 1853/872/703 1844/874/705
f 1853/872/703 1846/875/706 1844/874/705
f 1846/875/706 1853/872/703 1847/876/707
f 1853/872/703 1852/870/701 1847/876/707
f 1848/868/699 1847/876/707 1852/870/701
f 1851/863/695 1848/868/699 1852/870/701
f 1848/868/699 1851/863/695 1850/864/696
f 1774/877/708 1830/106/102 1756/878/709
f 1830/106/102 1841/879/710 1756/878/709
f 1756/878/709 1841/879/710 1755/880/700
f 1841/879/710 1849/867/698 1755/880/700
f 1848/868/699 1849/867/698 1841/879/710
f 1840/881/711 1848/868/699 1841/879/710
f 1848/868/699 1840/881/711 1847/876/707
f 1847/876/707 1840/881/711 1838/102/98
f 1846/875/706 1847/876/707 1838/102/98
f 1845/100/96 1846/875/706 1838/102/98
f 1846/875/706 1845/100/96 1844/874/705
f 1767/99/95 1844/874/705 1845/100/96
f 1844/874/705 1767/99/95 1843/873/704
f 1767/99/95 1544/882/117 1843/873/704
f 1545/883/712 1843/873/704 1544/882/117
f 1843/873/704 1545/883/712 1842/871/702
f 1537/884/713 1842/871/702 1545/883/712
f 1842/871/702 1537/884/713 1536/862/694
f 1841/879/710 1830/106/102 1840/881/711
f 1840/881/711 1830/106/102 1839/104/100
f 1840/881/711 1839/104/100 1838/102/98
f 1834/885/430 1833/886/714 1805/887/271
f 1833/886/714 1806/888/715 1805/887/271
f 1806/888/715 1833/886/714 1832/889/716
f 1796/890/717 1806/888/715 1832/889/716
f 1796/890/717 1832/889/716 1795/891/718
f 1832/889/716 1831/892/719 1795/891/718
f 1794/893/720 1795/891/718 1831/892/719
f 1797/894/259 1798/895/721 1837/896/260
f 1798/895/721 1826/897/722 1837/896/260
f 1837/896/260 1826/897/722 1836/898/428
f 1826/897/722 1827/899/723 1836/898/428
f 1836/898/428 1827/899/723 1835/900/429
f 1827/899/723 1828/901/724 1835/900/429
f 1835/900/429 1828/901/724 1834/885/430
f 1828/901/724 1833/886/714 1834/885/430
f 1833/886/714 1828/901/724 1825/902/725
f 1832/889/716 1833/886/714 1825/902/725
f 1832/889/716 1825/902/725 1823/903/726
f 1831/892/719 1832/889/716 1823/903/726
f 1824/109/105 1831/892/719 1823/903/726
f 1824/109/105 1794/893/720 1831/892/719
f 1794/893/720 1824/109/105 1829/108/104
f 1775/904/727 1794/893/720 1829/108/104
f 1774/877/708 1775/904/727 1829/108/104
f 1830/106/102 1774/877/708 1829/108/104
f 1825/902/725 1828/901/724 1820/905/728
f 1828/901/724 1827/899/723 1820/905/728
f 1819/906/729 1820/905/728 1827/899/723
f 1826/897/722 1819/906/729 1827/899/723
f 1818/907/730 1819/906/729 1826/897/722
f 1798/895/721 1818/907/730 1826/897/722
f 1817/908/731 1818/907/730 1798/895/721
f 1799/909/732 1817/908/731 1798/895/721
f 1817/908/731 1799/909/732 1808/910/733
f 1799/909/732 1801/911/734 1808/910/733
f 1808/910/733 1801/911/734 1807/912/735
f 1801/911/734 1803/913/736 1807/912/735
f 1823/903/726 1825/902/725 1821/914/737
f 1825/902/725 1820/905/728 1821/914/737
f 1822/110/106 1824/109/105 1823/903/726
f 1822/110/106 1823/903/726 1821/914/737
f 1814/112/108 1822/110/106 1821/914/737
f 1814/112/108 1821/914/737 1813/915/738
f 1821/914/737 1820/905/728 1813/915/738
f 1820/905/728 1815/916/739 1813/915/738
f 1820/905/728 1819/906/729 1815/916/739
f 1815/916/739 1819/906/729 1816/917/740
f 1819/906/729 1818/907/730 1816/917/740
f 1818/907/730 1817/908/731 1816/917/740
f 1809/918/741 1816/917/740 1817/908/731
f 1808/910/733 1809/918/741 1817/908/731
f 1816/917/740 1809/918/741 1810/919/742
f 1815/916/739 1816/917/740 1810/919/742
f 1813/915/738 1815/916/739 1810/919/742
f 1812/114/110 1813/915/738 1810/919/742
f 1812/114/110 1814/112/108 1813/915/738
f 1811/116/112 1812/114/110 1810/919/742
f 1789/117/113 1811/116/112 1810/919/742
f 1793/920/743 1789/117/113 1810/919/742
f 1809/918/741 1793/920/743 1810/919/742
f 1793/920/743 1809/918/741 1792/921/744
f 1809/918/741 1808/910/733 1792/921/744
f 1792/921/744 1808/910/733 1791/922/745
f 1808/910/733 1807/912/735 1791/922/745
f 1807/912/735 1796/923/717 1791/922/745
f 1796/923/717 1807/912/735 1803/913/736
f 1806/924/715 1796/923/717 1803/913/736
f 1805/925/271 1806/924/715 1803/913/736
f 1804/926/264 1805/925/271 1803/913/736
f 1804/926/264 1803/913/736 1802/927/256
f 1803/913/736 1801/911/734 1802/927/256
f 1802/927/256 1801/911/734 1800/928/257
f 1801/911/734 1799/909/732 1800/928/257
f 1800/928/257 1799/909/732 1797/894/259
f 1799/909/732 1798/895/721 1797/894/259
f 1796/923/717 1795/929/718 1791/922/745
f 1777/930/746 1791/922/745 1795/929/718
f 1794/931/720 1777/930/746 1795/929/718
f 1777/930/746 1794/931/720 1775/932/727
f 1789/117/113 1793/920/743 1792/921/744
f 1778/933/747 1789/117/113 1792/921/744
f 1778/933/747 1792/921/744 1791/922/745
f 1777/930/746 1778/933/747 1791/922/745
f 1787/934/748 1786/935/749 1788/115/111
f 1786/935/749 1790/113/109 1788/115/111
f 1786/935/749 1785/936/750 1790/113/109
f 1785/936/750 1782/111/107 1790/113/109
f 1773/937/751 1772/938/752 1776/939/753
f 1772/938/752 1780/940/754 1776/939/753
f 1780/940/754 1778/933/747 1776/939/753
f 1789/117/113 1778/933/747 1780/940/754
f 1781/941/755 1789/117/113 1780/940/754
f 1789/117/113 1781/941/755 1788/115/111
f 1781/941/755 1771/942/756 1788/115/111
f 1771/942/756 1787/934/748 1788/115/111
f 1787/934/748 1771/942/756 1770/943/757
f 1786/935/749 1787/934/748 1770/943/757
f 1769/944/758 1786/935/749 1770/943/757
f 1785/936/750 1786/935/749 1769/944/758
f 1779/103/99 1785/936/750 1769/944/758
f 1784/105/101 1785/936/750 1779/103/99
f 1785/936/750 1784/105/101 1782/111/107
f 1784/105/101 1783/107/103 1782/111/107
f 1772/938/752 1771/942/756 1780/940/754
f 1771/942/756 1781/941/755 1780/940/754
f 1768/101/97 1779/103/99 1769/944/758
f 1778/933/747 1777/930/746 1776/939/753
f 1776/939/753 1777/930/746 1775/932/727
f 1773/937/751 1776/939/753 1775/932/727
f 1774/945/708 1773/937/751 1775/932/727
f 1773/937/751 1774/945/708 1756/946/709
f 1754/947/759 1773/937/751 1756/946/709
f 1772/938/752 1773/937/751 1754/947/759
f 1752/948/760 1772/938/752 1754/947/759
f 1772/938/752 1752/948/760 1771/942/756
f 1752/948/760 1747/949/761 1771/942/756
f 1771/942/756 1747/949/761 1770/943/757
f 1770/943/757 1747/949/761 1762/950/762
f 1770/943/757 1762/950/762 1769/944/758
f 1762/950/762 1763/951/763 1769/944/758
f 1763/951/763 1768/101/97 1769/944/758
f 1768/101/97 1763/951/763 1765/952/120
f 1765/952/120 1766/98/94 1768/101/97
f 1765/952/120 1767/99/95 1766/98/94
f 1567/953/697 1566/954/764 1755/955/700
f 1566/954/764 1757/956/765 1755/955/700
f 1757/956/765 1566/954/764 1565/957/766
f 1763/951/763 1764/958/122 1765/952/120
f 1761/959/124 1764/958/122 1762/950/762
f 1764/958/122 1763/951/763 1762/950/762
f 1747/949/761 1748/960/767 1762/950/762
f 1762/950/762 1748/960/767 1761/959/124
f 1748/960/767 1760/961/126 1761/959/124
f 1760/961/126 1748/960/767 1749/962/768
f 1759/963/128 1760/961/126 1749/962/768
f 1758/964/130 1759/963/128 1749/962/768
f 1750/965/769 1758/964/130 1749/962/768
f 1556/966/132 1758/964/130 1750/965/769
f 1555/967/770 1556/966/132 1750/965/769
f 1750/965/769 1751/968/771 1555/967/770
f 1751/968/771 1557/969/772 1555/967/770
f 1557/969/772 1751/968/771 1565/957/766
f 1751/968/771 1753/970/773 1565/957/766
f 1753/970/773 1757/956/765 1565/957/766
f 1754/947/759 1757/956/765 1753/970/773
f 1757/956/765 1754/947/759 1755/955/700
f 1754/947/759 1756/946/709 1755/955/700
f 1747/949/761 1752/948/760 1746/971/774
f 1752/948/760 1754/947/759 1753/970/773
f 1752/948/760 1753/970/773 1751/968/771
f 1746/971/774 1752/948/760 1751/968/771
f 1751/968/771 1750/965/769 1746/971/774
f 1750/965/769 1749/962/768 1746/971/774
f 1749/962/768 1748/960/767 1746/971/774
f 1748/960/767 1747/949/761 1746/971/774
f 1745/72/68 814/227/216 1743/972/69
f 814/227/216 1744/973/219 1743/972/69
f 1738/785/636 1742/784/635 1737/746/632
f 1742/784/635 1741/747/633 1737/746/632
f 1740/747/631 1739/784/634 1737/746/632
f 1739/784/634 1738/785/636 1737/746/632
f 1688/974/775 1689/975/776 1703/976/777
f 1689/975/776 1702/977/778 1703/976/777
f 1704/977/779 1690/975/780 1703/976/777
f 1690/975/780 1688/974/775 1703/976/777
f 1721/978/169 1720/979/781 1736/980/167
f 1720/979/781 1706/981/782 1736/980/167
f 1736/980/167 1706/981/782 1735/982/168
f 1706/981/782 1705/983/783 1735/982/168
f 1735/982/168 1705/983/783 1734/984/182
f 1705/983/783 1707/985/784 1734/984/182
f 1734/984/182 1707/985/784 1733/986/181
f 1707/985/784 1708/987/785 1733/986/181
f 1733/986/181 1708/987/785 1732/988/180
f 1708/987/785 1709/989/786 1732/988/180
f 1732/988/180 1709/989/786 1731/990/179
f 1709/989/786 1710/991/787 1731/990/179
f 1731/990/179 1710/991/787 1730/992/178
f 1710/991/787 1711/993/788 1730/992/178
f 1730/992/178 1711/993/788 1729/994/177
f 1711/993/788 1712/995/789 1729/994/177
f 1729/994/177 1712/995/789 1728/996/176
f 1712/995/789 1713/997/790 1728/996/176
f 1728/998/176 1713/999/790 1727/1000/175
f 1713/999/790 1714/1001/791 1727/1000/175
f 1727/1000/175 1714/1001/791 1726/1002/174
f 1714/1001/791 1715/1003/792 1726/1002/174
f 1726/1002/174 1715/1003/792 1725/1004/173
f 1715/1003/792 1716/1005/793 1725/1004/173
f 1725/1004/173 1716/1005/793 1724/1006/172
f 1716/1005/793 1717/1007/794 1724/1006/172
f 1724/1006/172 1717/1007/794 1723/1008/171
f 1717/1007/794 1718/1009/795 1723/1008/171
f 1723/1008/171 1718/1009/795 1722/1010/170
f 1718/1009/795 1719/1011/796 1722/1010/170
f 1722/1010/170 1719/1011/796 1721/978/169
f 1719/1011/796 1720/979/781 1721/978/169
f 1706/1012/782 1698/244/232 1602/245/233
f 1698/244/232 1706/1012/782 1684/1013/797
f 1706/1012/782 1720/1014/781 1684/1013/797
f 1684/1013/797 1720/1014/781 1685/1015/798
f 1720/1014/781 1719/1016/796 1685/1015/798
f 1685/1015/798 1719/1016/796 1609/1017/799
f 1609/1017/799 1719/1016/796 1320/1018/800
f 1719/1016/796 1718/1019/795 1320/1018/800
f 1320/1018/800 1718/1019/795 1319/1020/801
f 1718/1019/795 1717/1021/794 1319/1020/801
f 1319/1020/801 1717/1021/794 1335/1022/802
f 1717/1021/794 1716/1023/793 1335/1022/802
f 1335/1022/802 1716/1023/793 1334/1024/803
f 1716/1023/793 1715/1025/792 1334/1024/803
f 1334/1024/803 1715/1025/792 1336/1026/804
f 1715/1025/792 1714/1027/791 1336/1026/804
f 1336/1026/804 1714/1027/791 796/1028/805
f 1714/1027/791 1713/1029/790 796/1028/805
f 797/1030/806 796/1031/805 1713/1032/790
f 1712/1033/789 797/1030/806 1713/1032/790
f 798/1034/807 797/1030/806 1712/1033/789
f 1711/1035/788 798/1034/807 1712/1033/789
f 800/1036/808 798/1034/807 1711/1035/788
f 1710/1037/787 800/1036/808 1711/1035/788
f 806/1038/809 800/1036/808 1710/1037/787
f 1709/1039/786 806/1038/809 1710/1037/787
f 807/1040/810 806/1038/809 1709/1039/786
f 1708/1041/785 807/1040/810 1709/1039/786
f 1577/1042/811 807/1040/810 1708/1041/785
f 1707/1043/784 1577/1042/811 1708/1041/785
f 1599/1044/812 1577/1042/811 1707/1043/784
f 1589/1045/813 1599/1044/812 1707/1043/784
f 1705/1046/783 1589/1045/813 1707/1043/784
f 1602/245/233 1589/1045/813 1705/1046/783
f 1706/1012/782 1602/245/233 1705/1046/783
f 1704/977/779 1703/976/777 1702/1047/778
f 1298/1048/814 1343/1049/210 1297/1050/815
f 1297/1050/815 1343/1049/210 1296/1051/816
f 1343/1049/210 1701/1052/211 1296/1051/816
f 1296/1051/816 1701/1052/211 1295/1053/817
f 1701/1052/211 1700/1054/212 1295/1053/817
f 1295/1053/817 1700/1054/212 1699/1055/213
f 1294/1056/818 1295/1053/817 1699/1055/213
f 1699/1055/213 1691/330/214 1294/1056/818
f 1691/330/214 1293/1057/819 1294/1056/818
f 1691/330/214 1254/1058/820 1293/1057/819
f 1697/242/230 1698/244/232 1684/1013/797
f 1681/1059/821 1697/242/230 1684/1013/797
f 1696/240/228 1697/242/230 1681/1059/821
f 1679/1060/822 1696/240/228 1681/1059/821
f 1695/238/226 1696/240/228 1679/1060/822
f 1675/1061/823 1695/238/226 1679/1060/822
f 1695/238/226 1675/1061/823 1257/1062/824
f 1694/236/224 1695/238/226 1257/1062/824
f 1694/236/224 1257/1062/824 1256/1063/825
f 1693/234/222 1694/236/224 1256/1063/825
f 1693/234/222 1256/1063/825 1254/1058/820
f 1692/233/221 1693/234/222 1254/1058/820
f 1692/233/221 1254/1058/820 1691/330/214
f 1318/1064/826 1317/1065/827 1324/1066/828
f 1324/1066/828 1317/1065/827 1323/1067/829
f 1317/1065/827 1613/1068/830 1323/1067/829
f 1317/1065/827 1259/1069/831 1613/1068/830
f 1619/1070/832 1613/1068/830 1259/1069/831
f 1258/1071/833 1619/1070/832 1259/1069/831
f 1672/1072/834 1619/1070/832 1258/1071/833
f 1675/1061/823 1672/1072/834 1258/1071/833
f 1257/1062/824 1675/1061/823 1258/1071/833
f 1685/1015/798 1609/1017/799 1687/1073/835
f 1609/1017/799 1617/1074/836 1687/1073/835
f 1687/1073/835 1617/1074/836 1676/1075/837
f 1617/1074/836 1621/1076/838 1676/1075/837
f 1621/1076/838 1619/1070/832 1676/1075/837
f 1619/1070/832 1672/1072/834 1676/1075/837
f 1690/975/780 1689/1077/776 1688/974/775
f 1676/1078/837 1677/1079/839 1687/1080/835
f 1677/1079/839 1686/1081/840 1687/1080/835
f 1687/1080/835 1686/1081/840 1685/1082/798
f 1686/1081/840 1683/1083/841 1685/1082/798
f 1686/1081/840 1680/1084/842 1683/1083/841
f 1678/1085/843 1680/1084/842 1686/1081/840
f 1677/1079/839 1678/1085/843 1686/1081/840
f 1684/1086/797 1682/1087/844 1681/1088/821
f 1685/1089/798 1683/1083/841 1684/1090/797
f 1683/1083/841 1682/1087/844 1684/1090/797
f 1680/1084/842 1682/1087/844 1683/1083/841
f 1682/1087/844 1680/1084/842 1681/1088/821
f 1681/1088/821 1680/1084/842 1679/1091/822
f 1680/1084/842 1678/1085/843 1679/1091/822
f 1679/1091/822 1678/1085/843 1675/1092/823
f 1678/1085/843 1674/1093/845 1675/1092/823
f 1674/1093/845 1678/1085/843 1677/1079/839
f 1673/1094/846 1674/1093/845 1677/1079/839
f 1673/1094/846 1677/1079/839 1676/1078/837
f 1672/1095/834 1673/1094/846 1676/1078/837
f 1675/1096/823 1674/1093/845 1672/1097/834
f 1674/1093/845 1673/1094/846 1672/1097/834
f 1645/1098/847 1622/1099/848 1670/1100/849
f 1670/1100/849 1622/1099/848 1623/1101/41
f 1671/1102/42 1670/1100/849 1623/1101/41
f 1671/1102/42 1667/1103/44 1670/1100/849
f 1667/1103/44 1664/1104/850 1670/1100/849
f 1668/1105/851 1670/1100/849 1664/1104/850
f 1668/1105/851 1645/1098/847 1670/1100/849
f 1645/1098/847 1668/1105/851 1669/1106/852
f 1644/1107/853 1645/1098/847 1669/1106/852
f 1644/1107/853 1669/1106/852 1642/1108/854
f 1669/1106/852 1647/1109/855 1642/1108/854
f 1669/1106/852 1651/1110/856 1647/1109/855
f 1669/1106/852 1668/1105/851 1651/1110/856
f 1668/1105/851 1652/1111/857 1651/1110/856
f 1652/1111/857 1668/1105/851 1664/1104/850
f 1665/1112/858 1664/1113/850 1667/1114/44
f 1666/1115/46 1665/1112/858 1667/1114/44
f 1666/1115/46 1661/1116/48 1665/1112/858
f 1661/1116/48 1660/1117/859 1665/1112/858
f 1665/1112/858 1660/1117/859 1659/1118/860
f 1656/1119/861 1665/1112/858 1659/1118/860
f 1656/1119/861 1654/1120/862 1665/1112/858
f 1654/1120/862 1664/1113/850 1665/1112/858
f 1652/1121/857 1664/1113/850 1654/1120/862
f 1663/810/655 1653/1122/863 1655/811/656
f 1663/810/655 1662/820/662 1653/1122/863
f 1662/820/662 1650/1123/864 1653/1122/863
f 1662/820/662 1648/819/661 1650/1123/864
f 1643/816/658 1658/802/649 1629/1124/865
f 1651/1110/856 1649/1125/866 1647/1109/855
f 1661/1116/48 1632/1126/50 1631/1127/867
f 1660/1117/859 1661/1116/48 1631/1127/867
f 1631/1127/867 1629/1124/865 1660/1117/859
f 1629/1124/865 1659/1118/860 1660/1117/859
f 1658/802/649 1659/1118/860 1629/1124/865
f 1656/1119/861 1659/1118/860 1658/802/649
f 1657/801/648 1656/1119/861 1658/802/649
f 1657/801/648 1655/811/656 1656/1119/861
f 1655/811/656 1654/1120/862 1656/1119/861
f 1653/1122/863 1654/1120/862 1655/811/656
f 1653/1122/863 1652/1121/857 1654/1120/862
f 1652/1121/857 1653/1122/863 1650/1123/864
f 1651/1128/856 1652/1121/857 1650/1123/864
f 1650/1123/864 1649/1125/866 1651/1128/856
f 1648/819/661 1649/1125/866 1650/1123/864
f 1647/1109/855 1649/1125/866 1648/819/661
f 1646/818/660 1647/1109/855 1648/819/661
f 1642/1108/854 1647/1109/855 1646/818/660
f 1641/817/659 1642/1108/854 1646/818/660
f 1622/1129/848 1645/1130/847 1636/1131/868
f 1639/1132/869 1636/1131/868 1645/1130/847
f 1644/1133/853 1639/1132/869 1645/1130/847
f 1644/1133/853 1642/1108/854 1639/1132/869
f 1643/831/658 1629/1134/865 1626/832/668
f 1627/821/663 1625/1135/870 1637/822/664
f 1625/1135/870 1635/1136/871 1637/822/664
f 1625/1135/870 1634/1137/872 1635/1136/871
f 1634/1137/872 1625/1135/870 1630/1138/873
f 1625/1135/870 1628/1139/874 1630/1138/873
f 1642/1108/854 1641/817/659 1639/1132/869
f 1641/817/659 1640/837/671 1639/1132/869
f 1640/837/671 1638/824/666 1639/1132/869
f 1638/824/666 1636/1131/868 1639/1132/869
f 1638/824/666 1637/822/664 1636/1131/868
f 1637/822/664 1635/1136/871 1636/1131/868
f 1635/1136/871 1622/1129/848 1636/1131/868
f 1634/1137/872 1622/1129/848 1635/1136/871
f 1634/1137/872 1624/1140/40 1622/1129/848
f 1634/1137/872 1630/1138/873 1624/1140/40
f 1630/1138/873 1633/1141/53 1624/1140/40
f 1632/1142/50 1633/1141/53 1630/1138/873
f 1631/1143/867 1632/1142/50 1630/1138/873
f 1631/1143/867 1630/1138/873 1629/1134/865
f 1630/1138/873 1628/1139/874 1629/1134/865
f 1629/1134/865 1628/1139/874 1626/832/668
f 1626/832/668 1628/1139/874 1625/1135/870
f 1627/821/663 1626/832/668 1625/1135/870
f 1624/1140/40 1623/1144/41 1622/1129/848
f 1387/1145/875 1386/1146/876 1601/1147/877
f 1386/1146/876 1600/1148/878 1601/1147/877
f 1600/1148/878 1386/1146/876 1383/1149/879
f 1621/1150/838 1620/1151/880 1619/1152/832
f 1620/1151/880 1618/1153/881 1619/1152/832
f 1617/1154/836 1616/1155/882 1621/1150/838
f 1616/1155/882 1620/1151/880 1621/1150/838
f 1620/1151/880 1616/1155/882 1615/1156/883
f 1614/1157/884 1620/1151/880 1615/1156/883
f 1618/1153/881 1620/1151/880 1614/1157/884
f 1612/1158/885 1618/1153/881 1614/1157/884
f 1618/1153/881 1612/1158/885 1613/1159/830
f 1619/1160/832 1618/1153/881 1613/1159/830
f 1609/1161/799 1610/1162/886 1617/1154/836
f 1610/1162/886 1616/1155/882 1617/1154/836
f 1616/1155/882 1610/1162/886 1611/1163/887
f 1615/1156/883 1616/1155/882 1611/1163/887
f 1615/1156/883 1611/1163/887 1320/1164/800
f 1321/1165/888 1615/1156/883 1320/1164/800
f 1614/1157/884 1615/1156/883 1321/1165/888
f 1323/1166/829 1614/1157/884 1321/1165/888
f 1612/1158/885 1614/1157/884 1323/1166/829
f 1613/1167/830 1612/1158/885 1323/1166/829
f 1320/1168/800 1611/1163/887 1609/1169/799
f 1611/1163/887 1610/1162/886 1609/1169/799
f 1577/1042/811 1599/1044/812 1578/1170/889
f 1599/1044/812 1597/1171/890 1578/1170/889
f 1578/1170/889 1597/1171/890 1580/1172/891
f 1597/1171/890 1593/1173/892 1580/1172/891
f 1580/1172/891 1593/1173/892 1585/1174/893
f 1582/1175/894 1580/1172/891 1585/1174/893
f 1585/1174/893 718/1176/895 1582/1175/894
f 1582/1175/894 718/1176/895 810/1177/896
f 718/1176/895 719/1178/897 810/1177/896
f 814/231/216 723/1179/898 1608/232/220
f 1608/232/220 723/1179/898 716/1180/899
f 1607/235/223 1608/232/220 716/1180/899
f 1607/235/223 716/1180/899 717/1181/900
f 1606/237/225 1607/235/223 717/1181/900
f 1606/237/225 717/1181/900 1586/1182/901
f 1605/239/227 1606/237/225 1586/1182/901
f 1605/239/227 1586/1182/901 1604/241/229
f 1586/1182/901 1595/1183/902 1604/241/229
f 1604/241/229 1595/1183/902 1603/243/231
f 1595/1183/902 1596/1184/903 1603/243/231
f 1603/243/231 1596/1184/903 1602/245/233
f 1596/1184/903 1589/1045/813 1602/245/233
f 1586/1182/901 717/1181/900 1585/1174/893
f 717/1181/900 718/1176/895 1585/1174/893
f 1601/1145/877 1600/1146/878 1390/1185/904
f 1600/1146/878 1389/1186/905 1390/1185/904
f 1389/1186/905 1600/1146/878 1383/1149/879
f 1384/1187/906 1389/1186/905 1383/1149/879
f 1597/1188/890 1599/1189/812 1598/1190/907
f 1599/1191/812 1589/1192/813 1590/1193/908
f 1598/1190/907 1599/1191/812 1590/1193/908
f 1591/1194/909 1598/1190/907 1590/1193/908
f 1591/1194/909 1597/1188/890 1598/1190/907
f 1593/1195/892 1597/1188/890 1591/1194/909
f 1596/1196/903 1595/1197/902 1594/1198/910
f 1589/1199/813 1596/1196/903 1588/1200/911
f 1588/1200/911 1596/1196/903 1594/1198/910
f 1594/1198/910 1592/1201/912 1588/1200/911
f 1595/1197/902 1586/1202/901 1587/1203/913
f 1594/1198/910 1595/1197/902 1587/1203/913
f 1587/1203/913 1584/1204/914 1594/1198/910
f 1584/1204/914 1592/1201/912 1594/1198/910
f 1584/1204/914 1585/1205/893 1592/1201/912
f 1585/1205/893 1593/1195/892 1592/1201/912
f 1592/1201/912 1593/1195/892 1591/1194/909
f 1592/1201/912 1591/1194/909 1588/1200/911
f 1588/1200/911 1591/1194/909 1590/1193/908
f 1590/1193/908 1589/1199/813 1588/1200/911
f 1587/1203/913 1586/1206/901 1584/1204/914
f 1586/1206/901 1585/1207/893 1584/1204/914
f 1381/1208/915 1379/1209/916 1380/1210/917
f 808/1211/918 807/1212/810 1583/1213/919
f 809/1214/920 808/1211/918 1574/1215/921
f 1574/1215/921 808/1211/918 1583/1213/919
f 1574/1215/921 1583/1213/919 1576/1216/922
f 1583/1213/919 807/1217/810 1576/1216/922
f 807/1217/810 1577/1218/811 1576/1216/922
f 1582/1219/894 810/1220/896 1573/1221/923
f 1581/1222/924 1582/1219/894 1573/1221/923
f 1581/1222/924 1573/1221/923 1579/1223/925
f 1573/1221/923 1572/1224/926 1579/1223/925
f 1579/1223/925 1572/1224/926 1575/1225/927
f 1580/1226/891 1582/1227/894 1581/1222/924
f 1579/1223/925 1580/1226/891 1581/1222/924
f 1578/1228/889 1580/1226/891 1579/1223/925
f 1575/1225/927 1578/1228/889 1579/1223/925
f 1577/1229/811 1578/1228/889 1575/1225/927
f 1576/1216/922 1577/1229/811 1575/1225/927
f 1575/1225/927 1574/1215/921 1576/1216/922
f 1572/1224/926 1574/1215/921 1575/1225/927
f 1572/1224/926 809/1214/920 1574/1215/921
f 810/1230/896 809/1214/920 1572/1224/926
f 1573/1221/923 810/1230/896 1572/1224/926
f 1570/1231/928 1569/1232/672 1571/1233/676
f 1562/1234/929 1486/1235/678 1487/1236/930
f 1571/1233/676 1486/1235/678 1562/1234/929
f 1561/1237/931 1571/1233/676 1562/1234/929
f 1561/1237/931 1570/1231/928 1571/1233/676
f 1560/1238/932 1570/1231/928 1561/1237/931
f 1570/1231/928 1560/1238/932 1563/1239/933
f 1570/1231/928 1563/1239/933 1569/1240/672
f 1563/1239/933 1568/1241/673 1569/1240/672
f 1567/1242/697 1568/1241/673 1563/1239/933
f 1566/1243/764 1567/1242/697 1563/1239/933
f 1563/1239/933 1564/1244/934 1566/1243/764
f 1564/1244/934 1565/1245/766 1566/1243/764
f 1557/1246/772 1565/1245/766 1564/1244/934
f 1558/1247/935 1557/1246/772 1564/1244/934
f 1559/1248/936 1558/1247/935 1564/1244/934
f 1560/1238/932 1559/1248/936 1564/1244/934
f 1560/1238/932 1564/1244/934 1563/1239/933
f 1489/1249/937 1495/1250/938 1488/1251/939
f 1495/1250/938 1508/1252/940 1488/1251/939
f 1487/1236/930 1488/1251/939 1508/1252/940
f 1504/1253/941 1487/1236/930 1508/1252/940
f 1504/1253/941 1562/1234/929 1487/1236/930
f 1505/1254/942 1562/1234/929 1504/1253/941
f 1561/1237/931 1562/1234/929 1505/1254/942
f 1523/1255/943 1561/1237/931 1505/1254/942
f 1523/1255/943 1560/1238/932 1561/1237/931
f 1560/1238/932 1523/1255/943 1528/1256/944
f 1528/1256/944 1559/1248/936 1560/1238/932
f 1540/1257/945 1559/1248/936 1528/1256/944
f 1558/1247/935 1559/1248/936 1540/1257/945
f 1553/1258/946 1558/1247/935 1540/1257/945
f 1558/1247/935 1553/1258/946 1557/1246/772
f 1553/1258/946 1555/1259/770 1557/1246/772
f 1555/1259/770 1553/1258/946 1554/1260/134
f 1556/1261/132 1555/1259/770 1554/1260/134
f 1546/1262/115 1548/1263/144 1547/1264/947
f 1554/1260/134 1553/1258/946 1552/1265/136
f 1553/1258/946 1540/1257/945 1552/1265/136
f 1552/1265/136 1540/1257/945 1539/1266/948
f 1551/1267/138 1552/1265/136 1539/1266/948
f 1539/1266/948 1538/1268/949 1551/1267/138
f 1538/1268/949 1550/1269/140 1551/1267/138
f 1550/1269/140 1538/1268/949 1531/1270/950
f 1549/1271/142 1550/1269/140 1531/1270/950
f 1531/1270/950 1533/1272/951 1549/1271/142
f 1533/1272/951 1548/1263/144 1549/1271/142
f 1533/1272/951 1547/1264/947 1548/1263/144
f 1533/1272/951 1535/1273/952 1547/1264/947
f 1535/1273/952 1537/884/713 1547/1264/947
f 1547/1264/947 1537/884/713 1545/883/712
f 1546/1262/115 1547/1264/947 1545/883/712
f 1546/1262/115 1545/883/712 1544/882/117
f 1543/860/692 1542/1274/953 1541/859/691
f 1534/861/693 1532/1275/954 1543/860/692
f 1543/860/692 1532/1275/954 1542/1274/953
f 1532/1275/954 1530/1276/955 1542/1274/953
f 1542/1274/953 1530/1276/955 1526/1277/956
f 1542/1274/953 1526/1277/956 1525/1278/957
f 1542/1274/953 1525/1278/957 1541/859/691
f 1541/859/691 1525/1278/957 1516/858/690
f 1539/1266/948 1540/1257/945 1528/1256/944
f 1528/1256/944 1529/1279/958 1539/1266/948
f 1529/1279/958 1538/1268/949 1539/1266/948
f 1538/1268/949 1529/1279/958 1531/1270/950
f 1537/884/713 1535/1273/952 1536/862/694
f 1536/862/694 1535/1273/952 1534/861/693
f 1534/861/693 1535/1273/952 1533/1272/951
f 1532/1275/954 1534/861/693 1533/1272/951
f 1533/1272/951 1531/1270/950 1532/1275/954
f 1531/1270/950 1530/1276/955 1532/1275/954
f 1529/1279/958 1530/1276/955 1531/1270/950
f 1530/1276/955 1529/1279/958 1526/1277/956
f 1526/1277/956 1529/1279/958 1528/1256/944
f 1527/1280/959 1526/1277/956 1528/1256/944
f 1523/1255/943 1527/1280/959 1528/1256/944
f 1527/1280/959 1523/1255/943 1520/1281/960
f 1527/1280/959 1520/1281/960 1526/1277/956
f 1520/1281/960 1524/1282/961 1526/1277/956
f 1526/1277/956 1524/1282/961 1525/1278/957
f 1525/1278/957 1524/1282/961 1521/1283/962
f 1516/858/690 1525/1278/957 1521/1283/962
f 1516/858/690 1521/1283/962 1515/1284/963
f 1521/1283/962 1524/1282/961 1520/1281/960
f 1523/1255/943 1505/1254/942 1520/1281/960
f 1521/1283/962 1522/1285/964 1515/1284/963
f 1512/1286/965 1513/1287/966 1511/1288/967
f 1513/1287/966 1517/1289/968 1511/1288/967
f 1513/1287/966 1515/1284/963 1517/1289/968
f 1515/1284/963 1522/1285/964 1517/1289/968
f 1517/1289/968 1522/1285/964 1518/1290/969
f 1518/1290/969 1522/1285/964 1521/1283/962
f 1519/1291/970 1518/1290/969 1521/1283/962
f 1519/1291/970 1521/1283/962 1520/1281/960
f 1519/1291/970 1520/1281/960 1506/1292/971
f 1520/1281/960 1505/1254/942 1506/1292/971
f 1519/1291/970 1506/1292/971 1518/1290/969
f 1506/1292/971 1507/1293/972 1518/1290/969
f 1518/1290/969 1507/1293/972 1509/1294/973
f 1510/1295/974 1518/1290/969 1509/1294/973
f 1510/1295/974 1517/1289/968 1518/1290/969
f 1511/1288/967 1517/1289/968 1510/1295/974
f 1516/858/690 1515/1284/963 1514/856/688
f 1514/856/688 1515/1284/963 1513/1287/966
f 1501/857/689 1514/856/688 1513/1287/966
f 1501/857/689 1513/1287/966 1512/1286/965
f 1512/1286/965 1500/1296/975 1501/857/689
f 1499/1297/976 1500/1296/975 1512/1286/965
f 1511/1288/967 1499/1297/976 1512/1286/965
f 1498/1298/977 1499/1297/976 1511/1288/967
f 1510/1295/974 1498/1298/977 1511/1288/967
f 1498/1298/977 1510/1295/974 1497/1299/978
f 1510/1295/974 1509/1294/973 1497/1299/978
f 1497/1299/978 1509/1294/973 1496/1300/979
f 1509/1294/973 1495/1250/938 1496/1300/979
f 1509/1294/973 1507/1293/972 1495/1250/938
f 1507/1293/972 1508/1252/940 1495/1250/938
f 1504/1253/941 1508/1252/940 1507/1293/972
f 1506/1292/971 1504/1253/941 1507/1293/972
f 1506/1292/971 1505/1254/942 1504/1253/941
f 1441/1301/67 1440/1302/980 1493/1303/981
f 1485/848/680 1503/849/681 1484/1304/982
f 1503/849/681 1502/855/687 1484/1304/982
f 1484/1304/982 1502/855/687 1481/1305/983
f 1481/1305/983 1502/855/687 1501/857/689
f 1481/1305/983 1501/857/689 1480/1306/984
f 1500/1296/975 1480/1306/984 1501/857/689
f 1500/1296/975 1372/1307/58 1480/1306/984
f 1359/1308/985 1372/1307/58 1500/1296/975
f 1499/1297/976 1359/1308/985 1500/1296/975
f 1362/1309/986 1359/1308/985 1499/1297/976
f 1498/1298/977 1362/1309/986 1499/1297/976
f 1364/1310/987 1362/1309/986 1498/1298/977
f 1497/1299/978 1364/1310/987 1498/1298/977
f 1440/1302/980 1364/1310/987 1497/1299/978
f 1496/1300/979 1440/1302/980 1497/1299/978
f 1440/1302/980 1496/1300/979 1493/1303/981
f 1493/1303/981 1496/1300/979 1495/1250/938
f 1489/1249/937 1493/1303/981 1495/1250/938
f 1494/1311/64 1441/1312/67 1493/1313/981
f 1491/1314/62 1494/1311/64 1490/1315/988
f 1490/1315/988 1494/1311/64 1493/1313/981
f 1493/1313/981 1489/1316/937 1490/1315/988
f 1372/1307/58 1492/1317/60 1480/1306/984
f 1480/1306/984 1492/1317/60 1482/1318/989
f 1492/1317/60 1491/1314/62 1482/1318/989
f 1482/1318/989 1491/1314/62 1490/1315/988
f 1490/1315/988 1483/1319/990 1482/1318/989
f 1489/1316/937 1483/1319/990 1490/1315/988
f 1483/1319/990 1489/1316/937 1484/1304/982
f 1489/1316/937 1488/1320/939 1484/1304/982
f 1485/848/680 1484/1304/982 1488/1320/939
f 1487/1321/930 1485/848/680 1488/1320/939
f 1487/1321/930 1486/846/678 1485/848/680
f 1483/1319/990 1484/1304/982 1481/1305/983
f 1483/1319/990 1481/1305/983 1482/1318/989
f 1482/1318/989 1481/1305/983 1480/1306/984
f 1382/1322/991 1377/1323/992 1378/1324/993
f 1468/1325/994 1469/1326/995 1471/1327/996
f 1472/1328/997 1471/1327/996 1469/1326/995
f 1470/1329/998 1472/1328/997 1469/1326/995
f 1472/1328/997 1470/1329/998 1478/1330/999
f 1472/1328/997 1478/1330/999 1479/1331/1000
f 1472/1328/997 1479/1331/1000 1473/1332/1001
f 1479/1331/1000 1474/1333/1002 1473/1332/1001
f 1475/1334/1003 1474/1333/1002 1479/1331/1000
f 1478/1330/999 1475/1334/1003 1479/1331/1000
f 1476/1335/1004 1475/1334/1003 1478/1330/999
f 1477/1336/1005 1476/1335/1004 1478/1330/999
f 1470/1329/998 1477/1336/1005 1478/1330/999
f 1450/1337/1006 1477/1336/1005 1470/1329/998
f 1414/1338/1007 1415/1339/1008 1450/1337/1006
f 1450/1337/1006 1415/1339/1008 1477/1336/1005
f 1415/1339/1008 1412/1340/1009 1477/1336/1005
f 1477/1336/1005 1412/1340/1009 1476/1335/1004
f 1412/1340/1009 1413/1341/1010 1476/1335/1004
f 1476/1335/1004 1413/1341/1010 1475/1334/1003
f 1413/1341/1010 1443/1342/1011 1475/1334/1003
f 1475/1334/1003 1443/1342/1011 1474/1333/1002
f 1443/1342/1011 1442/1343/1012 1474/1333/1002
f 1474/1333/1002 1442/1343/1012 1463/1344/1013
f 1474/1333/1002 1463/1344/1013 1473/1332/1001
f 1473/1332/1001 1463/1344/1013 1461/1345/1014
f 1473/1332/1001 1461/1345/1014 1472/1328/997
f 1472/1328/997 1461/1345/1014 1464/1346/1015
f 1471/1327/996 1472/1328/997 1464/1346/1015
f 1471/1327/996 1464/1346/1015 1465/1347/1016
f 1465/1347/1016 1468/1325/994 1471/1327/996
f 1465/1347/1016 1467/1348/1017 1468/1325/994
f 1442/1343/1012 1441/1349/67 1463/1344/1013
f 1463/1344/1013 1441/1349/67 1462/1350/1018
f 1441/1349/67 1460/1351/66 1462/1350/1018
f 1462/1350/1018 1460/1351/66 1459/1352/1019
f 1465/1347/1016 1466/1353/1020 1467/1348/1017
f 1469/1326/995 1450/1337/1006 1470/1329/998
f 1451/1354/1021 1450/1337/1006 1469/1326/995
f 1468/1325/994 1451/1354/1021 1469/1326/995
f 1452/1355/1022 1451/1354/1021 1468/1325/994
f 1467/1348/1017 1452/1355/1022 1468/1325/994
f 1453/1356/1023 1452/1355/1022 1467/1348/1017
f 1454/1357/1024 1453/1356/1023 1467/1348/1017
f 1466/1353/1020 1454/1357/1024 1467/1348/1017
f 1449/1358/1025 1454/1357/1024 1466/1353/1020
f 1448/1359/1026 1449/1358/1025 1466/1353/1020
f 1465/1347/1016 1448/1359/1026 1466/1353/1020
f 1465/1347/1016 1444/1360/1027 1448/1359/1026
f 1464/1346/1015 1444/1360/1027 1465/1347/1016
f 1464/1346/1015 1446/1361/1028 1444/1360/1027
f 1459/1352/1019 1446/1361/1028 1464/1346/1015
f 1461/1345/1014 1459/1352/1019 1464/1346/1015
f 1462/1350/1018 1459/1352/1019 1461/1345/1014
f 1463/1344/1013 1462/1350/1018 1461/1345/1014
f 1460/1351/66 1458/1362/65 1459/1352/1019
f 1459/1352/1019 1458/1362/65 1446/1361/1028
f 1458/1362/65 1457/1363/63 1446/1361/1028
f 1446/1361/1028 1457/1363/63 1445/1364/1029
f 1457/1363/63 1456/1365/61 1445/1364/1029
f 1445/1364/1029 1456/1365/61 1447/1366/1030
f 1456/1365/61 1455/1367/59 1447/1366/1030
f 1447/1366/1030 1455/1367/59 1449/1358/1025
f 1455/1367/59 1372/1368/58 1449/1358/1025
f 1449/1358/1025 1372/1368/58 1454/1357/1024
f 1372/1368/58 1371/1369/1031 1454/1357/1024
f 1454/1357/1024 1371/1369/1031 1453/1356/1023
f 1371/1369/1031 1370/1370/1032 1453/1356/1023
f 1453/1356/1023 1370/1370/1032 1452/1355/1022
f 1370/1370/1032 1374/1371/1033 1452/1355/1022
f 1452/1355/1022 1374/1371/1033 1451/1354/1021
f 1374/1371/1033 1414/1338/1007 1451/1354/1021
f 1451/1354/1021 1414/1338/1007 1450/1337/1006
f 1447/1366/1030 1449/1358/1025 1448/1359/1026
f 1444/1360/1027 1447/1366/1030 1448/1359/1026
f 1445/1364/1029 1447/1366/1030 1444/1360/1027
f 1446/1361/1028 1445/1364/1029 1444/1360/1027
f 1443/1342/1011 1413/1341/1010 1424/1372/1034
f 1438/1373/1035 1443/1342/1011 1424/1372/1034
f 1443/1342/1011 1438/1373/1035 1442/1343/1012
f 1438/1373/1035 1439/1374/1036 1442/1343/1012
f 1442/1343/1012 1439/1374/1036 1441/1349/67
f 1439/1374/1036 1440/1375/980 1441/1349/67
f 1440/1375/980 1439/1374/1036 1364/1376/987
f 1439/1374/1036 1363/1377/1037 1364/1376/987
f 1439/1374/1036 1438/1373/1035 1363/1377/1037
f 1438/1373/1035 1365/1378/1038 1363/1377/1037
f 1438/1373/1035 1424/1372/1034 1365/1378/1038
f 1424/1372/1034 1367/1379/1039 1365/1378/1038
f 1401/1380/1040 1402/57/38 1435/56/54
f 1409/1381/1041 1417/1382/1042 1408/1383/1043
f 1417/1382/1042 1434/1384/1044 1408/1383/1043
f 1408/1383/1043 1434/1384/1044 1407/51/49
f 1407/51/49 1434/1384/1044 1433/1385/1045
f 1437/53/51 1407/51/49 1433/1385/1045
f 1433/1385/1045 1432/1386/1046 1437/53/51
f 1432/1386/1046 1436/54/52 1437/53/51
f 1436/54/52 1432/1386/1046 1435/56/54
f 1432/1386/1046 1431/1387/1047 1435/56/54
f 1431/1387/1047 1401/1380/1040 1435/56/54
f 1401/1380/1040 1431/1387/1047 1430/1388/1048
f 1400/1389/1049 1401/1380/1040 1430/1388/1048
f 1430/1388/1048 1426/1390/1050 1400/1389/1049
f 1426/1390/1050 1399/1391/1051 1400/1389/1049
f 1399/1391/1051 1426/1390/1050 1425/1392/1052
f 1398/1393/1053 1399/1391/1051 1425/1392/1052
f 1425/1392/1052 1424/1394/1034 1398/1393/1053
f 1424/1394/1034 1413/1395/1010 1398/1393/1053
f 1416/1396/1054 1418/1397/1055 1419/1398/1056
f 1420/1399/1057 1416/1396/1054 1419/1398/1056
f 1429/1400/1058 1416/1396/1054 1420/1399/1057
f 1429/1400/1058 1417/1382/1042 1416/1396/1054
f 1428/1401/1059 1417/1382/1042 1429/1400/1058
f 1434/1384/1044 1417/1382/1042 1428/1401/1059
f 1433/1385/1045 1434/1384/1044 1428/1401/1059
f 1433/1385/1045 1428/1401/1059 1432/1386/1046
f 1428/1401/1059 1427/1402/1060 1432/1386/1046
f 1431/1387/1047 1432/1386/1046 1427/1402/1060
f 1430/1388/1048 1431/1387/1047 1427/1402/1060
f 1427/1402/1060 1426/1390/1050 1430/1388/1048
f 1421/1403/1061 1429/1400/1058 1420/1399/1057
f 1422/1404/1062 1429/1400/1058 1421/1403/1061
f 1422/1404/1062 1428/1401/1059 1429/1400/1058
f 1422/1404/1062 1423/1405/1063 1428/1401/1059
f 1423/1405/1063 1427/1402/1060 1428/1401/1059
f 1426/1390/1050 1427/1402/1060 1423/1405/1063
f 1425/1392/1052 1426/1390/1050 1423/1405/1063
f 1425/1392/1052 1423/1405/1063 1424/1394/1034
f 1423/1405/1063 1367/1406/1039 1424/1394/1034
f 1366/1407/1064 1367/1406/1039 1423/1405/1063
f 1422/1404/1062 1366/1407/1064 1423/1405/1063
f 1373/1408/1065 1366/1407/1064 1422/1404/1062
f 1421/1403/1061 1373/1408/1065 1422/1404/1062
f 1374/1409/1033 1373/1408/1065 1421/1403/1061
f 1420/1399/1057 1374/1409/1033 1421/1403/1061
f 1414/1410/1007 1374/1409/1033 1420/1399/1057
f 1419/1398/1056 1414/1410/1007 1420/1399/1057
f 1419/1398/1056 1411/1411/1066 1414/1410/1007
f 1419/1398/1056 1418/1397/1055 1411/1411/1066
f 1418/1397/1055 1410/1412/1067 1411/1411/1066
f 1418/1397/1055 1416/1396/1054 1410/1412/1067
f 1416/1396/1054 1409/1381/1041 1410/1412/1067
f 1417/1382/1042 1409/1381/1041 1416/1396/1054
f 1412/1413/1009 1415/1414/1008 1411/1411/1066
f 1411/1411/1066 1415/1414/1008 1414/1410/1007
f 1398/1415/1053 1413/1416/1010 1412/1413/1009
f 1397/1417/1068 1398/1415/1053 1412/1413/1009
f 1397/1417/1068 1412/1413/1009 1411/1411/1066
f 1411/1411/1066 1391/1418/1069 1397/1417/1068
f 1410/1412/1067 1391/1418/1069 1411/1411/1066
f 1410/1412/1067 1396/1419/1070 1391/1418/1069
f 1410/1412/1067 1409/1381/1041 1396/1419/1070
f 1409/1381/1041 1408/1383/1043 1396/1419/1070
f 1396/1419/1070 1408/1383/1043 1406/49/47
f 1406/49/47 1408/1383/1043 1407/51/49
f 1405/47/45 1396/1419/1070 1406/49/47
f 1405/47/45 1404/45/43 1396/1419/1070
f 1404/45/43 1395/1420/1071 1396/1419/1070
f 1404/45/43 1403/41/39 1395/1420/1071
f 1403/41/39 1394/1421/1072 1395/1420/1071
f 1403/41/39 1402/40/38 1394/1421/1072
f 1402/40/38 1401/1422/1040 1394/1421/1072
f 1393/1423/1073 1394/1421/1072 1401/1422/1040
f 1400/1424/1049 1393/1423/1073 1401/1422/1040
f 1400/1424/1049 1399/1425/1051 1393/1423/1073
f 1399/1425/1051 1392/1426/1074 1393/1423/1073
f 1392/1426/1074 1399/1425/1051 1398/1415/1053
f 1397/1417/1068 1392/1426/1074 1398/1415/1053
f 1391/1418/1069 1392/1426/1074 1397/1417/1068
f 1396/1419/1070 1395/1420/1071 1391/1418/1069
f 1391/1418/1069 1395/1420/1071 1394/1421/1072
f 1393/1423/1073 1391/1418/1069 1394/1421/1072
f 1393/1423/1073 1392/1426/1074 1391/1418/1069
f 1390/1185/904 1389/1186/905 1388/1427/1075
f 1389/1186/905 1385/1428/1076 1388/1427/1075
f 1385/1428/1076 1389/1186/905 1384/1187/906
f 1388/1185/1075 1385/1186/1076 1387/1145/875
f 1385/1186/1076 1386/1146/876 1387/1145/875
f 1386/1146/876 1385/1186/1076 1383/1149/879
f 1385/1186/1076 1384/1187/906 1383/1149/879
f 1382/1322/991 1381/1208/915 1377/1323/992
f 1381/1208/915 1380/1210/917 1377/1323/992
f 1380/1210/917 1379/1208/916 1377/1323/992
f 1379/1208/916 1378/1322/993 1377/1323/992
f 1352/1429/371 1/1430/362 194/1431/1077
f 1375/1432/1078 1352/1429/371 194/1431/1077
f 195/1433/195 1375/1432/1078 194/1431/1077
f 195/1433/195 1376/1434/191 1375/1432/1078
f 1376/1434/191 1351/1435/1079 1375/1432/1078
f 1376/1434/191 1358/1436/190 1351/1435/1079
f 1351/1435/1079 1358/1436/190 1344/1437/1080
f 1351/1435/1079 1352/1429/371 1375/1432/1078
f 1373/1438/1065 1374/1371/1033 1370/1370/1032
f 1369/1439/1081 1373/1438/1065 1370/1370/1032
f 1366/1440/1064 1373/1438/1065 1369/1439/1081
f 1368/1441/1082 1366/1440/1064 1369/1439/1081
f 1372/1368/58 1359/1442/985 1371/1369/1031
f 1359/1442/985 1360/1443/1083 1371/1369/1031
f 1371/1369/1031 1360/1443/1083 1370/1370/1032
f 1360/1443/1083 1369/1439/1081 1370/1370/1032
f 1360/1443/1083 1361/1444/1084 1369/1439/1081
f 1361/1444/1084 1368/1441/1082 1369/1439/1081
f 1365/1445/1038 1368/1441/1082 1361/1444/1084
f 1368/1441/1082 1365/1445/1038 1366/1440/1064
f 1365/1445/1038 1367/1446/1039 1366/1440/1064
f 1363/1447/1037 1365/1445/1038 1361/1444/1084
f 1364/1448/987 1363/1447/1037 1362/1449/986
f 1363/1447/1037 1361/1444/1084 1362/1449/986
f 1362/1449/986 1361/1444/1084 1359/1442/985
f 1361/1444/1084 1360/1443/1083 1359/1442/985
f 1358/1450/190 1347/1451/1085 1344/1452/1080
f 1358/1450/190 1357/1453/186 1347/1451/1085
f 1357/1453/186 1356/1454/1086 1347/1451/1085
f 1357/1453/186 199/1455/183 1356/1454/1086
f 199/1455/183 200/1456/1087 1356/1454/1086
f 1356/1454/1086 200/1456/1087 153/1457/401
f 1349/1458/402 1356/1454/1086 153/1457/401
f 1347/1451/1085 1356/1454/1086 1349/1458/402
f 1344/1437/1080 1345/1459/415 1351/1435/1079
f 1345/1459/415 1355/1460/416 1351/1435/1079
f 1355/1460/416 1354/1461/418 1351/1435/1079
f 1354/1461/418 1353/1462/369 1351/1435/1079
f 1353/1462/369 1352/1429/371 1351/1435/1079
f 1350/1463/403 1348/1464/413 1349/1458/402
f 1348/1464/413 1347/1451/1085 1349/1458/402
f 1348/1464/413 1346/1465/414 1347/1451/1085
f 1347/1451/1085 1346/1465/414 1344/1452/1080
f 1346/1465/414 1345/1466/415 1344/1452/1080
f 1340/344/322 768/346/324 769/1467/1088
f 1298/1468/814 1341/1469/1089 1342/1470/209
f 1343/1471/210 1298/1468/814 1342/1470/209
f 771/1472/208 1342/1470/209 769/1467/1088
f 1342/1470/209 1341/1469/1089 769/1467/1088
f 1341/1469/1089 1340/344/322 769/1467/1088
f 1340/344/322 1341/1469/1089 1298/1468/814
f 1329/342/320 1340/344/322 1298/1468/814
f 1299/1473/1090 1329/342/320 1298/1468/814
f 1329/342/320 1299/1473/1090 1267/1474/1091
f 1329/342/320 1267/1474/1091 1327/1475/1092
f 1267/1474/1091 1052/1476/1093 1327/1475/1092
f 785/1477/1094 1338/1478/1095 795/1479/1096
f 1338/1478/1095 1339/1480/1097 795/1479/1096
f 1336/1026/804 796/1028/805 795/1479/1096
f 1339/1480/1097 1336/1026/804 795/1479/1096
f 1336/1026/804 1339/1480/1097 1333/1481/1098
f 1339/1480/1097 1338/1478/1095 1333/1481/1098
f 1338/1478/1095 1332/1482/1099 1333/1481/1098
f 1332/1482/1099 1338/1478/1095 1331/338/316
f 1338/1478/1095 785/1477/1094 1331/338/316
f 785/1477/1094 1337/336/314 1331/338/316
f 1337/336/314 785/1477/1094 786/334/312
f 1334/1024/803 1336/1026/804 1333/1481/1098
f 1319/1020/801 1335/1022/802 1322/1483/1100
f 1335/1022/802 1328/1484/1101 1322/1483/1100
f 1328/1484/1101 1335/1022/802 1334/1024/803
f 1333/1481/1098 1328/1484/1101 1334/1024/803
f 1325/1485/1102 1328/1484/1101 1333/1481/1098
f 1332/1482/1099 1325/1485/1102 1333/1481/1098
f 1325/1485/1102 1332/1482/1099 1326/1486/1103
f 1326/1486/1103 1332/1482/1099 1331/338/316
f 1326/1486/1103 1331/338/316 1327/1475/1092
f 1331/338/316 1330/340/318 1327/1475/1092
f 1330/340/318 1329/342/320 1327/1475/1092
f 1328/1484/1101 1325/1485/1102 1322/1483/1100
f 1224/1487/1104 1223/1488/1105 1304/1489/1106
f 1314/1490/1107 1224/1487/1104 1304/1489/1106
f 1225/1491/1108 1224/1487/1104 1314/1490/1107
f 1316/1492/1109 1225/1491/1108 1314/1490/1107
f 1053/1493/1110 1225/1491/1108 1316/1492/1109
f 1053/1493/1110 1316/1492/1109 1052/1476/1093
f 1052/1476/1093 1316/1492/1109 1315/1494/1111
f 1052/1476/1093 1315/1494/1111 1327/1475/1092
f 1315/1494/1111 1313/1495/1112 1327/1475/1092
f 1313/1495/1112 1326/1486/1103 1327/1475/1092
f 1326/1486/1103 1313/1495/1112 1318/1064/826
f 1318/1064/826 1325/1485/1102 1326/1486/1103
f 1325/1485/1102 1318/1064/826 1324/1066/828
f 1325/1485/1102 1324/1066/828 1322/1483/1100
f 1324/1066/828 1323/1067/829 1322/1483/1100
f 1323/1067/829 1321/1496/888 1322/1483/1100
f 1322/1483/1100 1321/1496/888 1319/1020/801
f 1321/1496/888 1320/1018/800 1319/1020/801
f 1313/1495/1112 1312/1497/1113 1318/1064/826
f 1318/1064/826 1312/1497/1113 1317/1065/827
f 1312/1497/1113 1311/1498/1114 1317/1065/827
f 1317/1065/827 1311/1498/1114 1259/1069/831
f 1311/1498/1114 1310/1499/1115 1259/1069/831
f 1310/1499/1115 1260/1500/1116 1259/1069/831
f 1310/1499/1115 1308/1501/1117 1260/1500/1116
f 1260/1500/1116 1308/1501/1117 1261/1502/1118
f 1309/1503/1119 1261/1502/1118 1308/1501/1117
f 1262/1504/1120 1261/1502/1118 1309/1503/1119
f 1316/1492/1109 1314/1490/1107 1315/1494/1111
f 1315/1494/1111 1314/1490/1107 1313/1495/1112
f 1314/1490/1107 1304/1489/1106 1313/1495/1112
f 1313/1495/1112 1304/1489/1106 1312/1497/1113
f 1304/1489/1106 1303/1505/1121 1312/1497/1113
f 1312/1497/1113 1303/1505/1121 1311/1498/1114
f 1303/1505/1121 1305/1506/1122 1311/1498/1114
f 1311/1498/1114 1305/1506/1122 1310/1499/1115
f 1305/1506/1122 1306/1507/1123 1310/1499/1115
f 1310/1499/1115 1306/1507/1123 1308/1501/1117
f 1306/1507/1123 1307/1508/1124 1308/1501/1117
f 1254/1058/820 1262/1504/1120 1293/1057/819
f 1262/1504/1120 1291/1509/1125 1293/1057/819
f 1291/1509/1125 1262/1504/1120 1289/1510/1126
f 1289/1510/1126 1262/1504/1120 1309/1503/1119
f 1309/1503/1119 1302/1511/1127 1289/1510/1126
f 1302/1511/1127 1309/1503/1119 1308/1501/1117
f 1301/1512/1128 1302/1511/1127 1308/1501/1117
f 1307/1508/1124 1301/1512/1128 1308/1501/1117
f 1231/1513/1129 1301/1512/1128 1307/1508/1124
f 1236/1514/1130 1231/1513/1129 1307/1508/1124
f 1235/1515/1131 1236/1514/1130 1307/1508/1124
f 1306/1507/1123 1235/1515/1131 1307/1508/1124
f 1238/1516/1132 1235/1515/1131 1306/1507/1123
f 1305/1506/1122 1238/1516/1132 1306/1507/1123
f 1222/1517/1133 1238/1516/1132 1305/1506/1122
f 1303/1505/1121 1222/1517/1133 1305/1506/1122
f 1223/1488/1105 1222/1517/1133 1303/1505/1121
f 1304/1489/1106 1223/1488/1105 1303/1505/1121
f 1302/1511/1127 1273/1518/1134 1289/1510/1126
f 1302/1511/1127 1056/1519/1135 1273/1518/1134
f 1302/1511/1127 1301/1512/1128 1056/1519/1135
f 1301/1512/1128 1300/1520/1136 1056/1519/1135
f 1056/1519/1135 1300/1520/1136 1054/1521/1137
f 1054/1521/1137 1300/1520/1136 1232/1522/1138
f 1231/1513/1129 1232/1522/1138 1300/1520/1136
f 1301/1512/1128 1231/1513/1129 1300/1520/1136
f 1056/1519/1135 1272/1523/1139 1273/1518/1134
f 1274/1524/1140 1271/1525/1141 1270/1526/1142
f 1287/1527/1143 1274/1524/1140 1270/1526/1142
f 1287/1527/1143 1270/1526/1142 1269/1528/1144
f 1286/1529/1145 1287/1527/1143 1269/1528/1144
f 1268/1530/1146 1286/1529/1145 1269/1528/1144
f 1286/1529/1145 1268/1530/1146 1285/1531/1147
f 1285/1531/1147 1268/1530/1146 1299/1532/1090
f 1268/1530/1146 1267/1533/1091 1299/1532/1090
f 1292/1534/1148 1285/1531/1147 1299/1532/1090
f 1298/1048/814 1292/1534/1148 1299/1532/1090
f 1292/1534/1148 1298/1048/814 1283/1535/1149
f 1298/1048/814 1297/1050/815 1283/1535/1149
f 1283/1535/1149 1297/1050/815 1281/1536/1150
f 1297/1050/815 1296/1051/816 1281/1536/1150
f 1281/1536/1150 1296/1051/816 1280/1537/1151
f 1296/1051/816 1295/1053/817 1280/1537/1151
f 1280/1537/1151 1295/1053/817 1278/1538/1152
f 1295/1053/817 1294/1056/818 1278/1538/1152
f 1278/1538/1152 1294/1056/818 1275/1539/1153
f 1294/1056/818 1293/1057/819 1275/1539/1153
f 1293/1057/819 1291/1509/1125 1275/1539/1153
f 1291/1509/1125 1277/1540/1154 1275/1539/1153
f 1277/1540/1154 1291/1509/1125 1290/1541/1155
f 1276/1542/1156 1277/1540/1154 1290/1541/1155
f 1288/1543/1157 1276/1542/1156 1290/1541/1155
f 1279/1544/1158 1276/1542/1156 1288/1543/1157
f 1285/1531/1147 1292/1534/1148 1283/1535/1149
f 1291/1509/1125 1289/1510/1126 1290/1541/1155
f 1290/1541/1155 1289/1510/1126 1288/1543/1157
f 1289/1510/1126 1273/1518/1134 1288/1543/1157
f 1274/1524/1140 1288/1543/1157 1273/1518/1134
f 1274/1524/1140 1279/1544/1158 1288/1543/1157
f 1279/1544/1158 1274/1524/1140 1282/1545/1159
f 1274/1524/1140 1287/1527/1143 1282/1545/1159
f 1282/1545/1159 1287/1527/1143 1284/1546/1160
f 1287/1527/1143 1286/1529/1145 1284/1546/1160
f 1284/1546/1160 1286/1529/1145 1285/1531/1147
f 1284/1546/1160 1285/1531/1147 1283/1535/1149
f 1282/1545/1159 1284/1546/1160 1283/1535/1149
f 1281/1536/1150 1282/1545/1159 1283/1535/1149
f 1279/1544/1158 1282/1545/1159 1281/1536/1150
f 1280/1537/1151 1279/1544/1158 1281/1536/1150
f 1279/1544/1158 1280/1537/1151 1278/1538/1152
f 1276/1542/1156 1279/1544/1158 1278/1538/1152
f 1276/1542/1156 1278/1538/1152 1275/1539/1153
f 1277/1540/1154 1276/1542/1156 1275/1539/1153
f 1272/1523/1139 1271/1525/1141 1273/1518/1134
f 1271/1525/1141 1274/1524/1140 1273/1518/1134
f 1272/1547/1139 1056/1548/1135 1271/1549/1141
f 1056/1548/1135 1264/1550/1161 1271/1549/1141
f 1271/1549/1141 1264/1550/1161 1270/1551/1142
f 1264/1550/1161 1263/1552/1162 1270/1551/1142
f 1270/1551/1142 1263/1552/1162 1269/1553/1144
f 1263/1552/1162 1265/1554/1163 1269/1553/1144
f 1269/1553/1144 1265/1554/1163 1268/1555/1146
f 1265/1554/1163 1266/1556/1164 1268/1555/1146
f 1268/1555/1146 1266/1556/1164 1267/1557/1091
f 1266/1556/1164 1052/1558/1093 1267/1557/1091
f 1052/1558/1093 1266/1556/1164 1051/1559/1165
f 1266/1556/1164 1265/1554/1163 1051/1559/1165
f 1055/1560/1166 1051/1559/1165 1265/1554/1163
f 1263/1552/1162 1055/1560/1166 1265/1554/1163
f 1056/1548/1135 1055/1560/1166 1263/1552/1162
f 1264/1550/1161 1056/1548/1135 1263/1552/1162
f 1255/1561/1167 1250/1562/1168 1246/1563/1169
f 1247/1564/1170 1255/1561/1167 1246/1563/1169
f 1255/1561/1167 1247/1564/1170 1254/1058/820
f 1254/1058/820 1247/1564/1170 1262/1504/1120
f 1247/1564/1170 1248/1565/1171 1262/1504/1120
f 1262/1504/1120 1248/1565/1171 1261/1502/1118
f 1248/1565/1171 1253/1566/1172 1261/1502/1118
f 1261/1502/1118 1253/1566/1172 1260/1500/1116
f 1253/1566/1172 1252/1567/1173 1260/1500/1116
f 1260/1500/1116 1252/1567/1173 1259/1069/831
f 1252/1567/1173 1251/1568/1174 1259/1069/831
f 1259/1069/831 1251/1568/1174 1258/1071/833
f 1251/1568/1174 1249/1569/1175 1258/1071/833
f 1258/1071/833 1249/1569/1175 1257/1062/824
f 1249/1569/1175 1250/1562/1168 1257/1062/824
f 1257/1062/824 1250/1562/1168 1256/1063/825
f 1250/1562/1168 1255/1561/1167 1256/1063/825
f 1256/1063/825 1255/1561/1167 1254/1058/820
f 1252/1567/1173 1253/1566/1172 1248/1565/1171
f 1246/1563/1169 1252/1567/1173 1248/1565/1171
f 1251/1568/1174 1252/1567/1173 1246/1563/1169
f 1249/1569/1175 1251/1568/1174 1246/1563/1169
f 1250/1562/1168 1249/1569/1175 1246/1563/1169
f 1248/1565/1171 1247/1564/1170 1246/1563/1169
f 1237/1570/1176 1221/1571/1177 1220/1572/1178
f 1240/1573/1179 1237/1570/1176 1220/1572/1178
f 1240/1573/1179 1220/1572/1178 1219/1574/1180
f 1241/1575/1181 1240/1573/1179 1219/1574/1180
f 1219/1574/1180 1218/1576/1182 1241/1575/1181
f 1218/1576/1182 1242/1577/1183 1241/1575/1181
f 1218/1576/1182 1217/1578/1184 1242/1577/1183
f 1217/1578/1184 1243/1579/1185 1242/1577/1183
f 1243/1579/1185 1217/1578/1184 1216/1580/1186
f 1244/1581/1187 1243/1579/1185 1216/1580/1186
f 1216/1580/1186 1157/1582/1188 1244/1581/1187
f 1157/1582/1188 1245/1583/1189 1244/1581/1187
f 1245/1583/1189 1157/1582/1188 1153/1584/1190
f 1165/1585/1191 1245/1583/1189 1153/1584/1190
f 1165/1585/1191 1153/1584/1190 1150/1586/1192
f 1168/1587/1193 1165/1585/1191 1150/1586/1192
f 1168/1587/1193 1150/1586/1192 1148/1588/1194
f 1164/1589/1195 1168/1587/1193 1148/1588/1194
f 1239/1590/1196 1237/1570/1176 1240/1573/1179
f 1166/1591/1197 1245/1583/1189 1165/1585/1191
f 1245/1583/1189 1166/1591/1197 1186/1592/1198
f 1244/1581/1187 1245/1583/1189 1186/1592/1198
f 1186/1592/1198 1184/1593/1199 1244/1581/1187
f 1184/1593/1199 1243/1579/1185 1244/1581/1187
f 1243/1579/1185 1184/1593/1199 1183/1594/1200
f 1242/1577/1183 1243/1579/1185 1183/1594/1200
f 1242/1577/1183 1183/1594/1200 1226/1595/1201
f 1241/1575/1181 1242/1577/1183 1226/1595/1201
f 1226/1595/1201 1228/1596/1202 1241/1575/1181
f 1228/1596/1202 1240/1573/1179 1241/1575/1181
f 1228/1596/1202 1229/1597/1203 1240/1573/1179
f 1229/1597/1203 1239/1590/1196 1240/1573/1179
f 1239/1590/1196 1229/1597/1203 1235/1598/1131
f 1237/1570/1176 1239/1590/1196 1235/1598/1131
f 1238/1599/1132 1237/1570/1176 1235/1598/1131
f 1237/1570/1176 1238/1599/1132 1222/1600/1133
f 1221/1571/1177 1237/1570/1176 1222/1600/1133
f 1236/1601/1130 1229/1597/1203 1231/1602/1129
f 1229/1597/1203 1236/1601/1130 1235/1598/1131
f 1234/1603/1204 1233/1604/1205 1227/1605/1206
f 1233/1604/1205 1230/1606/1207 1227/1605/1206
f 1179/1607/1208 1227/1605/1206 1181/1608/1209
f 1179/1607/1208 1234/1603/1204 1227/1605/1206
f 1176/1609/1210 1234/1603/1204 1179/1607/1208
f 1234/1603/1204 1176/1609/1210 1054/1610/1137
f 1233/1604/1205 1234/1603/1204 1054/1610/1137
f 1232/1611/1138 1233/1604/1205 1054/1610/1137
f 1230/1606/1207 1233/1604/1205 1232/1611/1138
f 1231/1602/1129 1230/1606/1207 1232/1611/1138
f 1229/1597/1203 1230/1606/1207 1231/1602/1129
f 1230/1606/1207 1229/1597/1203 1227/1605/1206
f 1229/1597/1203 1228/1596/1202 1227/1605/1206
f 1227/1605/1206 1228/1596/1202 1226/1595/1201
f 1181/1608/1209 1227/1605/1206 1226/1595/1201
f 1226/1595/1201 1183/1594/1200 1181/1608/1209
f 1176/1609/1210 1224/1612/1104 1225/1613/1108
f 1053/1614/1110 1176/1609/1210 1225/1613/1108
f 1176/1609/1210 1053/1614/1110 1054/1610/1137
f 1177/1615/1211 1224/1612/1104 1176/1609/1210
f 1177/1615/1211 1215/1616/1212 1224/1612/1104
f 1215/1616/1212 1223/1617/1105 1224/1612/1104
f 1215/1616/1212 1214/1618/1213 1223/1617/1105
f 1223/1617/1105 1214/1618/1213 1222/1619/1133
f 1214/1618/1213 1221/1620/1177 1222/1619/1133
f 1221/1620/1177 1214/1618/1213 1213/1621/1214
f 1220/1622/1178 1221/1620/1177 1213/1621/1214
f 1220/1622/1178 1213/1621/1214 1212/1623/1215
f 1219/1624/1180 1220/1622/1178 1212/1623/1215
f 1212/1623/1215 1211/1625/1216 1219/1624/1180
f 1211/1625/1216 1218/1626/1182 1219/1624/1180
f 1211/1625/1216 1210/1627/1217 1218/1626/1182
f 1210/1627/1217 1217/1628/1184 1218/1626/1182
f 1217/1628/1184 1210/1627/1217 1209/1629/1218
f 1216/1630/1186 1217/1628/1184 1209/1629/1218
f 1209/1629/1218 1175/1631/1219 1216/1630/1186
f 1175/1631/1219 1157/1632/1188 1216/1630/1186
f 1177/1615/1211 1178/1633/1220 1215/1616/1212
f 1215/1616/1212 1178/1633/1220 1199/1634/1221
f 1214/1618/1213 1215/1616/1212 1199/1634/1221
f 1213/1621/1214 1214/1618/1213 1199/1634/1221
f 1213/1621/1214 1199/1634/1221 1197/1635/1222
f 1212/1623/1215 1213/1621/1214 1197/1635/1222
f 1197/1635/1222 1195/1636/1223 1212/1623/1215
f 1195/1636/1223 1211/1625/1216 1212/1623/1215
f 1195/1636/1223 1192/1637/1224 1211/1625/1216
f 1192/1637/1224 1210/1627/1217 1211/1625/1216
f 1210/1627/1217 1192/1637/1224 1193/1638/1225
f 1209/1629/1218 1210/1627/1217 1193/1638/1225
f 1193/1638/1225 1208/1639/1226 1209/1629/1218
f 1208/1639/1226 1175/1631/1219 1209/1629/1218
f 1175/1631/1219 1208/1639/1226 1174/1640/1227
f 1174/1640/1227 1208/1639/1226 1206/1641/1228
f 1174/1640/1227 1206/1641/1228 1173/1642/1229
f 1205/1643/1230 1173/1642/1229 1206/1641/1228
f 1173/1642/1229 1205/1643/1230 1172/1644/1231
f 1172/1644/1231 1205/1643/1230 1171/1645/1232
f 1205/1643/1230 1190/1646/1233 1171/1645/1232
f 1207/1647/1234 1203/1648/1235 1204/1649/1236
f 1200/1650/1237 1196/1651/1238 1198/1652/1239
f 1200/1650/1237 1201/1653/1240 1196/1651/1238
f 1201/1653/1240 1194/1654/1241 1196/1651/1238
f 1194/1654/1241 1201/1653/1240 1202/1655/1242
f 1191/1656/1243 1194/1654/1241 1202/1655/1242
f 1202/1655/1242 1203/1648/1235 1191/1656/1243
f 1203/1648/1235 1207/1647/1234 1191/1656/1243
f 1191/1656/1243 1207/1647/1234 1193/1638/1225
f 1207/1647/1234 1208/1639/1226 1193/1638/1225
f 1208/1639/1226 1207/1647/1234 1206/1641/1228
f 1206/1641/1228 1207/1647/1234 1204/1649/1236
f 1204/1649/1236 1205/1643/1230 1206/1641/1228
f 1205/1643/1230 1204/1649/1236 1190/1646/1233
f 1204/1649/1236 1189/1657/1244 1190/1646/1233
f 1204/1649/1236 1203/1648/1235 1189/1657/1244
f 1203/1648/1235 1188/1658/1245 1189/1657/1244
f 1188/1658/1245 1203/1648/1235 1202/1655/1242
f 1187/1659/1246 1188/1658/1245 1202/1655/1242
f 1202/1655/1242 1201/1653/1240 1187/1659/1246
f 1201/1653/1240 1185/1660/1247 1187/1659/1246
f 1185/1660/1247 1201/1653/1240 1200/1650/1237
f 1182/1661/1248 1185/1660/1247 1200/1650/1237
f 1182/1661/1248 1200/1650/1237 1180/1662/1249
f 1180/1662/1249 1200/1650/1237 1198/1652/1239
f 1198/1652/1239 1178/1633/1220 1180/1662/1249
f 1199/1634/1221 1178/1633/1220 1198/1652/1239
f 1197/1635/1222 1199/1634/1221 1198/1652/1239
f 1198/1652/1239 1196/1651/1238 1197/1635/1222
f 1196/1651/1238 1195/1636/1223 1197/1635/1222
f 1196/1651/1238 1194/1654/1241 1195/1636/1223
f 1194/1654/1241 1192/1637/1224 1195/1636/1223
f 1192/1637/1224 1194/1654/1241 1191/1656/1243
f 1193/1638/1225 1192/1637/1224 1191/1656/1243
f 1171/1645/1232 1190/1646/1233 1170/1663/1250
f 1190/1646/1233 1169/1664/1251 1170/1663/1250
f 1190/1646/1233 1189/1657/1244 1169/1664/1251
f 1189/1657/1244 1167/1665/1252 1169/1664/1251
f 1189/1657/1244 1188/1658/1245 1167/1665/1252
f 1188/1658/1245 1166/1591/1197 1167/1665/1252
f 1166/1591/1197 1188/1658/1245 1187/1659/1246
f 1186/1592/1198 1166/1591/1197 1187/1659/1246
f 1187/1659/1246 1185/1660/1247 1186/1592/1198
f 1185/1660/1247 1184/1593/1199 1186/1592/1198
f 1184/1593/1199 1185/1660/1247 1182/1661/1248
f 1183/1594/1200 1184/1593/1199 1182/1661/1248
f 1183/1594/1200 1182/1661/1248 1181/1608/1209
f 1181/1608/1209 1182/1661/1248 1180/1662/1249
f 1180/1662/1249 1179/1607/1208 1181/1608/1209
f 1178/1633/1220 1179/1607/1208 1180/1662/1249
f 1176/1609/1210 1179/1607/1208 1178/1633/1220
f 1178/1633/1220 1177/1615/1211 1176/1609/1210
f 1157/1632/1188 1175/1631/1219 1156/1666/1253
f 1156/1666/1253 1175/1631/1219 1174/1640/1227
f 1156/1666/1253 1174/1640/1227 1158/1667/1254
f 1158/1667/1254 1174/1640/1227 1173/1642/1229
f 1158/1667/1254 1173/1642/1229 1159/1668/1255
f 1159/1668/1255 1173/1642/1229 1172/1644/1231
f 1172/1644/1231 1160/1669/1256 1159/1668/1255
f 1161/1670/1257 1160/1669/1256 1172/1644/1231
f 1171/1645/1232 1161/1670/1257 1172/1644/1231
f 1162/1671/1258 1161/1670/1257 1171/1645/1232
f 1170/1663/1250 1162/1671/1258 1171/1645/1232
f 1163/1672/1259 1162/1671/1258 1170/1663/1250
f 1164/1589/1195 1163/1672/1259 1170/1663/1250
f 1170/1663/1250 1169/1664/1251 1164/1589/1195
f 1169/1664/1251 1168/1587/1193 1164/1589/1195
f 1169/1664/1251 1167/1665/1252 1168/1587/1193
f 1167/1665/1252 1165/1585/1191 1168/1587/1193
f 1167/1665/1252 1166/1591/1197 1165/1585/1191
f 1148/1588/1194 1146/1673/1260 1164/1589/1195
f 1146/1673/1260 1163/1672/1259 1164/1589/1195
f 1146/1673/1260 891/1674/1261 1163/1672/1259
f 891/1674/1261 908/1675/1262 1163/1672/1259
f 1163/1672/1259 908/1675/1262 1162/1671/1258
f 908/1675/1262 906/1676/1263 1162/1671/1258
f 1162/1671/1258 906/1676/1263 1161/1670/1257
f 906/1676/1263 896/1677/1264 1161/1670/1257
f 1161/1670/1257 896/1677/1264 1160/1669/1256
f 896/1677/1264 887/1678/1265 1160/1669/1256
f 1160/1669/1256 887/1678/1265 1155/1679/1266
f 1160/1669/1256 1155/1679/1266 1159/1668/1255
f 1159/1668/1255 1155/1679/1266 1154/1680/1267
f 1154/1680/1267 1158/1667/1254 1159/1668/1255
f 1152/1681/1268 1158/1667/1254 1154/1680/1267
f 1152/1681/1268 1156/1666/1253 1158/1667/1254
f 1153/1682/1190 1156/1666/1253 1152/1681/1268
f 1153/1682/1190 1157/1632/1188 1156/1666/1253
f 887/1678/1265 888/1683/1269 1155/1679/1266
f 1155/1679/1266 888/1683/1269 1151/1684/1270
f 1155/1679/1266 1151/1684/1270 1154/1680/1267
f 1154/1680/1267 1151/1684/1270 1149/1685/1271
f 1149/1685/1271 1152/1681/1268 1154/1680/1267
f 1150/1686/1192 1152/1681/1268 1149/1685/1271
f 1150/1686/1192 1153/1682/1190 1152/1681/1268
f 888/1683/1269 889/1687/1272 1151/1684/1270
f 1151/1684/1270 889/1687/1272 1147/1688/1273
f 1151/1684/1270 1147/1688/1273 1149/1685/1271
f 1149/1685/1271 1147/1688/1273 1148/1689/1194
f 1148/1689/1194 1150/1686/1192 1149/1685/1271
f 1147/1688/1273 1146/1690/1260 1148/1689/1194
f 1147/1688/1273 890/1691/1274 1146/1690/1260
f 889/1687/1272 890/1691/1274 1147/1688/1273
f 890/1691/1274 891/1692/1261 1146/1690/1260
f 1063/1693/1275 1064/1694/1276 1134/1695/1277
f 1085/1696/1278 1063/1693/1275 1134/1695/1277
f 1134/1695/1277 1135/1697/1279 1085/1696/1278
f 1135/1697/1279 1083/1698/1280 1085/1696/1278
f 1135/1697/1279 1137/1699/1281 1083/1698/1280
f 1137/1699/1281 1081/1700/1282 1083/1698/1280
f 1137/1699/1281 1139/1701/1283 1081/1700/1282
f 1139/1701/1283 1079/1702/1284 1081/1700/1282
f 1079/1702/1284 1139/1701/1283 1143/1703/1285
f 1076/1704/1286 1079/1702/1284 1143/1703/1285
f 1076/1704/1286 1143/1703/1285 521/1705/1287
f 519/1706/1288 1076/1704/1286 521/1705/1287
f 1078/1707/1289 1076/1704/1286 519/1706/1288
f 517/1708/1290 1078/1707/1289 519/1706/1288
f 1090/1709/1291 1078/1707/1289 517/1708/1290
f 515/1710/1292 1090/1709/1291 517/1708/1290
f 1101/1711/1293 1090/1709/1291 515/1710/1292
f 516/1712/1294 1101/1711/1293 515/1710/1292
f 529/1713/1295 1145/1714/1296 516/1712/1294
f 1145/1714/1296 1101/1711/1293 516/1712/1294
f 1145/1714/1296 1144/1715/1297 1101/1711/1293
f 1144/1715/1297 1100/1716/1298 1101/1711/1293
f 1100/1716/1298 1144/1715/1297 1116/1717/1299
f 1099/1718/1300 1100/1716/1298 1116/1717/1299
f 521/1719/1287 1143/1720/1285 525/1721/1301
f 1143/1720/1285 1142/1722/1302 525/1721/1301
f 525/1721/1301 1142/1722/1302 527/1723/1303
f 1142/1722/1302 1141/1724/1304 527/1723/1303
f 527/1723/1303 1141/1724/1304 529/1713/1295
f 1141/1724/1304 1145/1714/1296 529/1713/1295
f 1141/1724/1304 1140/1725/1305 1145/1714/1296
f 1140/1725/1305 1144/1715/1297 1145/1714/1296
f 1144/1715/1297 1140/1725/1305 1125/1726/1306
f 1116/1717/1299 1144/1715/1297 1125/1726/1306
f 1143/1720/1285 1139/1727/1283 1142/1722/1302
f 1139/1727/1283 1138/1728/1307 1142/1722/1302
f 1142/1722/1302 1138/1728/1307 1141/1724/1304
f 1138/1728/1307 1140/1725/1305 1141/1724/1304
f 1140/1725/1305 1138/1728/1307 1136/1729/1308
f 1125/1726/1306 1140/1725/1305 1136/1729/1308
f 1125/1726/1306 1136/1729/1308 1133/1730/1309
f 1057/1731/1310 764/1732/1311 766/1733/1312
f 1138/1728/1307 1139/1727/1283 1137/1734/1281
f 1136/1729/1308 1138/1728/1307 1137/1734/1281
f 1136/1729/1308 1137/1734/1281 1135/1735/1279
f 1133/1730/1309 1136/1729/1308 1135/1735/1279
f 1133/1730/1309 1135/1735/1279 1134/1736/1277
f 1132/1737/1313 1133/1730/1309 1134/1736/1277
f 1134/1736/1277 1064/1738/1276 1132/1737/1313
f 1064/1738/1276 1131/1739/1314 1132/1737/1313
f 1131/1739/1314 1064/1738/1276 1065/1740/1315
f 1130/1741/1316 1131/1739/1314 1065/1740/1315
f 1065/1740/1315 1067/1742/1317 1130/1741/1316
f 1067/1742/1317 1129/1743/1318 1130/1741/1316
f 1067/1742/1317 1069/1744/1319 1129/1743/1318
f 1069/1744/1319 1128/1745/1320 1129/1743/1318
f 1128/1745/1320 1069/1744/1319 1058/1746/1321
f 1127/1747/1322 1128/1745/1320 1058/1746/1321
f 1058/1746/1321 1057/1731/1310 1127/1747/1322
f 1057/1731/1310 1126/1748/1323 1127/1747/1322
f 1126/1748/1323 1057/1731/1310 766/1733/1312
f 780/1749/1324 1126/1748/1323 766/1733/1312
f 1126/1748/1323 780/1749/1324 817/1750/1325
f 1124/1751/1326 1125/1726/1306 1133/1730/1309
f 1124/1751/1326 1133/1730/1309 1132/1737/1313
f 1123/1752/1327 1124/1751/1326 1132/1737/1313
f 1132/1737/1313 1131/1739/1314 1123/1752/1327
f 1131/1739/1314 1122/1753/1328 1123/1752/1327
f 1122/1753/1328 1131/1739/1314 1130/1741/1316
f 1121/1754/1329 1122/1753/1328 1130/1741/1316
f 1130/1741/1316 1129/1743/1318 1121/1754/1329
f 1129/1743/1318 1120/1755/1330 1121/1754/1329
f 1129/1743/1318 1128/1745/1320 1120/1755/1330
f 1128/1745/1320 1119/1756/1331 1120/1755/1330
f 1119/1756/1331 1128/1745/1320 1127/1747/1322
f 1118/1757/1332 1119/1756/1331 1127/1747/1322
f 1127/1747/1322 1126/1748/1323 1118/1757/1332
f 1126/1748/1323 1117/1758/1333 1118/1757/1332
f 1117/1758/1333 1126/1748/1323 817/1750/1325
f 821/1759/1334 1117/1758/1333 817/1750/1325
f 1117/1758/1333 821/1759/1334 820/1760/1335
f 1116/1717/1299 1125/1726/1306 1124/1751/1326
f 1115/1761/1336 1116/1717/1299 1124/1751/1326
f 1115/1761/1336 1124/1751/1326 1123/1752/1327
f 1114/1762/1337 1115/1761/1336 1123/1752/1327
f 1123/1752/1327 1122/1753/1328 1114/1762/1337
f 1122/1753/1328 1113/1763/1338 1114/1762/1337
f 1113/1763/1338 1122/1753/1328 1121/1754/1329
f 1112/1764/1339 1113/1763/1338 1121/1754/1329
f 1121/1754/1329 1120/1755/1330 1112/1764/1339
f 1120/1755/1330 1111/1765/1340 1112/1764/1339
f 1120/1755/1330 1119/1756/1331 1111/1765/1340
f 1119/1756/1331 1110/1766/1341 1111/1765/1340
f 1110/1766/1341 1119/1756/1331 1118/1757/1332
f 1109/1767/1342 1110/1766/1341 1118/1757/1332
f 1118/1757/1332 1117/1758/1333 1109/1767/1342
f 1117/1758/1333 1075/1768/1343 1109/1767/1342
f 1075/1768/1343 1117/1758/1333 820/1760/1335
f 1075/1768/1343 820/1760/1335 680/1769/1344
f 1099/1718/1300 1116/1717/1299 1115/1761/1336
f 1108/1770/1345 1099/1718/1300 1115/1761/1336
f 1108/1770/1345 1115/1761/1336 1114/1762/1337
f 1107/1771/1346 1108/1770/1345 1114/1762/1337
f 1114/1762/1337 1113/1763/1338 1107/1771/1346
f 1113/1763/1338 1106/1772/1347 1107/1771/1346
f 1106/1772/1347 1113/1763/1338 1112/1764/1339
f 1105/1773/1348 1106/1772/1347 1112/1764/1339
f 1112/1764/1339 1111/1765/1340 1105/1773/1348
f 1111/1765/1340 1104/1774/1349 1105/1773/1348
f 1111/1765/1340 1110/1766/1341 1104/1774/1349
f 1110/1766/1341 1103/1775/1350 1104/1774/1349
f 1103/1775/1350 1110/1766/1341 1109/1767/1342
f 1102/1776/1351 1103/1775/1350 1109/1767/1342
f 1109/1767/1342 1075/1768/1343 1102/1776/1351
f 1075/1768/1343 1074/1777/1352 1102/1776/1351
f 1102/1776/1351 1074/1777/1352 1072/1778/1353
f 1074/1777/1352 1073/1779/1354 1072/1778/1353
f 1099/1718/1300 1108/1770/1345 1091/1780/1355
f 1108/1770/1345 1092/1781/1356 1091/1780/1355
f 1092/1781/1356 1108/1770/1345 1107/1771/1346
f 1093/1782/1357 1092/1781/1356 1107/1771/1346
f 1107/1771/1346 1106/1772/1347 1093/1782/1357
f 1106/1772/1347 1094/1783/1358 1093/1782/1357
f 1094/1783/1358 1106/1772/1347 1105/1773/1348
f 1095/1784/1359 1094/1783/1358 1105/1773/1348
f 1105/1773/1348 1104/1774/1349 1095/1784/1359
f 1104/1774/1349 1096/1785/1360 1095/1784/1359
f 1104/1774/1349 1103/1775/1350 1096/1785/1360
f 1103/1775/1350 1097/1786/1361 1096/1785/1360
f 1097/1786/1361 1103/1775/1350 1102/1776/1351
f 1072/1778/1353 1097/1786/1361 1102/1776/1351
f 1098/1787/1362 1097/1786/1361 1072/1778/1353
f 1071/1788/1363 1098/1787/1362 1072/1778/1353
f 1068/1789/1364 1098/1787/1362 1071/1788/1363
f 1070/1790/1365 1068/1789/1364 1071/1788/1363
f 1101/1711/1293 1100/1716/1298 1090/1709/1291
f 1100/1716/1298 1089/1791/1366 1090/1709/1291
f 1089/1791/1366 1100/1716/1298 1099/1718/1300
f 1091/1780/1355 1089/1791/1366 1099/1718/1300
f 1098/1787/1362 1068/1789/1364 1066/1792/1367
f 1088/1793/1368 1098/1787/1362 1066/1792/1367
f 1097/1786/1361 1098/1787/1362 1088/1793/1368
f 1096/1785/1360 1097/1786/1361 1088/1793/1368
f 1096/1785/1360 1088/1793/1368 1087/1794/1369
f 1095/1784/1359 1096/1785/1360 1087/1794/1369
f 1087/1794/1369 1086/1795/1370 1095/1784/1359
f 1086/1795/1370 1094/1783/1358 1095/1784/1359
f 1094/1783/1358 1086/1795/1370 1084/1796/1371
f 1093/1782/1357 1094/1783/1358 1084/1796/1371
f 1084/1796/1371 1082/1797/1372 1093/1782/1357
f 1082/1797/1372 1092/1781/1356 1093/1782/1357
f 1082/1797/1372 1080/1798/1373 1092/1781/1356
f 1080/1798/1373 1091/1780/1355 1092/1781/1356
f 1080/1798/1373 1077/1799/1374 1091/1780/1355
f 1077/1799/1374 1089/1791/1366 1091/1780/1355
f 1089/1791/1366 1077/1799/1374 1078/1707/1289
f 1090/1709/1291 1089/1791/1366 1078/1707/1289
f 1088/1793/1368 1066/1792/1367 1062/1800/1375
f 1087/1794/1369 1088/1793/1368 1062/1800/1375
f 1062/1800/1375 1063/1693/1275 1087/1794/1369
f 1063/1693/1275 1086/1795/1370 1087/1794/1369
f 1086/1795/1370 1063/1693/1275 1085/1696/1278
f 1084/1796/1371 1086/1795/1370 1085/1696/1278
f 1085/1696/1278 1083/1698/1280 1084/1796/1371
f 1083/1698/1280 1082/1797/1372 1084/1796/1371
f 1083/1698/1280 1081/1700/1282 1082/1797/1372
f 1081/1700/1282 1080/1798/1373 1082/1797/1372
f 1081/1700/1282 1079/1702/1284 1080/1798/1373
f 1079/1702/1284 1077/1799/1374 1080/1798/1373
f 1077/1799/1374 1079/1702/1284 1076/1704/1286
f 1078/1707/1289 1077/1799/1374 1076/1704/1286
f 1074/1777/1352 1075/1768/1343 680/1769/1344
f 1074/1777/1352 680/1769/1344 677/1801/1376
f 1073/1779/1354 1074/1777/1352 677/1801/1376
f 1061/1802/1377 1073/1779/1354 677/1801/1376
f 1073/1779/1354 1061/1802/1377 1072/1778/1353
f 1060/1803/1378 1072/1778/1353 1061/1802/1377
f 1072/1778/1353 1060/1803/1378 1071/1788/1363
f 1059/1804/1379 1071/1788/1363 1060/1803/1378
f 1071/1788/1363 1059/1804/1379 1070/1790/1365
f 1070/1790/1365 1059/1804/1379 1058/1805/1321
f 1058/1805/1321 1069/1806/1319 1070/1790/1365
f 1069/1806/1319 1068/1789/1364 1070/1790/1365
f 1068/1789/1364 1069/1806/1319 1067/1807/1317
f 1066/1792/1367 1068/1789/1364 1067/1807/1317
f 1066/1792/1367 1067/1807/1317 1065/1808/1315
f 1062/1800/1375 1066/1792/1367 1065/1808/1315
f 1065/1808/1315 1064/1694/1276 1062/1800/1375
f 1064/1694/1276 1063/1693/1275 1062/1800/1375
f 761/1809/1380 1061/1802/1377 677/1801/1376
f 1060/1803/1378 1061/1802/1377 761/1809/1380
f 759/1810/1381 1060/1803/1378 761/1809/1380
f 1059/1804/1379 1060/1803/1378 759/1810/1381
f 757/1811/1382 1059/1804/1379 759/1810/1381
f 1057/1812/1310 1059/1804/1379 757/1811/1382
f 1059/1804/1379 1057/1812/1310 1058/1805/1321
f 764/1813/1311 1057/1812/1310 757/1811/1382
f 1056/1814/1135 1054/1815/1137 1055/1816/1166
f 1055/1816/1166 1054/1815/1137 1051/1817/1165
f 1054/1815/1137 1053/1818/1110 1051/1817/1165
f 1053/1818/1110 1052/1819/1093 1051/1817/1165
f 1043/1820/1383 1050/1821/1384 1046/1822/1385
f 1049/1823/1386 1050/1821/1384 1043/1820/1383
f 1049/1823/1386 860/1824/1387 1050/1821/1384
f 860/1824/1387 859/1825/1388 1050/1821/1384
f 859/1825/1388 1046/1822/1385 1050/1821/1384
f 1014/1826/1389 988/1827/1390 987/1828/1391
f 837/1829/1392 1014/1826/1389 987/1828/1391
f 837/1829/1392 1012/1830/1393 1014/1826/1389
f 836/1831/1394 1012/1830/1393 837/1829/1392
f 1011/1832/1395 1012/1830/1393 836/1831/1394
f 835/1833/1396 1011/1832/1395 836/1831/1394
f 1011/1832/1395 835/1833/1396 1008/1834/1397
f 835/1833/1396 834/1835/1398 1008/1834/1397
f 1008/1834/1397 834/1835/1398 1048/1836/1399
f 834/1835/1398 831/1837/1400 1048/1836/1399
f 1048/1836/1399 831/1837/1400 1045/1838/1401
f 831/1837/1400 1044/1839/1402 1045/1838/1401
f 831/1837/1400 832/1840/1403 1044/1839/1402
f 832/1840/1403 1043/1820/1383 1044/1839/1402
f 832/1840/1403 845/1841/1404 1043/1820/1383
f 845/1841/1404 1049/1823/1386 1043/1820/1383
f 845/1841/1404 847/1842/1405 1049/1823/1386
f 847/1842/1405 860/1824/1387 1049/1823/1386
f 1047/1843/1406 1048/1836/1399 1038/1844/1407
f 1038/1844/1407 1048/1836/1399 1045/1838/1401
f 1008/1834/1397 1048/1836/1399 1007/1845/1408
f 1007/1845/1408 1048/1836/1399 1047/1843/1406
f 1007/1845/1408 1047/1843/1406 1041/1846/1409
f 1040/1847/1410 1041/1846/1409 1047/1843/1406
f 1039/1848/1411 1040/1847/1410 1047/1843/1406
f 1039/1848/1411 1047/1843/1406 1038/1844/1407
f 858/1849/1412 1035/1850/1413 859/1851/1388
f 1035/1850/1413 1046/1852/1385 859/1851/1388
f 1035/1850/1413 1036/1853/1414 1046/1852/1385
f 1036/1853/1414 1043/1854/1383 1046/1852/1385
f 1036/1853/1414 1037/1855/1415 1043/1854/1383
f 1037/1855/1415 1042/1856/1416 1043/1854/1383
f 1042/1856/1416 1037/1855/1415 1038/1857/1407
f 1045/1858/1401 1042/1856/1416 1038/1857/1407
f 1044/1859/1402 1042/1856/1416 1045/1858/1401
f 1044/1859/1402 1043/1854/1383 1042/1856/1416
f 1009/1860/1417 1007/1845/1408 1034/1861/1418
f 1034/1861/1418 1007/1845/1408 1041/1846/1409
f 1034/1861/1418 1041/1846/1409 1033/1862/1419
f 1041/1846/1409 1040/1863/1410 1033/1862/1419
f 1033/1862/1419 1040/1863/1410 1039/1864/1411
f 1032/1865/1420 1033/1862/1419 1039/1864/1411
f 1032/1865/1420 1039/1864/1411 1038/1857/1407
f 1031/1866/1421 1032/1865/1420 1038/1857/1407
f 1038/1857/1407 1037/1855/1415 1031/1866/1421
f 1037/1855/1415 1030/1867/1422 1031/1866/1421
f 1030/1867/1422 1037/1855/1415 1036/1853/1414
f 1029/1868/1423 1030/1867/1422 1036/1853/1414
f 1029/1868/1423 1036/1853/1414 1035/1850/1413
f 1026/1869/1424 1029/1868/1423 1035/1850/1413
f 1026/1869/1424 1035/1850/1413 858/1849/1412
f 857/1870/1425 1026/1869/1424 858/1849/1412
f 1025/1871/1426 1026/1869/1424 857/1870/1425
f 856/1872/1427 1025/1871/1426 857/1870/1425
f 1016/1873/1428 1015/1874/1429 1021/1875/1430
f 1015/1874/1429 1028/1876/1431 1021/1875/1430
f 1015/1874/1429 1013/1877/1432 1028/1876/1431
f 1013/1877/1432 1010/1878/1433 1028/1876/1431
f 1028/1876/1431 1010/1878/1433 1027/1879/1434
f 1010/1878/1433 1009/1860/1417 1027/1879/1434
f 1027/1879/1434 1009/1860/1417 1034/1861/1418
f 1021/1875/1430 1027/1879/1434 1034/1861/1418
f 1033/1862/1419 1021/1875/1430 1034/1861/1418
f 1021/1875/1430 1033/1862/1419 1032/1865/1420
f 1020/1880/1435 1021/1875/1430 1032/1865/1420
f 1020/1880/1435 1032/1865/1420 1031/1866/1421
f 1022/1881/1436 1020/1880/1435 1031/1866/1421
f 1031/1866/1421 1030/1867/1422 1022/1881/1436
f 1030/1867/1422 1023/1882/1437 1022/1881/1436
f 1023/1882/1437 1030/1867/1422 1029/1868/1423
f 1024/1883/1438 1023/1882/1437 1029/1868/1423
f 1024/1883/1438 1029/1868/1423 1026/1869/1424
f 1021/1875/1430 1028/1876/1431 1027/1879/1434
f 1025/1871/1426 1024/1883/1438 1026/1869/1424
f 855/1884/1439 1019/1885/1440 856/1872/1427
f 1019/1885/1440 1025/1871/1426 856/1872/1427
f 1019/1885/1440 1018/1886/1441 1025/1871/1426
f 1018/1886/1441 1024/1883/1438 1025/1871/1426
f 1018/1886/1441 1017/1887/1442 1024/1883/1438
f 1017/1887/1442 1023/1882/1437 1024/1883/1438
f 1022/1881/1436 1023/1882/1437 1017/1887/1442
f 1017/1887/1442 1016/1873/1428 1022/1881/1436
f 1016/1873/1428 1020/1880/1435 1022/1881/1436
f 1016/1873/1428 1021/1875/1430 1020/1880/1435
f 1004/1888/1443 1019/1885/1440 855/1884/1439
f 1019/1885/1440 1004/1888/1443 992/1889/1444
f 1019/1885/1440 992/1889/1444 991/1890/1445
f 1018/1886/1441 1019/1885/1440 991/1890/1445
f 1018/1886/1441 991/1890/1445 990/1891/1446
f 1017/1887/1442 1018/1886/1441 990/1891/1446
f 1017/1887/1442 990/1891/1446 989/1892/1447
f 1016/1873/1428 1017/1887/1442 989/1892/1447
f 1016/1873/1428 989/1892/1447 988/1827/1390
f 1015/1874/1429 1016/1873/1428 988/1827/1390
f 1015/1874/1429 988/1827/1390 1014/1826/1389
f 1013/1877/1432 1015/1874/1429 1014/1826/1389
f 1014/1826/1389 1012/1830/1393 1013/1877/1432
f 1010/1878/1433 1013/1877/1432 1012/1830/1393
f 1011/1832/1395 1010/1878/1433 1012/1830/1393
f 1010/1878/1433 1011/1832/1395 1008/1834/1397
f 1009/1860/1417 1010/1878/1433 1008/1834/1397
f 1009/1860/1417 1008/1834/1397 1007/1845/1408
f 967/1893/1448 965/1894/329 1006/1895/328
f 1001/1896/1449 967/1893/1448 1006/1895/328
f 1001/1896/1449 1006/1895/328 1005/1897/330
f 1000/1898/1450 1001/1896/1449 1005/1897/330
f 1000/1898/1450 1005/1897/330 964/1899/331
f 980/1900/1451 969/1901/1452 1002/1902/1453
f 1003/1903/1454 980/1900/1451 1002/1902/1453
f 855/1884/1439 980/1900/1451 1003/1903/1454
f 1004/1888/1443 855/1884/1439 1003/1903/1454
f 997/1904/1455 993/1905/1456 992/1889/1444
f 1004/1888/1443 997/1904/1455 992/1889/1444
f 997/1904/1455 1004/1888/1443 998/1906/1457
f 1004/1888/1443 1003/1903/1454 998/1906/1457
f 998/1906/1457 1003/1903/1454 999/1907/1458
f 1003/1903/1454 1002/1902/1453 999/1907/1458
f 999/1907/1458 1002/1902/1453 1000/1898/1450
f 1002/1902/1453 1001/1896/1449 1000/1898/1450
f 1002/1902/1453 969/1901/1452 1001/1896/1449
f 969/1901/1452 967/1893/1448 1001/1896/1449
f 943/1908/1459 956/1909/1460 955/1910/1461
f 963/1911/1462 1000/1898/1450 964/1899/331
f 999/1907/1458 1000/1898/1450 963/1911/1462
f 961/1912/1463 999/1907/1458 963/1911/1462
f 998/1906/1457 999/1907/1458 961/1912/1463
f 973/1913/1464 998/1906/1457 961/1912/1463
f 997/1904/1455 998/1906/1457 973/1913/1464
f 975/1914/1465 997/1904/1455 973/1913/1464
f 997/1904/1455 975/1914/1465 993/1905/1456
f 975/1914/1465 977/1915/1466 993/1905/1456
f 993/1905/1456 977/1915/1466 994/1916/1467
f 977/1915/1466 943/1908/1459 994/1916/1467
f 994/1916/1467 943/1908/1459 955/1910/1461
f 994/1916/1467 955/1910/1461 995/1917/1468
f 955/1910/1461 899/1918/1469 995/1917/1468
f 897/1919/1470 995/1917/1468 899/1918/1469
f 995/1917/1468 897/1919/1470 996/1920/1471
f 895/1921/1472 996/1920/1471 897/1919/1470
f 996/1920/1471 895/1921/1472 894/1922/1473
f 894/1922/1473 879/1923/1474 861/1924/1475
f 862/1925/1476 894/1922/1473 861/1924/1475
f 862/1925/1476 996/1920/1471 894/1922/1473
f 862/1925/1476 981/1926/1477 996/1920/1471
f 981/1926/1477 995/1917/1468 996/1920/1471
f 982/1927/1478 995/1917/1468 981/1926/1477
f 982/1927/1478 994/1916/1467 995/1917/1468
f 993/1905/1456 994/1916/1467 982/1927/1478
f 992/1889/1444 993/1905/1456 982/1927/1478
f 992/1889/1444 982/1927/1478 983/1928/1479
f 991/1890/1445 992/1889/1444 983/1928/1479
f 991/1890/1445 983/1928/1479 984/1929/1480
f 990/1891/1446 991/1890/1445 984/1929/1480
f 990/1891/1446 984/1929/1480 985/1930/1481
f 989/1892/1447 990/1891/1446 985/1930/1481
f 989/1892/1447 985/1930/1481 986/1931/1482
f 988/1827/1390 989/1892/1447 986/1931/1482
f 988/1827/1390 986/1931/1482 987/1828/1391
f 837/1829/1392 987/1828/1391 838/1932/1483
f 838/1932/1483 987/1828/1391 850/1933/1484
f 987/1828/1391 867/1934/1485 850/1933/1484
f 987/1828/1391 986/1931/1482 867/1934/1485
f 986/1931/1482 865/1935/1486 867/1934/1485
f 986/1931/1482 985/1930/1481 865/1935/1486
f 985/1930/1481 863/1936/1487 865/1935/1486
f 985/1930/1481 984/1929/1480 863/1936/1487
f 984/1929/1480 862/1925/1476 863/1936/1487
f 984/1929/1480 983/1928/1479 862/1925/1476
f 983/1928/1479 981/1926/1477 862/1925/1476
f 983/1928/1479 982/1927/1478 981/1926/1477
f 855/1937/1439 854/1938/1488 980/1939/1451
f 854/1938/1488 978/1940/1489 980/1939/1451
f 980/1939/1451 978/1940/1489 979/1941/1490
f 980/1939/1451 979/1941/1490 969/1942/1452
f 979/1941/1490 970/1943/1491 969/1942/1452
f 979/1941/1490 972/1944/1492 970/1943/1491
f 974/1945/1493 972/1944/1492 979/1941/1490
f 978/1940/1489 974/1945/1493 979/1941/1490
f 976/1946/1494 974/1945/1493 978/1940/1489
f 854/1938/1488 976/1946/1494 978/1940/1489
f 976/1946/1494 854/1938/1488 853/1947/1495
f 962/1948/1496 960/1949/1497 966/1950/1498
f 968/1951/1499 962/1948/1496 966/1950/1498
f 971/1952/1500 962/1948/1496 968/1951/1499
f 962/1948/1496 971/1952/1500 961/1953/1463
f 973/1954/1464 961/1953/1463 971/1952/1500
f 943/1955/1459 977/1956/1466 853/1947/1495
f 853/1947/1495 977/1956/1466 976/1946/1494
f 977/1956/1466 975/1957/1465 976/1946/1494
f 976/1946/1494 975/1957/1465 974/1945/1493
f 975/1957/1465 973/1954/1464 974/1945/1493
f 972/1944/1492 974/1945/1493 973/1954/1464
f 972/1944/1492 973/1954/1464 971/1952/1500
f 972/1944/1492 971/1952/1500 970/1943/1491
f 970/1943/1491 971/1952/1500 968/1951/1499
f 969/1942/1452 970/1943/1491 968/1951/1499
f 969/1942/1452 968/1951/1499 967/1958/1448
f 968/1951/1499 966/1950/1498 967/1958/1448
f 967/1958/1448 966/1950/1498 965/353/329
f 966/1950/1498 960/1949/1497 965/353/329
f 960/1949/1497 964/355/331 965/353/329
f 963/1959/1462 964/355/331 960/1949/1497
f 961/1953/1463 963/1959/1462 960/1949/1497
f 962/1948/1496 961/1953/1463 960/1949/1497
f 920/1960/1501 959/1961/1502 921/1962/1503
f 959/1961/1502 958/1963/1504 921/1962/1503
f 921/1962/1503 958/1963/1504 922/1964/1505
f 958/1963/1504 957/1965/1506 922/1964/1505
f 922/1964/1505 957/1965/1506 925/1966/1507
f 900/1967/1508 899/1968/1469 920/1960/1501
f 899/1968/1469 959/1961/1502 920/1960/1501
f 899/1968/1469 954/1969/1509 959/1961/1502
f 959/1961/1502 954/1969/1509 958/1963/1504
f 954/1969/1509 953/1970/1510 958/1963/1504
f 958/1963/1504 953/1970/1510 957/1965/1506
f 953/1970/1510 952/1971/1511 957/1965/1506
f 957/1965/1506 952/1971/1511 925/1966/1507
f 952/1971/1511 951/1972/1512 925/1966/1507
f 927/1973/1513 925/1966/1507 951/1972/1512
f 942/1974/1514 927/1973/1513 951/1972/1512
f 951/1972/1512 950/1975/1515 942/1974/1514
f 956/1976/1460 943/1955/1459 944/1977/1516
f 956/1976/1460 944/1977/1516 945/1978/1517
f 955/1979/1461 956/1976/1460 945/1978/1517
f 955/1979/1461 945/1978/1517 899/1968/1469
f 945/1978/1517 954/1969/1509 899/1968/1469
f 945/1978/1517 946/1980/1518 954/1969/1509
f 946/1980/1518 947/1981/1519 954/1969/1509
f 954/1969/1509 947/1981/1519 953/1970/1510
f 947/1981/1519 948/1982/1520 953/1970/1510
f 953/1970/1510 948/1982/1520 952/1971/1511
f 948/1982/1520 949/1983/1521 952/1971/1511
f 952/1971/1511 949/1983/1521 951/1972/1512
f 949/1983/1521 950/1975/1515 951/1972/1512
f 950/1975/1515 936/1984/1522 942/1974/1514
f 950/1975/1515 937/1985/1523 936/1984/1522
f 938/1986/1524 937/1985/1523 950/1975/1515
f 949/1983/1521 938/1986/1524 950/1975/1515
f 939/1987/1525 938/1986/1524 949/1983/1521
f 948/1982/1520 939/1987/1525 949/1983/1521
f 940/1988/1526 939/1987/1525 948/1982/1520
f 947/1981/1519 940/1988/1526 948/1982/1520
f 941/1989/1527 940/1988/1526 947/1981/1519
f 878/1990/1528 941/1989/1527 947/1981/1519
f 946/1980/1518 878/1990/1528 947/1981/1519
f 946/1980/1518 876/1991/1529 878/1990/1528
f 876/1991/1529 946/1980/1518 945/1978/1517
f 876/1991/1529 945/1978/1517 871/1992/1530
f 945/1978/1517 944/1977/1516 871/1992/1530
f 944/1977/1516 852/1993/1531 871/1992/1530
f 943/1955/1459 852/1993/1531 944/1977/1516
f 852/1993/1531 943/1955/1459 853/1947/1495
f 927/1994/1513 942/1995/1514 936/1984/1522
f 884/1996/1532 902/1997/1533 877/1998/1534
f 877/1998/1534 902/1997/1533 878/1990/1528
f 902/1997/1533 935/1999/1535 878/1990/1528
f 878/1990/1528 935/1999/1535 941/1989/1527
f 935/1999/1535 934/2000/1536 941/1989/1527
f 941/1989/1527 934/2000/1536 940/1988/1526
f 934/2000/1536 933/2001/1537 940/1988/1526
f 940/1988/1526 933/2001/1537 939/1987/1525
f 933/2001/1537 932/2002/1538 939/1987/1525
f 939/1987/1525 932/2002/1538 938/1986/1524
f 932/2002/1538 931/2003/1539 938/1986/1524
f 938/1986/1524 931/2003/1539 937/1985/1523
f 931/2003/1539 930/2004/1540 937/1985/1523
f 937/1985/1523 930/2004/1540 936/1984/1522
f 930/2004/1540 929/2005/1541 936/1984/1522
f 929/2005/1541 927/1994/1513 936/1984/1522
f 927/1994/1513 929/2005/1541 928/2006/1542
f 926/2007/1543 927/1994/1513 928/2006/1542
f 902/1997/1533 903/2008/1544 935/1999/1535
f 903/2008/1544 911/2009/1545 935/1999/1535
f 935/1999/1535 911/2009/1545 934/2000/1536
f 911/2009/1545 912/2010/1546 934/2000/1536
f 934/2000/1536 912/2010/1546 933/2001/1537
f 912/2010/1546 914/2011/1547 933/2001/1537
f 933/2001/1537 914/2011/1547 932/2002/1538
f 914/2011/1547 916/2012/1548 932/2002/1538
f 932/2002/1538 916/2012/1548 931/2003/1539
f 916/2012/1548 918/2013/1549 931/2003/1539
f 931/2003/1539 918/2013/1549 930/2004/1540
f 918/2013/1549 923/2014/1550 930/2004/1540
f 930/2004/1540 923/2014/1550 929/2005/1541
f 923/2014/1550 928/2006/1542 929/2005/1541
f 923/2014/1550 924/2015/1551 928/2006/1542
f 924/2015/1551 926/2016/1543 928/2006/1542
f 924/2015/1551 925/2017/1507 926/2016/1543
f 925/2017/1507 927/2018/1513 926/2016/1543
f 922/2019/1505 925/2017/1507 924/2015/1551
f 919/2020/1552 922/2019/1505 924/2015/1551
f 919/2020/1552 924/2015/1551 923/2014/1550
f 918/2013/1549 919/2020/1552 923/2014/1550
f 921/2021/1503 922/2019/1505 919/2020/1552
f 917/2022/1553 921/2021/1503 919/2020/1552
f 920/2023/1501 921/2021/1503 917/2022/1553
f 915/2024/1554 920/2023/1501 917/2022/1553
f 900/2025/1508 920/2023/1501 915/2024/1554
f 913/2026/1555 900/2025/1508 915/2024/1554
f 900/2025/1508 913/2026/1555 910/2027/1556
f 897/2028/1470 900/2025/1508 910/2027/1556
f 898/2029/1557 897/2028/1470 910/2027/1556
f 909/2030/1558 893/2031/1559 895/2032/1472
f 917/2022/1553 919/2020/1552 918/2013/1549
f 916/2012/1548 917/2022/1553 918/2013/1549
f 915/2024/1554 917/2022/1553 916/2012/1548
f 914/2011/1547 915/2024/1554 916/2012/1548
f 913/2026/1555 915/2024/1554 914/2011/1547
f 912/2010/1546 913/2026/1555 914/2011/1547
f 910/2027/1556 913/2026/1555 912/2010/1546
f 911/2009/1545 910/2027/1556 912/2010/1546
f 910/2027/1556 911/2009/1545 903/2008/1544
f 898/2029/1557 910/2027/1556 903/2008/1544
f 895/2032/1472 898/2029/1557 903/2008/1544
f 901/2033/1560 895/2032/1472 903/2008/1544
f 901/2033/1560 909/2030/1558 895/2032/1472
f 904/2034/1561 909/2030/1558 901/2033/1560
f 904/2034/1561 905/2035/1562 909/2030/1558
f 905/2035/1562 907/2036/1563 909/2030/1558
f 909/2030/1558 907/2036/1563 893/2031/1559
f 907/2036/1563 892/2037/1564 893/2031/1559
f 908/2038/1262 891/2039/1261 892/2037/1564
f 907/2036/1563 908/2038/1262 892/2037/1564
f 906/2040/1263 908/2038/1262 907/2036/1563
f 905/2035/1562 906/2040/1263 907/2036/1563
f 896/2041/1264 906/2040/1263 905/2035/1562
f 886/2042/1565 896/2041/1264 905/2035/1562
f 905/2035/1562 904/2034/1561 886/2042/1565
f 904/2034/1561 885/2043/1566 886/2042/1565
f 885/2043/1566 904/2034/1561 884/1996/1532
f 884/1996/1532 904/2034/1561 901/2033/1560
f 902/1997/1533 884/1996/1532 901/2033/1560
f 903/2008/1544 902/1997/1533 901/2033/1560
f 900/2044/1508 897/1919/1470 899/1918/1469
f 898/2045/1557 895/1921/1472 897/1919/1470
f 887/2046/1265 896/2041/1264 886/2042/1565
f 895/1921/1472 893/2047/1559 894/1922/1473
f 893/2047/1559 879/1923/1474 894/1922/1473
f 893/2047/1559 892/2048/1564 879/1923/1474
f 892/2048/1564 880/2049/1567 879/1923/1474
f 892/2048/1564 891/2050/1261 880/2049/1567
f 891/2050/1261 890/2051/1274 880/2049/1567
f 880/2049/1567 890/2051/1274 881/2052/1568
f 890/2051/1274 889/2053/1272 881/2052/1568
f 881/2052/1568 889/2053/1272 882/2054/1569
f 889/2053/1272 888/2055/1269 882/2054/1569
f 882/2054/1569 888/2055/1269 883/2056/1570
f 888/2055/1269 887/2046/1265 883/2056/1570
f 883/2056/1570 887/2046/1265 886/2042/1565
f 883/2056/1570 886/2042/1565 874/2057/1571
f 886/2042/1565 885/2043/1566 874/2057/1571
f 874/2057/1571 885/2043/1566 875/2058/1572
f 875/2058/1572 885/2043/1566 884/1996/1532
f 877/1998/1534 875/2058/1572 884/1996/1532
f 882/2054/1569 883/2056/1570 874/2057/1571
f 873/2059/1573 882/2054/1569 874/2057/1571
f 881/2052/1568 882/2054/1569 873/2059/1573
f 872/2060/1574 881/2052/1568 873/2059/1573
f 880/2049/1567 881/2052/1568 872/2060/1574
f 879/1923/1474 880/2049/1567 872/2060/1574
f 879/1923/1474 872/2060/1574 861/1924/1475
f 876/1991/1529 877/1998/1534 878/1990/1528
f 875/2058/1572 877/1998/1534 876/1991/1529
f 871/1992/1530 875/2058/1572 876/1991/1529
f 875/2058/1572 871/1992/1530 870/2061/1575
f 870/2061/1575 874/2057/1571 875/2058/1572
f 874/2057/1571 870/2061/1575 869/2062/1576
f 874/2057/1571 869/2062/1576 868/2063/1577
f 873/2059/1573 874/2057/1571 868/2063/1577
f 866/2064/1578 873/2059/1573 868/2063/1577
f 866/2064/1578 864/2065/1579 873/2059/1573
f 864/2065/1579 872/2060/1574 873/2059/1573
f 861/1924/1475 872/2060/1574 864/2065/1579
f 852/1993/1531 851/2066/1580 871/1992/1530
f 871/1992/1530 851/2066/1580 870/2061/1575
f 870/2061/1575 851/2066/1580 849/2067/1581
f 869/2062/1576 870/2061/1575 849/2067/1581
f 849/2067/1581 850/1933/1484 869/2062/1576
f 850/1933/1484 868/2063/1577 869/2062/1576
f 850/1933/1484 867/1934/1485 868/2063/1577
f 867/1934/1485 866/2064/1578 868/2063/1577
f 867/1934/1485 865/1935/1486 866/2064/1578
f 865/1935/1486 864/2065/1579 866/2064/1578
f 865/1935/1486 863/1936/1487 864/2065/1579
f 863/1936/1487 861/1924/1475 864/2065/1579
f 863/1936/1487 862/1925/1476 861/1924/1475
f 860/1824/1387 847/1842/1405 859/2068/1388
f 847/1842/1405 858/2069/1412 859/2068/1388
f 847/1842/1405 857/2070/1425 858/2069/1412
f 847/1842/1405 846/2071/1582 857/2070/1425
f 856/2072/1427 857/2070/1425 846/2071/1582
f 848/2073/1583 856/2072/1427 846/2071/1582
f 855/1937/1439 856/2072/1427 848/2073/1583
f 842/2074/1584 855/1937/1439 848/2073/1583
f 854/1938/1488 855/1937/1439 842/2074/1584
f 854/1938/1488 842/2074/1584 841/2075/1585
f 854/1938/1488 841/2075/1585 853/1947/1495
f 853/1947/1495 841/2075/1585 852/1993/1531
f 841/2075/1585 840/2076/1586 852/1993/1531
f 852/1993/1531 840/2076/1586 851/2066/1580
f 840/2076/1586 839/2077/1587 851/2066/1580
f 839/2077/1587 849/2067/1581 851/2066/1580
f 839/2077/1587 838/1932/1483 849/2067/1581
f 838/1932/1483 850/1933/1484 849/2067/1581
f 848/2073/1583 843/2078/1588 842/2074/1584
f 843/2078/1588 848/2073/1583 844/2079/1589
f 848/2073/1583 846/2071/1582 844/2079/1589
f 846/2071/1582 847/1842/1405 845/1841/1404
f 844/2079/1589 846/2071/1582 845/1841/1404
f 844/2079/1589 845/1841/1404 832/1840/1403
f 833/2080/1590 844/2079/1589 832/1840/1403
f 833/2080/1590 830/2081/1591 844/2079/1589
f 830/2081/1591 843/2078/1588 844/2079/1589
f 843/2078/1588 830/2081/1591 829/2082/1592
f 843/2078/1588 829/2082/1592 842/2074/1584
f 826/2083/1593 842/2074/1584 829/2082/1592
f 842/2074/1584 826/2083/1593 841/2075/1585
f 841/2075/1585 826/2083/1593 840/2076/1586
f 826/2083/1593 839/2077/1587 840/2076/1586
f 826/2083/1593 827/2084/1594 839/2077/1587
f 827/2084/1594 838/1932/1483 839/2077/1587
f 827/2084/1594 837/1829/1392 838/1932/1483
f 837/1829/1392 827/2084/1594 828/2085/1595
f 836/1831/1394 837/1829/1392 828/2085/1595
f 835/1833/1396 836/1831/1394 828/2085/1595
f 830/2081/1591 835/1833/1396 828/2085/1595
f 835/1833/1396 830/2081/1591 834/1835/1398
f 830/2081/1591 833/2080/1590 834/1835/1398
f 834/1835/1398 833/2080/1590 831/1837/1400
f 833/2080/1590 832/1840/1403 831/1837/1400
f 830/2081/1591 828/2085/1595 829/2082/1592
f 829/2082/1592 828/2085/1595 826/2083/1593
f 828/2085/1595 827/2084/1594 826/2083/1593
f 728/2086/1596 741/2087/1597 822/2088/1598
f 822/2088/1598 741/2087/1597 824/2089/1599
f 741/2087/1597 742/2090/1600 824/2089/1599
f 824/2089/1599 742/2090/1600 825/2091/1601
f 742/2090/1600 743/2092/1602 825/2091/1601
f 825/2091/1601 743/2092/1602 682/2093/1603
f 825/2091/1601 682/2093/1603 824/2089/1599
f 682/2093/1603 681/2094/1604 824/2089/1599
f 822/2088/1598 824/2089/1599 681/2094/1604
f 678/2095/1605 822/2088/1598 681/2094/1604
f 823/2096/1606 822/2088/1598 678/2095/1605
f 679/2097/1607 823/2096/1606 678/2095/1605
f 679/2097/1607 727/2098/1608 823/2096/1606
f 727/2098/1608 728/2086/1596 823/2096/1606
f 823/2096/1606 728/2086/1596 822/2088/1598
f 743/2092/1602 750/2099/1609 682/2093/1603
f 821/2100/1334 817/2101/1325 818/2102/1610
f 821/2100/1334 818/2102/1610 820/2103/1335
f 818/2102/1610 819/2104/1611 820/2103/1335
f 820/2103/1335 819/2104/1611 680/2105/1344
f 679/2106/1607 680/2105/1344 819/2104/1611
f 816/2107/1612 679/2106/1607 819/2104/1611
f 818/2102/1610 816/2107/1612 819/2104/1611
f 818/2102/1610 787/2108/1613 816/2107/1612
f 817/2101/1325 787/2108/1613 818/2102/1610
f 790/2109/1614 787/2108/1613 817/2101/1325
f 780/2110/1324 790/2109/1614 817/2101/1325
f 779/2111/1615 790/2109/1614 780/2110/1324
f 679/2106/1607 816/2107/1612 727/2112/1608
f 816/2107/1612 724/2113/1616 727/2112/1608
f 816/2107/1612 815/2114/1617 724/2113/1616
f 815/2114/1617 726/2115/1618 724/2113/1616
f 787/2108/1613 788/2116/1619 816/2107/1612
f 816/2107/1612 788/2116/1619 815/2114/1617
f 788/2116/1619 721/2117/1620 815/2114/1617
f 726/2115/1618 815/2114/1617 721/2117/1620
f 722/2118/1621 726/2115/1618 721/2117/1620
f 732/2119/1622 726/2115/1618 722/2118/1621
f 722/2118/1621 723/1179/898 732/2119/1622
f 723/1179/898 733/2120/1623 732/2119/1622
f 814/231/216 733/2120/1623 723/1179/898
f 733/2120/1623 814/231/216 756/2121/1624
f 814/231/216 813/2122/215 756/2121/1624
f 756/2121/1624 813/2122/215 812/2123/217
f 755/2124/1625 756/2121/1624 812/2123/217
f 754/2125/1626 755/2124/1625 812/2123/217
f 811/2126/206 754/2125/1626 812/2123/217
f 753/2127/1627 754/2125/1626 811/2126/206
f 773/2128/205 753/2127/1627 811/2126/206
f 752/2129/1628 753/2127/1627 773/2128/205
f 720/2130/1629 721/2117/1620 788/2116/1619
f 789/2131/1630 720/2130/1629 788/2116/1619
f 789/2131/1630 719/1178/897 720/2130/1629
f 805/2132/1631 719/1178/897 789/2131/1630
f 805/2132/1631 810/1177/896 719/1178/897
f 805/2132/1631 803/2133/1632 810/1177/896
f 803/2133/1632 809/2134/920 810/1177/896
f 809/2134/920 803/2133/1632 808/2135/918
f 803/2133/1632 804/2136/1633 808/2135/918
f 808/2135/918 804/2136/1633 807/1040/810
f 804/2136/1633 806/1038/809 807/1040/810
f 806/1038/809 804/2136/1633 801/2137/1634
f 800/1036/808 806/1038/809 801/2137/1634
f 791/2138/1635 805/2132/1631 789/2131/1630
f 792/2139/1636 805/2132/1631 791/2138/1635
f 792/2139/1636 802/2140/1637 805/2132/1631
f 802/2140/1637 803/2133/1632 805/2132/1631
f 802/2140/1637 801/2137/1634 803/2133/1632
f 801/2137/1634 804/2136/1633 803/2133/1632
f 802/2140/1637 792/2139/1636 793/2141/1638
f 802/2140/1637 793/2141/1638 801/2137/1634
f 793/2141/1638 799/2142/1639 801/2137/1634
f 794/2143/1640 799/2142/1639 793/2141/1638
f 801/2137/1634 799/2142/1639 800/1036/808
f 799/2142/1639 798/1034/807 800/1036/808
f 798/1034/807 799/2142/1639 794/2143/1640
f 797/1030/806 798/1034/807 794/2143/1640
f 797/1030/806 794/2143/1640 796/1031/805
f 794/2143/1640 795/2144/1096 796/1031/805
f 785/2145/1094 795/2144/1096 794/2143/1640
f 783/2146/1641 785/2145/1094 794/2143/1640
f 783/2146/1641 794/2143/1640 793/2141/1638
f 793/2141/1638 777/2147/1642 783/2146/1641
f 792/2139/1636 777/2147/1642 793/2141/1638
f 777/2147/1642 792/2139/1636 778/2148/1643
f 778/2148/1643 792/2139/1636 791/2138/1635
f 778/2148/1643 791/2138/1635 779/2111/1615
f 779/2111/1615 791/2138/1635 790/2109/1614
f 791/2138/1635 789/2131/1630 790/2109/1614
f 790/2109/1614 789/2131/1630 787/2108/1613
f 789/2131/1630 788/2116/1619 787/2108/1613
f 784/548/463 786/547/312 785/2145/1094
f 785/2145/1094 783/2146/1641 784/548/463
f 783/2146/1641 782/540/459 784/548/463
f 777/2147/1642 782/540/459 783/2146/1641
f 782/540/459 777/2147/1642 781/541/460
f 777/2147/1642 776/2149/1644 781/541/460
f 776/2149/1644 775/542/461 781/541/460
f 774/543/462 770/2150/1645 768/549/324
f 766/2151/1312 779/2111/1615 780/2110/1324
f 765/2152/1646 779/2111/1615 766/2151/1312
f 765/2152/1646 778/2148/1643 779/2111/1615
f 767/2153/1647 778/2148/1643 765/2152/1646
f 767/2153/1647 777/2147/1642 778/2148/1643
f 767/2153/1647 762/2154/1648 777/2147/1642
f 762/2154/1648 776/2149/1644 777/2147/1642
f 750/2155/1609 776/2149/1644 762/2154/1648
f 775/542/461 776/2149/1644 750/2155/1609
f 775/542/461 750/2155/1609 751/2156/1649
f 775/542/461 751/2156/1649 774/543/462
f 751/2156/1649 752/2157/1628 774/543/462
f 774/543/462 752/2157/1628 770/2150/1645
f 752/2157/1628 773/2158/205 770/2150/1645
f 773/2158/205 772/2159/207 770/2150/1645
f 772/2159/207 771/2160/208 770/2150/1645
f 771/2160/208 769/2161/1088 770/2150/1645
f 770/2150/1645 769/2161/1088 768/549/324
f 762/2154/1648 767/2153/1647 763/2162/1650
f 763/2162/1650 767/2153/1647 765/2152/1646
f 764/2163/1311 765/2152/1646 766/2151/1312
f 763/2162/1650 765/2152/1646 764/2163/1311
f 757/2164/1382 763/2162/1650 764/2163/1311
f 758/2165/1651 763/2162/1650 757/2164/1382
f 758/2165/1651 762/2154/1648 763/2162/1650
f 682/2166/1603 762/2154/1648 758/2165/1651
f 682/2166/1603 750/2155/1609 762/2154/1648
f 677/2167/1376 760/2168/1652 761/2169/1380
f 761/2169/1380 760/2168/1652 759/2170/1381
f 677/2167/1376 682/2166/1603 760/2168/1652
f 760/2168/1652 682/2166/1603 758/2165/1651
f 760/2168/1652 758/2165/1651 759/2170/1381
f 759/2170/1381 758/2165/1651 757/2164/1382
f 756/2121/1624 735/2171/1653 733/2120/1623
f 744/2172/1654 735/2171/1653 756/2121/1624
f 755/2124/1625 744/2172/1654 756/2121/1624
f 745/2173/1655 744/2172/1654 755/2124/1625
f 754/2125/1626 745/2173/1655 755/2124/1625
f 747/2174/1656 745/2173/1655 754/2125/1626
f 753/2127/1627 747/2174/1656 754/2125/1626
f 748/2175/1657 747/2174/1656 753/2127/1627
f 752/2129/1628 748/2175/1657 753/2127/1627
f 748/2175/1657 752/2129/1628 749/2176/1658
f 752/2129/1628 751/2177/1649 749/2176/1658
f 749/2176/1658 751/2177/1649 750/2178/1609
f 743/2179/1602 749/2176/1658 750/2178/1609
f 746/2180/1659 749/2176/1658 743/2179/1602
f 740/2181/1660 746/2180/1659 743/2179/1602
f 739/2182/1661 746/2180/1659 740/2181/1660
f 749/2176/1658 746/2180/1659 748/2175/1657
f 746/2180/1659 747/2174/1656 748/2175/1657
f 745/2173/1655 747/2174/1656 746/2180/1659
f 739/2182/1661 745/2173/1655 746/2180/1659
f 744/2172/1654 745/2173/1655 739/2182/1661
f 737/2183/1662 744/2172/1654 739/2182/1661
f 737/2183/1662 736/2184/1663 744/2172/1654
f 736/2184/1663 735/2171/1653 744/2172/1654
f 743/2179/1602 742/2185/1600 740/2181/1660
f 740/2181/1660 742/2185/1600 741/2186/1597
f 738/2187/1664 740/2181/1660 741/2186/1597
f 738/2187/1664 741/2186/1597 728/2188/1596
f 729/2189/1665 738/2187/1664 728/2188/1596
f 738/2187/1664 739/2182/1661 740/2181/1660
f 737/2183/1662 739/2182/1661 738/2187/1664
f 729/2189/1665 737/2183/1662 738/2187/1664
f 737/2183/1662 729/2189/1665 736/2184/1663
f 729/2189/1665 730/2190/1666 736/2184/1663
f 736/2184/1663 730/2190/1666 731/2191/1667
f 736/2184/1663 731/2191/1667 735/2171/1653
f 731/2191/1667 734/2192/1668 735/2171/1653
f 735/2171/1653 734/2192/1668 733/2120/1623
f 733/2120/1623 734/2192/1668 731/2191/1667
f 732/2119/1622 733/2120/1623 731/2191/1667
f 732/2119/1622 731/2191/1667 726/2115/1618
f 731/2191/1667 725/2193/1669 726/2115/1618
f 730/2190/1666 725/2193/1669 731/2191/1667
f 725/2193/1669 730/2190/1666 724/2113/1616
f 730/2190/1666 729/2189/1665 724/2113/1616
f 729/2189/1665 728/2188/1596 724/2113/1616
f 728/2188/1596 727/2112/1608 724/2113/1616
f 726/2115/1618 725/2193/1669 724/2113/1616
f 716/1180/899 723/1179/898 715/2194/1670
f 715/2194/1670 723/1179/898 714/2195/1671
f 723/1179/898 722/2118/1621 714/2195/1671
f 714/2195/1671 722/2118/1621 713/2196/1672
f 722/2118/1621 721/2117/1620 713/2196/1672
f 713/2196/1672 721/2117/1620 707/2197/1673
f 721/2117/1620 720/2130/1629 707/2197/1673
f 707/2197/1673 720/2130/1629 709/2198/1674
f 720/2130/1629 719/1178/897 709/2198/1674
f 709/2198/1674 719/1178/897 708/2199/1675
f 719/1178/897 718/1176/895 708/2199/1675
f 708/2199/1675 718/1176/895 711/2200/1676
f 718/1176/895 717/1181/900 711/2200/1676
f 711/2200/1676 717/1181/900 710/2201/1677
f 717/1181/900 716/1180/899 710/2201/1677
f 710/2201/1677 716/1180/899 715/2194/1670
f 715/2194/1670 714/2195/1671 710/2201/1677
f 714/2195/1671 712/2202/1678 710/2201/1677
f 712/2202/1678 714/2195/1671 713/2196/1672
f 707/2197/1673 712/2202/1678 713/2196/1672
f 708/2199/1675 712/2202/1678 707/2197/1673
f 710/2201/1677 712/2202/1678 708/2199/1675
f 711/2200/1676 710/2201/1677 708/2199/1675
f 709/2198/1674 708/2199/1675 707/2197/1673
f 700/2203/342 699/2204/1679 706/2205/374
f 699/2204/1679 702/2206/1680 706/2205/374
f 706/2205/374 702/2206/1680 705/2207/376
f 702/2206/1680 704/2208/1681 705/2207/376
f 705/2207/376 704/2208/1681 701/2209/341
f 704/2208/1681 694/2210/1682 701/2209/341
f 694/2210/1682 704/2208/1681 693/2211/1683
f 693/2211/1683 704/2208/1681 703/2212/1684
f 703/2212/1684 695/2213/1685 693/2211/1683
f 697/2214/1686 695/2213/1685 703/2212/1684
f 695/2213/1685 697/2214/1686 696/2215/1687
f 704/2208/1681 702/2206/1680 703/2212/1684
f 703/2212/1684 702/2206/1680 698/2216/1688
f 698/2216/1688 697/2214/1686 703/2212/1684
f 702/2206/1680 699/2204/1679 698/2216/1688
f 701/2217/341 694/2218/1682 700/2203/342
f 694/2218/1682 699/2204/1679 700/2203/342
f 699/2204/1679 694/2218/1682 689/2219/1689
f 698/2216/1688 699/2204/1679 689/2219/1689
f 689/2219/1689 687/2220/1690 698/2216/1688
f 687/2220/1690 697/2214/1686 698/2216/1688
f 697/2214/1686 687/2220/1690 684/2221/1691
f 696/2215/1687 697/2214/1686 684/2221/1691
f 696/2215/1687 684/2221/1691 685/2222/30
f 692/2223/33 696/2215/1687 685/2222/30
f 691/2224/1692 696/2215/1687 692/2223/33
f 691/2224/1692 695/2213/1685 696/2215/1687
f 690/2225/1693 695/2213/1685 691/2224/1692
f 695/2213/1685 690/2225/1693 693/2211/1683
f 693/2211/1683 690/2225/1693 689/2226/1689
f 689/2226/1689 694/2210/1682 693/2211/1683
f 688/2227/37 691/2224/1692 692/2223/33
f 686/2228/1694 691/2224/1692 688/2227/37
f 686/2228/1694 690/2225/1693 691/2224/1692
f 687/2229/1690 690/2225/1693 686/2228/1694
f 690/2225/1693 687/2229/1690 689/2226/1689
f 683/2230/28 686/2228/1694 688/2227/37
f 684/2231/1691 686/2228/1694 683/2230/28
f 684/2231/1691 687/2229/1690 686/2228/1694
f 685/2232/30 684/2231/1691 683/2230/28
f 682/1819/1603 677/2233/1376 681/1817/1604
f 681/1817/1604 677/2233/1376 678/1816/1605
f 677/2233/1376 680/2234/1344 678/1816/1605
f 680/2234/1344 679/1814/1607 678/1816/1605
f 677/2235/1695 676/2236/1696 674/2237/1697
f 676/2236/1696 675/2238/1698 674/2237/1697
f 667/1973/1699 673/1974/1700 666/1966/1701
f 639/1962/1702 665/1964/1703 637/1965/1704
f 665/1964/1703 666/1966/1701 637/1965/1704
f 637/1965/1704 666/1966/1701 672/1972/1705
f 673/1974/1700 672/1972/1705 666/1966/1701
f 672/1972/1705 673/1974/1700 671/1984/1706
f 668/2007/1707 669/2006/1708 670/2005/1709
f 667/1994/1699 668/2007/1707 670/2005/1709
f 667/1994/1699 670/2005/1709 673/1995/1700
f 670/2005/1709 671/1984/1706 673/1995/1700
f 636/1971/1710 637/1965/1704 672/1972/1705
f 636/1971/1710 672/1972/1705 664/1975/1711
f 664/1975/1711 672/1972/1705 671/1984/1706
f 664/1975/1711 671/1984/1706 663/1985/1712
f 663/1985/1712 671/1984/1706 670/2005/1709
f 662/2004/1713 663/1985/1712 670/2005/1709
f 662/2004/1713 670/2005/1709 669/2006/1708
f 661/2014/1714 662/2004/1713 669/2006/1708
f 661/2014/1714 669/2006/1708 668/2016/1707
f 660/2015/1715 661/2014/1714 668/2016/1707
f 660/2015/1715 668/2016/1707 667/2018/1699
f 666/2017/1701 660/2015/1715 667/2018/1699
f 659/2020/1716 660/2015/1715 666/2017/1701
f 665/2019/1703 659/2020/1716 666/2017/1701
f 658/2022/1717 659/2020/1716 665/2019/1703
f 639/2021/1702 658/2022/1717 665/2019/1703
f 635/2024/1718 658/2022/1717 639/2021/1702
f 634/2023/1719 635/2024/1718 639/2021/1702
f 641/1969/1720 640/1961/1721 649/1970/1722
f 640/1961/1721 638/1963/1723 649/1970/1722
f 649/1970/1722 638/1963/1723 636/1971/1710
f 649/1970/1722 636/1971/1710 654/1983/1724
f 654/1983/1724 636/1971/1710 664/1975/1711
f 654/1983/1724 664/1975/1711 663/1985/1712
f 655/1986/1725 654/1983/1724 663/1985/1712
f 655/1986/1725 663/1985/1712 662/2004/1713
f 656/2003/1726 655/1986/1725 662/2004/1713
f 656/2003/1726 662/2004/1713 661/2014/1714
f 657/2013/1727 656/2003/1726 661/2014/1714
f 657/2013/1727 661/2014/1714 660/2015/1715
f 659/2020/1716 657/2013/1727 660/2015/1715
f 652/2012/1728 657/2013/1727 659/2020/1716
f 658/2022/1717 652/2012/1728 659/2020/1716
f 653/2011/1729 652/2012/1728 658/2022/1717
f 635/2024/1718 653/2011/1729 658/2022/1717
f 645/2010/1730 653/2011/1729 635/2024/1718
f 652/2012/1728 651/2002/1731 657/2013/1727
f 651/2002/1731 656/2003/1726 657/2013/1727
f 651/2002/1731 650/1987/1732 656/2003/1726
f 650/1987/1732 655/1986/1725 656/2003/1726
f 650/1987/1732 648/1982/1733 655/1986/1725
f 648/1982/1733 654/1983/1724 655/1986/1725
f 648/1982/1733 649/1970/1722 654/1983/1724
f 645/2010/1730 644/2000/1734 653/2011/1729
f 644/2000/1734 647/2001/1735 653/2011/1729
f 653/2011/1729 647/2001/1735 652/2012/1728
f 647/2001/1735 651/2002/1731 652/2012/1728
f 647/2001/1735 646/1988/1736 651/2002/1731
f 646/1988/1736 650/1987/1732 651/2002/1731
f 646/1988/1736 642/1981/1737 650/1987/1732
f 642/1981/1737 648/1982/1733 650/1987/1732
f 642/1981/1737 641/1969/1720 648/1982/1733
f 641/1969/1720 649/1970/1722 648/1982/1733
f 644/2000/1734 643/1989/1738 647/2001/1735
f 643/1989/1738 646/1988/1736 647/2001/1735
f 643/1989/1738 642/1981/1737 646/1988/1736
f 633/2026/1739 645/2010/1730 635/2024/1718
f 563/2009/1740 645/2010/1730 633/2026/1739
f 563/2009/1740 560/1999/1741 645/2010/1730
f 560/1999/1741 644/2000/1734 645/2010/1730
f 560/1999/1741 559/1990/1742 644/2000/1734
f 559/1990/1742 643/1989/1738 644/2000/1734
f 559/1990/1742 557/1980/1743 643/1989/1738
f 557/1980/1743 642/1981/1737 643/1989/1738
f 557/1980/1743 556/1978/1744 642/1981/1737
f 556/1978/1744 641/1969/1720 642/1981/1737
f 556/1978/1744 570/1968/1745 641/1969/1720
f 570/1968/1745 640/1961/1721 641/1969/1720
f 570/1968/1745 630/1967/1746 640/1961/1721
f 630/1967/1746 634/1960/1719 640/1961/1721
f 640/1961/1721 634/1960/1719 638/1963/1723
f 634/1960/1719 639/1962/1702 638/1963/1723
f 638/1963/1723 639/1962/1702 637/1965/1704
f 638/1963/1723 637/1965/1704 636/1971/1710
f 633/2026/1739 635/2024/1718 634/2023/1719
f 630/2025/1746 633/2026/1739 634/2023/1719
f 630/2025/1746 629/2028/1747 633/2026/1739
f 629/2028/1747 632/2027/1748 633/2026/1739
f 632/2027/1748 563/2009/1740 633/2026/1739
f 632/2027/1748 631/2029/1749 563/2009/1740
f 631/2029/1749 564/2008/1750 563/2009/1740
f 627/2032/1751 564/2008/1750 631/2029/1749
f 565/2033/1752 564/2008/1750 627/2032/1751
f 565/2033/1752 627/2032/1751 523/2031/1753
f 522/2030/1754 565/2033/1752 523/2031/1753
f 561/1996/1755 565/2033/1752 522/2030/1754
f 537/2034/1756 561/1996/1755 522/2030/1754
f 552/2058/1757 561/1996/1755 537/2034/1756
f 536/2043/1758 552/2058/1757 537/2034/1756
f 551/2061/1759 552/2058/1757 536/2043/1758
f 535/2057/1760 551/2061/1759 536/2043/1758
f 535/2057/1760 546/2062/1761 551/2061/1759
f 631/2029/1749 632/2027/1748 629/2028/1747
f 627/1921/1751 631/2045/1749 628/1920/1762
f 631/2045/1749 629/1919/1747 628/1920/1762
f 473/1887/1763 474/1873/1764 487/1891/1765
f 473/1887/1763 487/1891/1765 625/1890/1766
f 625/1890/1766 487/1891/1765 489/1928/1767
f 625/1890/1766 489/1928/1767 626/1927/1768
f 626/1927/1768 489/1928/1767 490/1917/1769
f 626/1927/1768 490/1917/1769 571/1910/1770
f 571/1910/1770 490/1917/1769 570/1918/1745
f 630/2044/1746 570/1918/1745 490/1917/1769
f 629/1919/1747 630/2044/1746 490/1917/1769
f 490/1917/1769 491/1926/1771 629/1919/1747
f 491/1926/1771 628/1920/1762 629/1919/1747
f 492/1925/1772 628/1920/1762 491/1926/1771
f 628/1920/1762 492/1925/1772 627/1921/1751
f 492/1925/1772 502/1922/1773 627/1921/1751
f 627/1921/1751 502/1922/1773 511/1923/1774
f 523/2047/1753 627/1921/1751 511/1923/1774
f 511/1923/1774 518/2049/1775 523/2047/1753
f 518/2049/1775 520/2048/1776 523/2047/1753
f 598/1911/1777 580/1899/1778 581/1897/1779
f 623/1898/1780 598/1911/1777 581/1897/1779
f 591/1912/1781 598/1911/1777 623/1898/1780
f 622/1907/1782 591/1912/1781 623/1898/1780
f 579/1913/1783 591/1912/1781 622/1907/1782
f 621/1906/1784 579/1913/1783 622/1907/1782
f 575/1914/1785 579/1913/1783 621/1906/1784
f 620/1904/1786 575/1914/1785 621/1906/1784
f 575/1914/1785 620/1904/1786 574/1915/1787
f 620/1904/1786 619/1905/1788 574/1915/1787
f 574/1915/1787 619/1905/1788 573/1908/1789
f 619/1905/1788 624/1916/1790 573/1908/1789
f 573/1908/1789 624/1916/1790 572/1909/1791
f 624/1916/1790 571/1910/1770 572/1909/1791
f 624/1916/1790 626/1927/1768 571/1910/1770
f 618/1889/1792 626/1927/1768 624/1916/1790
f 618/1889/1792 625/1890/1766 626/1927/1768
f 613/1886/1793 625/1890/1766 618/1889/1792
f 613/1886/1793 473/1887/1763 625/1890/1766
f 619/1905/1788 618/1889/1792 624/1916/1790
f 623/1898/1780 581/1897/1779 582/1895/1794
f 617/1896/1795 623/1898/1780 582/1895/1794
f 622/1907/1782 623/1898/1780 617/1896/1795
f 616/1902/1796 622/1907/1782 617/1896/1795
f 621/1906/1784 622/1907/1782 616/1902/1796
f 615/1903/1797 621/1906/1784 616/1902/1796
f 620/1904/1786 621/1906/1784 615/1903/1797
f 614/1888/1798 620/1904/1786 615/1903/1797
f 620/1904/1786 614/1888/1798 619/1905/1788
f 614/1888/1798 618/1889/1792 619/1905/1788
f 612/1885/1799 618/1889/1792 614/1888/1798
f 612/1885/1799 613/1886/1793 618/1889/1792
f 617/1896/1795 582/1895/1794 583/1894/1800
f 585/1893/1801 617/1896/1795 583/1894/1800
f 616/1902/1796 617/1896/1795 585/1893/1801
f 586/1901/1802 616/1902/1796 585/1893/1801
f 615/1903/1797 616/1902/1796 586/1901/1802
f 596/1900/1803 615/1903/1797 586/1901/1802
f 614/1888/1798 615/1903/1797 596/1900/1803
f 594/1884/1804 614/1888/1798 596/1900/1803
f 614/1888/1798 594/1884/1804 612/1885/1799
f 456/1861/1805 476/1862/1806 455/1863/1807
f 476/1862/1806 611/1865/1808 455/1863/1807
f 472/1880/1809 611/1865/1808 476/1862/1806
f 472/1880/1809 610/1881/1810 611/1865/1808
f 473/1887/1763 610/1881/1810 472/1880/1809
f 610/1881/1810 473/1887/1763 609/1882/1811
f 473/1887/1763 613/1886/1793 609/1882/1811
f 613/1886/1793 608/1883/1812 609/1882/1811
f 613/1886/1793 612/1885/1799 608/1883/1812
f 612/1885/1799 607/1871/1813 608/1883/1812
f 612/1885/1799 594/1884/1804 607/1871/1813
f 594/1884/1804 538/1872/1814 607/1871/1813
f 607/1871/1813 538/1872/1814 606/1869/1815
f 538/1872/1814 469/1870/1816 606/1869/1815
f 606/1869/1815 469/1870/1816 605/1850/1817
f 469/1870/1816 468/1849/1818 605/1850/1817
f 605/1850/1817 468/1849/1818 454/1852/1819
f 468/1849/1818 453/1851/1820 454/1852/1819
f 611/1865/1808 459/1864/1821 455/1863/1807
f 611/1865/1808 604/1866/1822 459/1864/1821
f 610/1881/1810 604/1866/1822 611/1865/1808
f 604/1866/1822 610/1881/1810 609/1882/1811
f 601/1867/1823 604/1866/1822 609/1882/1811
f 609/1882/1811 608/1883/1812 601/1867/1823
f 608/1883/1812 600/1868/1824 601/1867/1823
f 608/1883/1812 607/1871/1813 600/1868/1824
f 607/1871/1813 606/1869/1815 600/1868/1824
f 600/1868/1824 606/1869/1815 602/1853/1825
f 606/1869/1815 605/1850/1817 602/1853/1825
f 602/1853/1825 605/1850/1817 450/1854/1826
f 605/1850/1817 454/1852/1819 450/1854/1826
f 604/1866/1822 461/1857/1827 459/1864/1821
f 461/1857/1827 604/1866/1822 601/1867/1823
f 599/1855/1828 461/1857/1827 601/1867/1823
f 462/1858/1829 461/1857/1827 599/1855/1828
f 603/1856/1830 462/1858/1829 599/1855/1828
f 463/1859/1831 462/1858/1829 603/1856/1830
f 463/1859/1831 603/1856/1830 450/1854/1826
f 602/1853/1825 450/1854/1826 603/1856/1830
f 599/1855/1828 602/1853/1825 603/1856/1830
f 600/1868/1824 602/1853/1825 599/1855/1828
f 601/1867/1823 600/1868/1824 599/1855/1828
f 591/1953/1781 589/1948/1832 598/1959/1777
f 589/1948/1832 597/1949/1833 598/1959/1777
f 598/1959/1777 597/1949/1833 580/355/1778
f 597/1949/1833 584/1950/1834 580/355/1778
f 587/1951/1835 584/1950/1834 597/1949/1833
f 589/1948/1832 587/1951/1835 597/1949/1833
f 595/1941/1836 596/1939/1803 588/1943/1837
f 596/1939/1803 586/1942/1802 588/1943/1837
f 594/1937/1804 596/1939/1803 593/1940/1838
f 596/1939/1803 595/1941/1836 593/1940/1838
f 593/1940/1838 595/1941/1836 592/1944/1839
f 592/1944/1839 595/1941/1836 590/1952/1840
f 595/1941/1836 588/1943/1837 590/1952/1840
f 594/1937/1804 540/2074/1841 538/2072/1814
f 577/1938/1842 540/2074/1841 594/1937/1804
f 577/1938/1842 594/1937/1804 593/1940/1838
f 577/1938/1842 593/1940/1838 578/1945/1843
f 578/1945/1843 593/1940/1838 592/1944/1839
f 592/1944/1839 579/1954/1783 578/1945/1843
f 579/1954/1783 592/1944/1839 591/1953/1781
f 592/1944/1839 590/1952/1840 591/1953/1781
f 589/1948/1832 591/1953/1781 590/1952/1840
f 590/1952/1840 588/1943/1837 589/1948/1832
f 588/1943/1837 587/1951/1835 589/1948/1832
f 586/1942/1802 587/1951/1835 588/1943/1837
f 587/1951/1835 586/1942/1802 584/1950/1834
f 586/1942/1802 585/1958/1801 584/1950/1834
f 585/1958/1801 583/353/1800 584/1950/1834
f 584/1950/1834 583/353/1800 580/355/1778
f 583/353/1800 582/352/1794 580/355/1778
f 582/352/1794 581/354/1779 580/355/1778
f 575/1957/1785 576/1946/1844 579/1954/1783
f 576/1946/1844 578/1945/1843 579/1954/1783
f 576/1946/1844 577/1938/1842 578/1945/1843
f 539/2073/1845 540/2074/1841 541/2082/1846
f 547/2083/1847 541/2082/1846 540/2074/1841
f 540/2074/1841 577/1938/1842 547/2083/1847
f 577/1938/1842 568/2075/1848 547/2083/1847
f 577/1938/1842 576/1946/1844 568/2075/1848
f 576/1946/1844 569/1947/1849 568/2075/1848
f 569/1947/1849 576/1946/1844 575/1957/1785
f 574/1956/1787 569/1947/1849 575/1957/1785
f 566/1993/1850 569/1947/1849 574/1956/1787
f 573/1955/1789 566/1993/1850 574/1956/1787
f 573/1955/1789 572/1976/1791 566/1993/1850
f 572/1976/1791 555/1977/1851 566/1993/1850
f 572/1976/1791 571/1979/1770 555/1977/1851
f 571/1979/1770 556/1978/1744 555/1977/1851
f 571/1979/1770 570/1968/1745 556/1978/1744
f 569/1947/1849 566/1993/1850 567/2076/1852
f 568/2075/1848 569/1947/1849 567/2076/1852
f 547/2083/1847 568/2075/1848 548/2077/1853
f 568/2075/1848 567/2076/1852 548/2077/1853
f 548/2077/1853 567/2076/1852 549/2067/1854
f 567/2076/1852 550/2066/1855 549/2067/1854
f 566/1993/1850 550/2066/1855 567/2076/1852
f 566/1993/1850 555/1977/1851 550/2066/1855
f 555/1977/1851 553/1992/1856 550/2066/1855
f 564/2008/1750 565/2033/1752 561/1996/1755
f 562/1997/1857 564/2008/1750 561/1996/1755
f 564/2008/1750 562/1997/1857 563/2009/1740
f 562/1997/1857 560/1999/1741 563/2009/1740
f 562/1997/1857 558/1998/1858 560/1999/1741
f 561/1996/1755 558/1998/1858 562/1997/1857
f 558/1998/1858 561/1996/1755 552/2058/1757
f 552/2058/1757 554/1991/1859 558/1998/1858
f 558/1998/1858 559/1990/1742 560/1999/1741
f 557/1980/1743 559/1990/1742 558/1998/1858
f 554/1991/1859 557/1980/1743 558/1998/1858
f 554/1991/1859 556/1978/1744 557/1980/1743
f 556/1978/1744 554/1991/1859 555/1977/1851
f 554/1991/1859 553/1992/1856 555/1977/1851
f 553/1992/1856 554/1991/1859 552/2058/1757
f 553/1992/1856 552/2058/1757 550/2066/1855
f 552/2058/1757 551/2061/1759 550/2066/1855
f 551/2061/1759 546/2062/1761 550/2066/1855
f 546/2062/1761 549/2067/1854 550/2066/1855
f 549/2067/1854 546/2062/1761 545/2063/1860
f 544/1933/1861 549/2067/1854 545/2063/1860
f 548/2077/1853 549/2067/1854 544/1933/1861
f 543/1932/1862 548/2077/1853 544/1933/1861
f 547/2083/1847 548/2077/1853 543/1932/1862
f 542/2084/1863 547/2083/1847 543/1932/1862
f 541/2082/1846 547/2083/1847 542/2084/1863
f 535/2057/1760 531/2059/1864 546/2062/1761
f 531/2059/1864 545/2063/1860 546/2062/1761
f 532/2064/1865 545/2063/1860 531/2059/1864
f 544/1933/1861 545/2063/1860 532/2064/1865
f 534/1934/1866 544/1933/1861 532/2064/1865
f 543/1932/1862 544/1933/1861 534/1934/1866
f 507/1828/1867 543/1932/1862 534/1934/1866
f 542/2084/1863 543/1932/1862 507/1828/1867
f 506/1829/1868 542/2084/1863 507/1828/1867
f 506/1829/1868 505/1831/1869 542/2084/1863
f 505/1831/1869 513/2085/1870 542/2084/1863
f 513/2085/1870 541/2082/1846 542/2084/1863
f 503/2078/1871 541/2082/1846 513/2085/1870
f 503/2078/1871 539/2073/1845 541/2082/1846
f 539/2073/1845 503/2078/1871 470/2071/1872
f 539/2073/1845 470/2071/1872 469/2070/1816
f 538/2072/1814 539/2073/1845 469/2070/1816
f 540/2074/1841 539/2073/1845 538/2072/1814
f 522/2030/1754 524/2036/1873 537/2034/1756
f 524/2036/1873 526/2035/1874 537/2034/1756
f 537/2034/1756 526/2035/1874 536/2043/1758
f 526/2035/1874 528/2042/1875 536/2043/1758
f 536/2043/1758 528/2042/1875 535/2057/1760
f 528/2042/1875 530/2056/1876 535/2057/1760
f 535/2057/1760 530/2056/1876 531/2059/1864
f 534/1934/1866 532/2064/1865 533/2065/1877
f 507/1828/1867 534/1934/1866 508/1935/1878
f 508/1935/1878 534/1934/1866 533/2065/1877
f 508/1935/1878 533/2065/1877 509/1924/1879
f 509/1924/1879 533/2065/1877 510/2060/1880
f 533/2065/1877 532/2064/1865 510/2060/1880
f 532/2064/1865 531/2059/1864 510/2060/1880
f 531/2059/1864 514/2054/1881 510/2060/1880
f 530/2056/1876 514/2054/1881 531/2059/1864
f 514/2054/1881 530/2056/1876 516/2046/1294
f 516/2046/1294 530/2056/1876 529/2041/1295
f 530/2056/1876 528/2042/1875 529/2041/1295
f 529/2041/1295 528/2042/1875 527/2040/1303
f 528/2042/1875 526/2035/1874 527/2040/1303
f 527/2040/1303 526/2035/1874 525/2038/1301
f 526/2035/1874 524/2036/1873 525/2038/1301
f 525/2038/1301 524/2036/1873 521/2039/1287
f 524/2036/1873 520/2037/1776 521/2039/1287
f 520/2037/1776 524/2036/1873 522/2030/1754
f 523/2031/1753 520/2037/1776 522/2030/1754
f 521/2050/1287 520/2048/1776 519/2051/1288
f 520/2048/1776 518/2049/1775 519/2051/1288
f 519/2051/1288 518/2049/1775 517/2053/1290
f 518/2049/1775 512/2052/1882 517/2053/1290
f 512/2052/1882 518/2049/1775 511/1923/1774
f 517/2053/1290 512/2052/1882 515/2055/1292
f 515/2055/1292 514/2054/1881 516/2046/1294
f 512/2052/1882 514/2054/1881 515/2055/1292
f 514/2054/1881 512/2052/1882 510/2060/1880
f 504/2081/1883 503/2078/1871 513/2085/1870
f 504/2081/1883 513/2085/1870 505/1831/1869
f 510/2060/1880 512/2052/1882 511/1923/1774
f 511/1923/1774 502/1922/1773 510/2060/1880
f 502/1922/1773 509/1924/1879 510/2060/1880
f 501/1936/1884 509/1924/1879 502/1922/1773
f 501/1936/1884 508/1935/1878 509/1924/1879
f 500/1931/1885 508/1935/1878 501/1936/1884
f 500/1931/1885 507/1828/1867 508/1935/1878
f 499/1826/1886 507/1828/1867 500/1931/1885
f 506/1829/1868 507/1828/1867 499/1826/1886
f 506/1829/1868 499/1826/1886 498/1830/1887
f 505/1831/1869 506/1829/1868 498/1830/1887
f 497/1833/1888 505/1831/1869 498/1830/1887
f 497/1833/1888 504/2081/1883 505/1831/1869
f 504/2081/1883 497/1833/1888 481/2080/1889
f 504/2081/1883 481/2080/1889 503/2078/1871
f 481/2080/1889 482/2079/1890 503/2078/1871
f 503/2078/1871 482/2079/1890 470/2071/1872
f 470/2071/1872 482/2079/1890 467/1842/1891
f 492/1925/1772 501/1936/1884 502/1922/1773
f 493/1930/1892 501/1936/1884 492/1925/1772
f 493/1930/1892 500/1931/1885 501/1936/1884
f 494/1827/1893 500/1931/1885 493/1930/1892
f 494/1827/1893 499/1826/1886 500/1931/1885
f 495/1877/1894 499/1826/1886 494/1827/1893
f 499/1826/1886 495/1877/1894 498/1830/1887
f 496/1832/1895 498/1830/1887 495/1877/1894
f 496/1832/1895 497/1833/1888 498/1830/1887
f 497/1833/1888 496/1832/1895 480/1835/1896
f 497/1833/1888 480/1835/1896 481/2080/1889
f 496/1832/1895 479/1834/1897 480/1835/1896
f 478/1860/1898 479/1834/1897 496/1832/1895
f 484/1878/1899 478/1860/1898 496/1832/1895
f 484/1878/1899 496/1832/1895 495/1877/1894
f 495/1877/1894 485/1874/1900 484/1878/1899
f 485/1874/1900 495/1877/1894 494/1827/1893
f 485/1874/1900 494/1827/1893 486/1892/1901
f 486/1892/1901 494/1827/1893 493/1930/1892
f 486/1892/1901 493/1930/1892 488/1929/1902
f 488/1929/1902 493/1930/1892 492/1925/1772
f 488/1929/1902 492/1925/1772 491/1926/1771
f 489/1928/1767 488/1929/1902 491/1926/1771
f 489/1928/1767 491/1926/1771 490/1917/1769
f 485/1874/1900 483/1876/1903 484/1878/1899
f 487/1891/1765 488/1929/1902 489/1928/1767
f 487/1891/1765 486/1892/1901 488/1929/1902
f 474/1873/1764 486/1892/1901 487/1891/1765
f 474/1873/1764 485/1874/1900 486/1892/1901
f 485/1874/1900 474/1873/1764 483/1876/1903
f 474/1873/1764 475/1875/1904 483/1876/1903
f 475/1875/1904 477/1879/1905 483/1876/1903
f 483/1876/1903 477/1879/1905 478/1860/1898
f 484/1878/1899 483/1876/1903 478/1860/1898
f 482/2079/1890 466/1841/1906 467/1842/1891
f 482/2079/1890 481/2080/1889 466/1841/1906
f 481/2080/1889 465/1840/1907 466/1841/1906
f 481/2080/1889 480/1835/1896 465/1840/1907
f 480/1835/1896 464/1837/1908 465/1840/1907
f 480/1835/1896 479/1834/1897 464/1837/1908
f 479/1834/1897 460/1836/1909 464/1837/1908
f 479/1834/1897 478/1860/1898 460/1836/1909
f 478/1860/1898 471/1845/1910 460/1836/1909
f 478/1860/1898 477/1879/1905 471/1845/1910
f 477/1879/1905 456/1861/1805 471/1845/1910
f 476/1862/1806 456/1861/1805 477/1879/1905
f 475/1875/1904 476/1862/1806 477/1879/1905
f 475/1875/1904 472/1880/1809 476/1862/1806
f 474/1873/1764 472/1880/1809 475/1875/1904
f 474/1873/1764 473/1887/1763 472/1880/1809
f 471/1845/1910 456/1861/1805 458/1843/1911
f 471/1845/1910 458/1843/1911 460/1836/1909
f 455/1847/1807 459/1848/1821 457/1846/1912
f 467/1842/1891 469/2070/1816 470/2071/1872
f 467/1842/1891 468/2069/1818 469/2070/1816
f 467/1842/1891 453/2068/1820 468/2069/1818
f 452/1824/1913 453/2068/1820 467/1842/1891
f 467/1842/1891 466/1841/1906 452/1824/1913
f 466/1841/1906 451/1823/1914 452/1824/1913
f 466/1841/1906 465/1840/1907 451/1823/1914
f 465/1840/1907 450/1820/1826 451/1823/1914
f 465/1840/1907 464/1837/1908 450/1820/1826
f 464/1837/1908 463/1839/1831 450/1820/1826
f 464/1837/1908 460/1836/1909 463/1839/1831
f 460/1836/1909 462/1838/1829 463/1839/1831
f 461/1844/1827 462/1838/1829 460/1836/1909
f 459/1848/1821 461/1844/1827 460/1836/1909
f 458/1843/1911 459/1848/1821 460/1836/1909
f 459/1848/1821 458/1843/1911 457/1846/1912
f 456/1861/1805 457/1846/1912 458/1843/1911
f 457/1846/1912 456/1861/1805 455/1863/1807
f 450/1820/1826 454/1822/1819 449/1821/1915
f 453/1825/1820 449/1821/1915 454/1822/1819
f 452/1824/1913 449/1821/1915 453/1825/1820
f 451/1823/1914 449/1821/1915 452/1824/1913
f 451/1823/1914 450/1820/1826 449/1821/1915
f 447/790/641 438/791/1916 410/379/1917
f 438/791/1916 447/790/641 448/789/1918
f 439/786/1919 438/791/1916 448/789/1918
f 439/786/1919 448/789/1918 425/787/1920
f 448/789/1918 427/788/1921 425/787/1920
f 427/788/1921 448/789/1918 428/793/1922
f 448/789/1918 431/794/1923 428/793/1922
f 448/789/1918 447/790/641 431/794/1923
f 447/790/641 443/792/1924 431/794/1923
f 443/792/1924 447/790/641 408/381/1925
f 447/790/641 409/380/1926 408/381/1925
f 409/380/1926 447/790/641 410/379/1917
f 407/156/1927 405/155/1928 446/157/1929
f 405/155/1928 433/152/1930 446/157/1929
f 433/152/1930 405/155/1928 432/153/1931
f 405/155/1928 402/154/1932 432/153/1931
f 442/799/1933 416/810/1934 414/820/1935
f 416/810/1934 442/799/1933 417/811/1936
f 442/799/1933 444/797/1937 417/811/1936
f 445/803/1938 406/795/1939 446/813/1929
f 406/795/1939 407/812/1927 446/813/1929
f 433/814/1930 434/815/1940 446/813/1929
f 434/815/1940 445/803/1938 446/813/1929
f 445/803/1938 434/815/1940 347/816/1941
f 424/802/1942 445/803/1938 347/816/1941
f 406/795/1939 445/803/1938 424/802/1942
f 418/801/1943 406/795/1939 424/802/1942
f 406/795/1939 418/801/1943 417/811/1936
f 444/797/1937 406/795/1939 417/811/1936
f 406/795/1939 444/797/1937 408/796/1925
f 444/797/1937 442/799/1933 408/796/1925
f 442/799/1933 443/798/1924 408/796/1925
f 443/798/1924 442/799/1933 431/800/1923
f 442/799/1933 430/809/1944 431/800/1923
f 430/809/1944 442/799/1933 414/820/1935
f 429/807/1945 430/809/1944 414/820/1935
f 342/819/1946 429/807/1945 414/820/1935
f 402/826/1932 403/825/1947 432/828/1931
f 403/825/1947 435/827/1948 432/828/1931
f 338/817/1949 441/806/1950 340/818/1951
f 440/836/1952 441/806/1950 338/817/1949
f 336/837/1953 440/836/1952 338/817/1949
f 437/835/1954 440/836/1952 336/837/1953
f 343/824/1955 437/835/1954 336/837/1953
f 437/835/1954 343/824/1955 344/822/1956
f 347/831/1941 434/830/1940 346/832/1957
f 436/823/1958 403/825/1947 410/833/1917
f 426/804/1959 429/807/1945 342/819/1946
f 340/818/1951 426/804/1959 342/819/1946
f 441/806/1950 426/804/1959 340/818/1951
f 426/804/1959 441/806/1950 425/838/1920
f 441/806/1950 440/836/1952 425/838/1920
f 440/836/1952 439/839/1919 425/838/1920
f 439/839/1919 440/836/1952 437/835/1954
f 438/834/1916 439/839/1919 437/835/1954
f 438/834/1916 437/835/1954 410/833/1917
f 437/835/1954 436/823/1958 410/833/1917
f 436/823/1958 437/835/1954 344/822/1956
f 403/825/1947 436/823/1958 344/822/1956
f 345/821/1960 403/825/1947 344/822/1956
f 435/827/1948 403/825/1947 345/821/1960
f 346/832/1957 435/827/1948 345/821/1960
f 434/830/1940 435/827/1948 346/832/1957
f 435/827/1948 434/830/1940 432/828/1931
f 434/830/1940 433/829/1930 432/828/1931
f 431/800/1923 430/809/1944 428/808/1922
f 430/809/1944 429/807/1945 428/808/1922
f 429/807/1945 426/804/1959 428/808/1922
f 426/804/1959 427/805/1921 428/808/1922
f 427/805/1921 426/804/1959 425/838/1920
f 414/820/1935 416/810/1934 415/1123/1961
f 420/1112/1962 419/1119/1963 421/1117/1964
f 419/1119/1963 423/1118/1965 421/1117/1964
f 419/1119/1963 418/801/1943 423/1118/1965
f 418/801/1943 424/802/1942 423/1118/1965
f 424/802/1942 347/816/1941 423/1118/1965
f 347/816/1941 348/1124/1966 423/1118/1965
f 348/1124/1966 327/1127/1967 423/1118/1965
f 327/1127/1967 421/1117/1964 423/1118/1965
f 421/1117/1964 327/1127/1967 328/1126/13
f 422/1116/16 421/1117/1964 328/1126/13
f 422/1116/16 413/1115/18 421/1117/1964
f 413/1115/18 420/1112/1962 421/1117/1964
f 420/1112/1962 413/1115/18 355/1113/1968
f 419/1119/1963 420/1112/1962 355/1113/1968
f 411/1120/1969 419/1119/1963 355/1113/1968
f 418/801/1943 419/1119/1963 411/1120/1969
f 417/811/1936 418/801/1943 411/1120/1969
f 416/810/1934 417/811/1936 411/1120/1969
f 412/1122/1970 416/810/1934 411/1120/1969
f 416/810/1934 412/1122/1970 415/1123/1961
f 351/1128/1971 415/1123/1961 412/1122/1970
f 415/1123/1961 351/1128/1971 341/1125/1972
f 414/820/1935 415/1123/1961 341/1125/1972
f 342/819/1946 414/820/1935 341/1125/1972
f 413/1115/18 356/1114/20 355/1113/1968
f 352/1121/1973 351/1128/1971 412/1122/1970
f 352/1121/1973 412/1122/1970 355/1113/1968
f 412/1122/1970 411/1120/1969 355/1113/1968
f 410/379/1917 403/378/1947 409/380/1926
f 403/378/1947 404/377/1974 409/380/1926
f 409/380/1926 404/377/1974 408/381/1925
f 404/377/1974 406/376/1939 408/381/1925
f 407/156/1927 406/376/1939 405/155/1928
f 406/376/1939 404/377/1974 405/155/1928
f 405/155/1928 404/377/1974 402/154/1932
f 404/377/1974 403/378/1947 402/154/1932
f 393/23/23 401/21/21 394/2239/1975
f 401/21/21 400/2240/1976 394/2239/1975
f 401/21/21 398/19/19 397/2241/1977
f 400/2240/1976 401/21/21 397/2241/1977
f 396/2242/1978 400/2240/1976 397/2241/1977
f 400/2240/1976 396/2242/1978 394/2239/1975
f 396/2242/1978 395/2243/1979 394/2239/1975
f 399/17/17 361/15/15 391/2244/1980
f 398/19/19 399/17/17 391/2244/1980
f 397/2241/1977 398/19/19 391/2244/1980
f 390/2245/1981 397/2241/1977 391/2244/1980
f 390/2245/1981 396/2242/1978 397/2241/1977
f 386/2246/1982 396/2242/1978 390/2245/1981
f 396/2242/1978 386/2246/1982 395/2243/1979
f 386/2246/1982 384/2247/1983 395/2243/1979
f 395/2243/1979 384/2247/1983 382/2248/1984
f 395/2243/1979 382/2248/1984 394/2239/1975
f 382/2248/1984 381/2249/1985 394/2239/1975
f 393/23/23 394/2239/1975 381/2249/1985
f 380/25/25 393/23/23 381/2249/1985
f 392/2250/285 383/2251/1986 385/2252/287
f 383/2251/1986 392/2250/285 369/2253/268
f 367/2254/1987 383/2251/1986 369/2253/268
f 383/2251/1986 367/2254/1987 366/2255/1988
f 389/2256/1989 386/2246/1982 390/2245/1981
f 361/15/15 362/2257/1990 391/2244/1980
f 391/2244/1980 362/2257/1990 374/2258/1991
f 374/2258/1991 390/2245/1981 391/2244/1980
f 374/2258/1991 375/2259/1992 390/2245/1981
f 375/2259/1992 389/2256/1989 390/2245/1981
f 389/2256/1989 375/2259/1992 376/2260/249
f 388/2261/248 389/2256/1989 376/2260/249
f 386/2246/1982 389/2256/1989 388/2261/248
f 387/2262/289 386/2246/1982 388/2261/248
f 386/2246/1982 387/2262/289 385/2252/287
f 384/2247/1983 386/2246/1982 385/2252/287
f 383/2251/1986 384/2247/1983 385/2252/287
f 384/2247/1983 383/2251/1986 382/2248/1984
f 382/2248/1984 383/2251/1986 366/2255/1988
f 382/2248/1984 366/2255/1988 381/2249/1985
f 366/2255/1988 377/2263/1993 381/2249/1985
f 380/25/25 381/2249/1985 377/2263/1993
f 378/26/10 380/25/25 377/2263/1993
f 360/14/14 379/11/11 364/2264/1994
f 364/2264/1994 379/11/11 378/10/10
f 377/2265/1993 364/2264/1994 378/10/10
f 377/2265/1993 366/2266/1988 364/2264/1994
f 362/2257/1990 363/2267/1995 372/2268/1996
f 365/2269/1997 372/2268/1996 363/2267/1995
f 365/2269/1997 368/2270/1998 372/2268/1996
f 368/2270/1998 371/2271/1999 372/2268/1996
f 376/2260/249 375/2259/1992 359/2272/251
f 375/2259/1992 358/2273/2000 359/2272/251
f 358/2273/2000 375/2259/1992 374/2258/1991
f 373/2274/2001 358/2273/2000 374/2258/1991
f 362/2257/1990 373/2274/2001 374/2258/1991
f 373/2274/2001 362/2257/1990 372/2268/1996
f 358/2273/2000 373/2274/2001 372/2268/1996
f 371/2271/1999 358/2273/2000 372/2268/1996
f 358/2273/2000 371/2271/1999 357/2275/252
f 371/2271/1999 368/2270/1998 357/2275/252
f 368/2270/1998 370/2276/267 357/2275/252
f 370/2276/267 368/2270/1998 369/2277/268
f 368/2270/1998 367/2278/1987 369/2277/268
f 367/2278/1987 368/2270/1998 365/2269/1997
f 366/2266/1988 367/2278/1987 365/2269/1997
f 366/2266/1988 365/2269/1997 364/2264/1994
f 364/2264/1994 365/2269/1997 363/2267/1995
f 363/2267/1995 360/14/14 364/2264/1994
f 363/2267/1995 362/2257/1990 360/14/14
f 362/2257/1990 361/15/15 360/14/14
f 359/2272/251 358/2273/2000 357/2275/252
f 352/1111/1973 355/1104/1968 353/1100/2002
f 354/1102/22 353/1100/2002 355/1104/1968
f 356/1103/20 354/1102/22 355/1104/1968
f 354/1102/22 321/1101/24 322/1099/2003
f 353/1100/2002 354/1102/22 322/1099/2003
f 349/1105/2004 353/1100/2002 322/1099/2003
f 349/1105/2004 352/1111/1973 353/1100/2002
f 349/1105/2004 350/1106/2005 352/1111/1973
f 350/1106/2005 351/1110/1971 352/1111/1973
f 351/1110/1971 350/1106/2005 341/1125/1972
f 350/1106/2005 339/1109/2006 341/1125/1972
f 350/1106/2005 334/1107/2007 339/1109/2006
f 334/1107/2007 350/1106/2005 349/1105/2004
f 332/1098/2008 334/1107/2007 349/1105/2004
f 332/1098/2008 349/1105/2004 322/1099/2003
f 327/1143/1967 348/1134/1966 329/1139/2009
f 348/1134/1966 347/831/1941 329/1139/2009
f 347/831/1941 346/832/1957 329/1139/2009
f 346/832/1957 345/821/1960 329/1139/2009
f 345/821/1960 330/1135/2010 329/1139/2009
f 330/1135/2010 345/821/1960 331/1136/2011
f 345/821/1960 344/822/1956 331/1136/2011
f 344/822/1956 343/824/1955 331/1136/2011
f 343/824/1955 333/1131/2012 331/1136/2011
f 343/824/1955 336/837/1953 333/1131/2012
f 334/1107/2007 337/1108/2013 339/1109/2006
f 334/1133/2007 335/1132/2014 337/1108/2013
f 340/818/1951 342/819/1946 341/1125/1972
f 339/1109/2006 340/818/1951 341/1125/1972
f 338/817/1949 340/818/1951 339/1109/2006
f 337/1108/2013 338/817/1949 339/1109/2006
f 338/817/1949 337/1108/2013 336/837/1953
f 337/1108/2013 335/1132/2014 336/837/1953
f 336/837/1953 335/1132/2014 333/1131/2012
f 335/1132/2014 334/1133/2007 333/1131/2012
f 334/1133/2007 332/1130/2008 333/1131/2012
f 331/1136/2011 333/1131/2012 332/1130/2008
f 322/1129/2003 331/1136/2011 332/1130/2008
f 330/1135/2010 331/1136/2011 322/1129/2003
f 323/1137/2015 330/1135/2010 322/1129/2003
f 330/1135/2010 323/1137/2015 329/1139/2009
f 323/1137/2015 326/1138/2016 329/1139/2009
f 326/1138/2016 327/1143/1967 329/1139/2009
f 327/1143/1967 326/1138/2016 325/1141/12
f 328/1142/13 327/1143/1967 325/1141/12
f 326/1138/2016 323/1137/2015 325/1141/12
f 323/1137/2015 324/1140/9 325/1141/12
f 324/1140/9 323/1137/2015 321/1144/24
f 323/1137/2015 322/1129/2003 321/1144/24
f 320/374/332 319/2279/334 318/375/333
f 155/2280/400 150/2281/2017 317/250/238
f 150/2281/2017 81/2282/2018 317/250/238
f 81/2282/2018 82/2283/2019 317/250/238
f 82/2283/2019 88/251/239 317/250/238
f 316/2284/2020 315/2285/2021 314/2286/2022
f 316/2284/2020 314/2286/2022 201/2287/2023
f 186/2288/2024 316/2284/2020 201/2287/2023
f 316/2284/2020 186/2288/2024 168/2289/2025
f 167/2290/2026 316/2284/2020 168/2289/2025
f 167/2290/2026 159/2291/2027 316/2284/2020
f 159/2291/2027 315/2285/2021 316/2284/2020
f 159/2291/2027 162/2292/2028 315/2285/2021
f 162/2292/2028 311/2293/2029 315/2285/2021
f 315/2285/2021 311/2293/2029 313/2294/2030
f 315/2285/2021 313/2294/2030 314/2286/2022
f 314/2286/2022 313/2294/2030 152/2295/2031
f 201/2287/2023 314/2286/2022 152/2295/2031
f 311/2293/2029 312/2296/2032 313/2294/2030
f 313/2294/2030 312/2296/2032 154/2297/2033
f 313/2294/2030 154/2297/2033 152/2295/2031
f 312/2296/2032 156/2298/2034 154/2297/2033
f 312/2299/2032 311/2300/2029 156/2301/2034
f 311/2300/2029 162/2302/2028 156/2301/2034
f 162/2302/2028 161/2303/2035 156/2301/2034
f 161/2303/2035 274/2304/2036 156/2301/2034
f 274/2304/2036 85/2305/2037 156/2301/2034
f 85/2305/2037 86/2306/2038 156/2301/2034
f 193/2307/2039 191/2308/2040 293/2309/2041
f 310/2310/2042 193/2307/2039 293/2309/2041
f 184/2311/2043 193/2307/2039 310/2310/2042
f 281/2312/2044 184/2311/2043 310/2310/2042
f 281/2312/2044 310/2310/2042 283/2313/2045
f 310/2310/2042 285/2314/2046 283/2313/2045
f 285/2314/2046 310/2310/2042 288/2315/2047
f 310/2310/2042 290/2316/2048 288/2315/2047
f 290/2316/2048 310/2310/2042 293/2309/2041
f 291/2317/2049 290/2316/2048 293/2309/2041
f 272/2318/2050 273/752/406 309/753/437
f 308/2319/435 272/2318/2050 309/753/437
f 271/2320/2051 272/2318/2050 308/2319/435
f 307/2321/480 271/2320/2051 308/2319/435
f 270/2322/2052 271/2320/2051 307/2321/480
f 306/2323/478 270/2322/2052 307/2321/480
f 270/2322/2052 306/2323/478 269/2324/2053
f 306/2323/478 305/2325/476 269/2324/2053
f 269/2324/2053 305/2325/476 268/2326/2054
f 305/2325/476 304/2327/474 268/2326/2054
f 304/2327/474 303/2328/472 268/2326/2054
f 303/2328/472 302/779/470 268/2326/2054
f 302/779/470 267/782/261 268/2326/2054
f 13/2329/2055 279/2330/2056 12/2331/2057
f 279/2330/2056 177/2332/2058 12/2331/2057
f 177/2332/2058 29/2333/2059 12/2331/2057
f 29/2333/2059 28/2334/2060 12/2331/2057
f 28/2334/2060 27/2335/2061 12/2331/2057
f 27/2335/2061 26/2336/2062 12/2331/2057
f 164/2337/2063 280/2338/2064 243/2339/2065
f 241/2340/2066 298/2341/2067 240/2342/2068
f 298/2341/2067 241/2340/2066 243/2339/2065
f 280/2338/2064 298/2341/2067 243/2339/2065
f 298/2341/2067 280/2338/2064 282/2343/2069
f 294/2344/2070 295/2345/2071 301/2346/2072
f 294/2344/2070 301/2346/2072 292/2347/2073
f 301/2346/2072 289/2348/2074 292/2347/2073
f 289/2348/2074 301/2346/2072 287/2349/2075
f 296/2350/2076 297/2351/2077 300/2352/2078
f 300/2352/2078 297/2351/2077 299/2353/2079
f 230/2354/2080 296/2350/2076 228/2355/2081
f 228/2355/2081 295/2345/2071 175/2356/2082
f 296/2350/2076 295/2345/2071 228/2355/2081
f 295/2345/2071 296/2350/2076 301/2346/2072
f 301/2346/2072 296/2350/2076 300/2352/2078
f 301/2346/2072 300/2352/2078 287/2349/2075
f 300/2352/2078 299/2353/2079 287/2349/2075
f 299/2353/2079 286/2357/2083 287/2349/2075
f 286/2357/2083 299/2353/2079 284/2358/2084
f 299/2353/2079 282/2343/2069 284/2358/2084
f 299/2353/2079 298/2341/2067 282/2343/2069
f 297/2351/2077 298/2341/2067 299/2353/2079
f 298/2341/2067 297/2351/2077 240/2342/2068
f 297/2351/2077 296/2350/2076 240/2342/2068
f 296/2350/2076 230/2354/2080 240/2342/2068
f 174/2359/2085 175/2356/2082 191/2308/2040
f 175/2356/2082 295/2345/2071 191/2308/2040
f 191/2308/2040 295/2345/2071 294/2344/2070
f 293/2309/2041 191/2308/2040 294/2344/2070
f 293/2309/2041 294/2344/2070 292/2347/2073
f 291/2317/2049 293/2309/2041 292/2347/2073
f 292/2347/2073 289/2348/2074 291/2317/2049
f 289/2348/2074 290/2316/2048 291/2317/2049
f 290/2316/2048 289/2348/2074 288/2315/2047
f 289/2348/2074 287/2349/2075 288/2315/2047
f 285/2314/2046 288/2315/2047 287/2349/2075
f 286/2357/2083 285/2314/2046 287/2349/2075
f 285/2314/2046 286/2357/2083 284/2358/2084
f 283/2313/2045 285/2314/2046 284/2358/2084
f 284/2358/2084 282/2343/2069 283/2313/2045
f 282/2343/2069 281/2312/2044 283/2313/2045
f 282/2343/2069 280/2338/2064 281/2312/2044
f 280/2338/2064 184/2311/2043 281/2312/2044
f 184/2311/2043 280/2338/2064 164/2337/2063
f 165/2360/2086 184/2311/2043 164/2337/2063
f 177/2361/2058 279/2362/2056 278/2363/2087
f 176/2364/2088 177/2361/2058 278/2363/2087
f 176/2364/2088 278/2363/2087 277/2365/2089
f 279/2362/2056 13/2366/2055 10/2367/2090
f 278/2363/2087 279/2362/2056 10/2367/2090
f 278/2363/2087 10/2367/2090 8/2368/2091
f 277/2365/2089 278/2363/2087 8/2368/2091
f 277/2365/2089 8/2368/2091 9/2369/2092
f 231/2370/2093 277/2365/2089 9/2369/2092
f 178/2371/2094 277/2365/2089 231/2370/2093
f 178/2371/2094 176/2364/2088 277/2365/2089
f 183/2372/2095 178/2371/2094 231/2370/2093
f 12/2373/2057 26/2374/2062 3/2375/2096
f 172/2376/2097 12/2373/2057 3/2375/2096
f 172/2376/2097 3/2375/2096 31/2377/361
f 3/2375/2096 1/2378/362 31/2377/361
f 275/2363/2098 160/2364/2099 163/2371/2100
f 276/2365/2101 275/2363/2098 163/2371/2100
f 276/2365/2101 163/2371/2100 171/2372/2102
f 266/2370/2103 276/2365/2101 171/2372/2102
f 93/2368/2104 276/2365/2101 266/2370/2103
f 93/2368/2104 84/2367/2105 276/2365/2101
f 84/2367/2105 275/2363/2098 276/2365/2101
f 84/2367/2105 85/2366/2037 275/2363/2098
f 85/2366/2037 274/2362/2036 275/2363/2098
f 275/2363/2098 274/2362/2036 160/2364/2099
f 274/2362/2036 161/2361/2035 160/2364/2099
f 91/2369/2106 93/2368/2104 266/2370/2103
f 210/2379/2107 209/2380/2108 4/2381/404
f 4/2381/404 273/2382/406 210/2379/2107
f 273/2382/406 124/2383/2109 210/2379/2107
f 124/2383/2109 273/2382/406 134/2384/2110
f 273/2382/406 272/2385/2050 134/2384/2110
f 134/2384/2110 272/2385/2050 133/2386/2111
f 272/2385/2050 139/2387/2112 133/2386/2111
f 139/2387/2112 272/2385/2050 111/2388/2113
f 272/2385/2050 271/2389/2051 111/2388/2113
f 111/2388/2113 271/2389/2051 100/2390/2114
f 100/2390/2114 271/2389/2051 98/2391/2115
f 271/2389/2051 270/2392/2052 98/2391/2115
f 98/2391/2115 270/2392/2052 65/2393/2116
f 270/2392/2052 269/2394/2053 65/2393/2116
f 64/2395/2117 65/2393/2116 269/2394/2053
f 63/2396/2118 64/2395/2117 269/2394/2053
f 268/2397/2054 63/2396/2118 269/2394/2053
f 268/2397/2054 73/2398/2119 63/2396/2118
f 72/2399/2120 73/2398/2119 268/2397/2054
f 79/2400/2121 72/2399/2120 268/2397/2054
f 267/2401/261 79/2400/2121 268/2397/2054
f 267/2401/261 92/2402/263 79/2400/2121
f 92/2402/263 211/2403/2122 79/2400/2121
f 211/2403/2122 92/2402/263 212/2404/2123
f 265/2405/2124 212/2404/2123 92/2402/263
f 265/2405/2124 92/2402/263 90/2406/2125
f 262/2407/2126 265/2405/2124 90/2406/2125
f 90/2406/2125 91/2408/2106 262/2407/2126
f 91/2408/2106 254/2409/2127 262/2407/2126
f 254/2409/2127 91/2408/2106 266/2410/2103
f 253/2411/2128 254/2409/2127 266/2410/2103
f 171/2412/2102 253/2411/2128 266/2410/2103
f 253/2411/2128 171/2412/2102 256/2413/2129
f 171/2412/2102 169/2414/2130 256/2413/2129
f 169/2414/2130 170/2415/2131 256/2413/2129
f 170/2415/2131 244/2416/2132 256/2413/2129
f 212/2404/2123 265/2405/2124 213/2417/2133
f 214/2418/2134 264/2419/2135 202/2420/2136
f 264/2419/2135 214/2418/2134 213/2417/2133
f 264/2419/2135 213/2417/2133 263/2421/2137
f 265/2405/2124 263/2421/2137 213/2417/2133
f 263/2421/2137 265/2405/2124 262/2407/2126
f 202/2420/2136 260/2422/2138 203/2423/2139
f 264/2419/2135 260/2422/2138 202/2420/2136
f 260/2422/2138 264/2419/2135 259/2424/2140
f 259/2424/2140 264/2419/2135 263/2421/2137
f 259/2424/2140 263/2421/2137 261/2425/2141
f 261/2425/2141 263/2421/2137 262/2407/2126
f 262/2407/2126 254/2409/2127 261/2425/2141
f 254/2409/2127 255/2426/2142 261/2425/2141
f 261/2425/2141 255/2426/2142 258/2427/2143
f 255/2426/2142 257/2428/2144 258/2427/2143
f 258/2427/2143 259/2424/2140 261/2425/2141
f 206/2429/2145 235/2430/2146 207/2431/2147
f 249/2432/2148 235/2430/2146 206/2429/2145
f 205/2433/2149 249/2432/2148 206/2429/2145
f 249/2432/2148 205/2433/2149 204/2434/2150
f 248/2435/2151 249/2432/2148 204/2434/2150
f 248/2435/2151 204/2434/2150 203/2423/2139
f 251/2436/2152 248/2435/2151 203/2423/2139
f 260/2422/2138 251/2436/2152 203/2423/2139
f 251/2436/2152 260/2422/2138 252/2437/2153
f 252/2437/2153 260/2422/2138 259/2424/2140
f 252/2437/2153 259/2424/2140 246/2438/2154
f 259/2424/2140 258/2427/2143 246/2438/2154
f 245/2439/2155 246/2438/2154 258/2427/2143
f 257/2428/2144 245/2439/2155 258/2427/2143
f 245/2439/2155 257/2428/2144 244/2416/2132
f 244/2416/2132 257/2428/2144 255/2426/2142
f 256/2413/2129 244/2416/2132 255/2426/2142
f 256/2413/2129 255/2426/2142 253/2411/2128
f 255/2426/2142 254/2409/2127 253/2411/2128
f 235/2430/2146 249/2432/2148 236/2440/2156
f 236/2440/2156 249/2432/2148 247/2441/2157
f 236/2440/2156 247/2441/2157 237/2442/2158
f 237/2442/2158 247/2441/2157 246/2438/2154
f 247/2441/2157 250/2443/2159 246/2438/2154
f 250/2443/2159 252/2437/2153 246/2438/2154
f 250/2443/2159 251/2436/2152 252/2437/2153
f 248/2435/2151 251/2436/2152 250/2443/2159
f 247/2441/2157 248/2435/2151 250/2443/2159
f 249/2432/2148 248/2435/2151 247/2441/2157
f 242/2444/2160 245/2439/2155 244/2416/2132
f 245/2439/2155 242/2444/2160 239/2445/2161
f 238/2446/2162 245/2439/2155 239/2445/2161
f 238/2446/2162 237/2442/2158 245/2439/2155
f 237/2442/2158 246/2438/2154 245/2439/2155
f 164/2447/2063 243/2448/2065 170/2415/2131
f 243/2448/2065 244/2416/2132 170/2415/2131
f 243/2448/2065 242/2444/2160 244/2416/2132
f 242/2444/2160 243/2448/2065 241/2449/2066
f 242/2444/2160 241/2449/2066 239/2445/2161
f 241/2449/2066 240/2450/2068 239/2445/2161
f 240/2450/2068 230/2451/2080 239/2445/2161
f 230/2451/2080 227/2452/2163 239/2445/2161
f 239/2445/2161 227/2452/2163 238/2446/2162
f 227/2452/2163 226/2453/2164 238/2446/2162
f 237/2442/2158 238/2446/2162 226/2453/2164
f 225/2454/2165 237/2442/2158 226/2453/2164
f 225/2454/2165 236/2440/2156 237/2442/2158
f 232/2455/2166 236/2440/2156 225/2454/2165
f 232/2455/2166 235/2430/2146 236/2440/2156
f 234/2456/2167 235/2430/2146 232/2455/2166
f 235/2430/2146 234/2456/2167 207/2431/2147
f 234/2456/2167 208/2457/2168 207/2431/2147
f 208/2457/2168 234/2456/2167 233/2458/2169
f 233/2458/2169 234/2456/2167 232/2455/2166
f 208/2457/2168 223/2459/2170 209/2380/2108
f 223/2459/2170 208/2457/2168 233/2458/2169
f 223/2459/2170 233/2458/2169 224/2460/2171
f 233/2458/2169 232/2455/2166 224/2460/2171
f 232/2455/2166 225/2454/2165 224/2460/2171
f 231/2461/2093 9/2462/2092 229/2463/2172
f 183/2464/2095 231/2461/2093 229/2463/2172
f 183/2464/2095 229/2463/2172 182/2465/2173
f 228/2466/2081 227/2452/2163 230/2451/2080
f 9/2462/2092 7/2467/2174 215/2468/2175
f 9/2462/2092 215/2468/2175 229/2463/2172
f 216/2469/2176 229/2463/2172 215/2468/2175
f 229/2463/2172 216/2469/2176 182/2465/2173
f 182/2465/2173 216/2469/2176 222/2470/2177
f 181/2471/2178 182/2465/2173 222/2470/2177
f 175/2472/2082 181/2471/2178 222/2470/2177
f 228/2466/2081 175/2472/2082 222/2470/2177
f 227/2452/2163 228/2466/2081 222/2470/2177
f 227/2452/2163 222/2470/2177 221/2473/2179
f 226/2453/2164 227/2452/2163 221/2473/2179
f 226/2453/2164 221/2473/2179 225/2454/2165
f 221/2473/2179 224/2460/2171 225/2454/2165
f 220/2474/2180 224/2460/2171 221/2473/2179
f 220/2474/2180 223/2459/2170 224/2460/2171
f 219/2475/2181 223/2459/2170 220/2474/2180
f 223/2459/2170 219/2475/2181 209/2380/2108
f 219/2475/2181 4/2381/404 209/2380/2108
f 222/2470/2177 216/2469/2176 221/2473/2179
f 216/2469/2176 217/2476/2182 221/2473/2179
f 217/2476/2182 220/2474/2180 221/2473/2179
f 218/2477/2183 220/2474/2180 217/2476/2182
f 218/2477/2183 219/2475/2181 220/2474/2180
f 4/2381/404 219/2475/2181 218/2477/2183
f 7/2467/2174 4/2381/404 218/2477/2183
f 7/2467/2174 218/2477/2183 215/2468/2175
f 215/2468/2175 218/2477/2183 217/2476/2182
f 217/2476/2182 216/2469/2176 215/2468/2175
f 68/2478/2184 69/2479/2185 202/2420/2136
f 69/2479/2185 214/2418/2134 202/2420/2136
f 213/2417/2133 214/2418/2134 69/2479/2185
f 70/2480/2186 213/2417/2133 69/2479/2185
f 212/2404/2123 213/2417/2133 70/2480/2186
f 76/2481/2187 212/2404/2123 70/2480/2186
f 76/2481/2187 77/2482/2188 212/2404/2123
f 77/2482/2188 211/2403/2122 212/2404/2123
f 79/2400/2121 211/2403/2122 77/2482/2188
f 124/2383/2109 125/2483/2189 210/2379/2107
f 125/2483/2189 126/2484/2190 210/2379/2107
f 126/2484/2190 209/2380/2108 210/2379/2107
f 209/2380/2108 126/2484/2190 208/2457/2168
f 126/2484/2190 114/2485/2191 208/2457/2168
f 208/2457/2168 114/2485/2191 207/2431/2147
f 114/2485/2191 107/2486/2192 207/2431/2147
f 107/2486/2192 106/2487/2193 207/2431/2147
f 106/2487/2193 206/2429/2145 207/2431/2147
f 206/2429/2145 106/2487/2193 205/2433/2149
f 106/2487/2193 112/2488/2194 205/2433/2149
f 204/2434/2150 205/2433/2149 112/2488/2194
f 118/2489/2195 204/2434/2150 112/2488/2194
f 204/2434/2150 118/2489/2195 203/2423/2139
f 118/2489/2195 117/2490/2196 203/2423/2139
f 202/2491/2136 203/2423/2139 117/2490/2196
f 68/2478/2184 202/2491/2136 117/2490/2196
f 30/2492/2197 172/2493/2097 31/2494/361
f 152/2495/2031 153/1457/401 200/1456/1087
f 201/2496/2023 152/2495/2031 200/1456/1087
f 200/1456/1087 186/2497/2024 201/2496/2023
f 186/2497/2024 200/1456/1087 187/2498/2198
f 199/1455/183 187/2498/2198 200/1456/1087
f 199/1455/183 198/2499/185 187/2498/2198
f 198/2499/185 197/2500/198 187/2498/2198
f 197/2500/198 188/2501/2199 187/2498/2198
f 197/2500/198 196/2502/196 188/2501/2199
f 196/2502/196 190/2503/2200 188/2501/2199
f 196/2502/196 195/1433/195 190/2503/2200
f 190/2503/2200 195/1433/195 194/1431/1077
f 192/2504/2201 190/2503/2200 194/1431/1077
f 24/2505/2202 192/2504/2201 194/1431/1077
f 24/2505/2202 194/1431/1077 25/2506/2203
f 25/2506/2203 194/1431/1077 2/2507/2204
f 194/1431/1077 1/1430/362 2/2507/2204
f 193/2508/2039 189/2509/2205 191/2510/2040
f 193/2508/2039 184/2511/2043 189/2509/2205
f 24/2505/2202 23/2512/2206 180/2513/2207
f 192/2504/2201 24/2505/2202 180/2513/2207
f 180/2513/2207 174/2514/2085 192/2504/2201
f 174/2514/2085 191/2510/2040 192/2504/2201
f 190/2503/2200 192/2504/2201 191/2510/2040
f 190/2503/2200 191/2510/2040 189/2509/2205
f 188/2501/2199 190/2503/2200 189/2509/2205
f 188/2501/2199 189/2509/2205 184/2511/2043
f 187/2498/2198 188/2501/2199 184/2511/2043
f 187/2498/2198 184/2511/2043 185/2515/2208
f 185/2515/2208 186/2497/2024 187/2498/2198
f 186/2497/2024 185/2515/2208 166/2516/2209
f 168/2517/2025 186/2497/2024 166/2516/2209
f 185/2515/2208 184/2511/2043 166/2516/2209
f 184/2511/2043 165/2518/2086 166/2516/2209
f 155/2494/400 151/2493/2210 150/2492/2017
f 178/2519/2094 183/2520/2095 173/2521/2211
f 183/2520/2095 182/2522/2173 173/2521/2211
f 182/2522/2173 181/2523/2178 173/2521/2211
f 181/2523/2178 175/2524/2082 173/2521/2211
f 23/2525/2206 17/2526/2212 180/2527/2207
f 17/2526/2212 179/2528/2213 180/2527/2207
f 174/2529/2085 180/2527/2207 179/2528/2213
f 174/2529/2085 179/2528/2213 173/2521/2211
f 173/2521/2211 179/2528/2213 17/2526/2212
f 178/2519/2094 173/2521/2211 17/2526/2212
f 176/2530/2088 178/2519/2094 17/2526/2212
f 18/2531/2214 176/2530/2088 17/2526/2212
f 18/2531/2214 29/2532/2059 176/2530/2088
f 29/2532/2059 177/2533/2058 176/2530/2088
f 175/2524/2082 174/2529/2085 173/2521/2211
f 12/2534/2057 172/2535/2097 11/2536/2215
f 11/2536/2215 172/2535/2097 16/2537/2216
f 172/2535/2097 30/2538/2197 16/2537/2216
f 171/2539/2102 163/2540/2100 169/2541/2130
f 163/2540/2100 157/2542/2217 169/2541/2130
f 157/2542/2217 164/2543/2063 169/2541/2130
f 164/2543/2063 170/2544/2131 169/2541/2130
f 166/2545/2209 167/2546/2026 168/2547/2025
f 159/2548/2027 167/2546/2026 158/2549/2218
f 167/2546/2026 166/2545/2209 158/2549/2218
f 166/2545/2209 165/2550/2086 158/2549/2218
f 158/2549/2218 165/2550/2086 157/2542/2217
f 165/2550/2086 164/2543/2063 157/2542/2217
f 160/2540/2099 157/2542/2217 163/2540/2100
f 161/2551/2035 162/2552/2028 159/2548/2027
f 160/2540/2099 161/2551/2035 159/2548/2027
f 160/2540/2099 159/2548/2027 157/2542/2217
f 159/2548/2027 158/2549/2218 157/2542/2217
f 156/2553/2034 86/2554/2038 154/2555/2033
f 86/2554/2038 151/2556/2210 154/2555/2033
f 154/2555/2033 151/2556/2210 153/2557/401
f 151/2556/2210 155/2558/400 153/2557/401
f 154/2559/2033 153/2557/401 152/2560/2031
f 151/2535/2210 86/2561/2038 83/2536/2219
f 151/2535/2210 83/2536/2219 150/2538/2017
f 83/2536/2219 81/2537/2018 150/2538/2017
f 149/2562/2220 128/2563/2221 127/2564/2222
f 149/2562/2220 127/2564/2222 145/2565/2223
f 148/2566/2224 149/2562/2220 145/2565/2223
f 148/2566/2224 145/2565/2223 143/2567/2225
f 147/2568/2226 148/2566/2224 143/2567/2225
f 147/2568/2226 143/2567/2225 113/2569/2227
f 146/2570/2228 147/2568/2226 113/2569/2227
f 146/2570/2228 113/2569/2227 104/2571/2229
f 132/2572/2230 146/2570/2228 104/2571/2229
f 132/2572/2230 104/2571/2229 97/2573/2231
f 141/2574/2232 142/2575/2233 140/2576/2234
f 142/2575/2233 138/2577/2235 140/2576/2234
f 142/2575/2233 144/2578/2236 138/2577/2235
f 138/2577/2235 144/2578/2236 137/2579/2237
f 144/2578/2236 136/2580/2238 137/2579/2237
f 121/2581/2239 122/2582/2240 127/2564/2222
f 122/2582/2240 136/2580/2238 127/2564/2222
f 127/2564/2222 136/2580/2238 145/2565/2223
f 136/2580/2238 144/2578/2236 145/2565/2223
f 145/2565/2223 144/2578/2236 143/2567/2225
f 144/2578/2236 142/2575/2233 143/2567/2225
f 143/2567/2225 142/2575/2233 113/2569/2227
f 142/2575/2233 141/2574/2232 113/2569/2227
f 141/2574/2232 102/2583/2241 113/2569/2227
f 102/2583/2241 141/2574/2232 140/2576/2234
f 102/2583/2241 140/2576/2234 111/2584/2113
f 140/2576/2234 138/2577/2235 111/2584/2113
f 138/2577/2235 139/2585/2112 111/2584/2113
f 139/2585/2112 138/2577/2235 133/2586/2111
f 138/2577/2235 137/2579/2237 133/2586/2111
f 137/2579/2237 135/2587/2242 133/2586/2111
f 136/2580/2238 135/2587/2242 137/2579/2237
f 136/2580/2238 122/2582/2240 135/2587/2242
f 122/2582/2240 120/2588/2243 135/2587/2242
f 120/2588/2243 124/2589/2109 135/2587/2242
f 124/2589/2109 134/2590/2110 135/2587/2242
f 135/2587/2242 134/2590/2110 133/2586/2111
f 131/2591/2244 132/2572/2230 97/2573/2231
f 131/2591/2244 97/2573/2231 94/2592/2245
f 130/2593/2246 131/2591/2244 94/2592/2245
f 130/2593/2246 94/2592/2245 109/2594/2247
f 129/2595/2248 130/2593/2246 109/2594/2247
f 129/2595/2248 109/2594/2247 110/2596/2249
f 128/2563/2221 129/2595/2248 110/2596/2249
f 128/2563/2221 110/2596/2249 127/2564/2222
f 110/2596/2249 108/2597/2250 127/2564/2222
f 108/2597/2250 121/2581/2239 127/2564/2222
f 108/2597/2250 114/2598/2191 121/2581/2239
f 123/2599/2251 121/2581/2239 114/2598/2191
f 123/2599/2251 114/2598/2191 126/2600/2190
f 126/2600/2190 125/2601/2189 123/2599/2251
f 125/2601/2189 124/2589/2109 123/2599/2251
f 124/2589/2109 120/2588/2243 123/2599/2251
f 121/2581/2239 123/2599/2251 120/2588/2243
f 122/2582/2240 121/2581/2239 120/2588/2243
f 101/2602/2252 99/2603/2253 115/2604/2254
f 119/2605/2255 101/2602/2252 115/2604/2254
f 101/2602/2252 119/2605/2255 103/2606/2256
f 119/2605/2255 105/2607/2257 103/2606/2256
f 105/2607/2257 119/2605/2255 112/2608/2194
f 112/2608/2194 119/2605/2255 115/2604/2254
f 118/2609/2195 112/2608/2194 115/2604/2254
f 118/2609/2195 115/2604/2254 116/2610/2258
f 117/2611/2196 118/2609/2195 116/2610/2258
f 68/2612/2184 117/2611/2196 116/2610/2258
f 67/2613/2259 68/2612/2184 116/2610/2258
f 116/2610/2258 66/2614/2260 67/2613/2259
f 116/2610/2258 115/2604/2254 66/2614/2260
f 115/2604/2254 99/2603/2253 66/2614/2260
f 107/2615/2192 114/2598/2191 108/2597/2250
f 102/2583/2241 104/2571/2229 113/2569/2227
f 106/2616/2193 105/2607/2257 112/2608/2194
f 100/2617/2114 102/2583/2241 111/2584/2113
f 109/2594/2247 108/2597/2250 110/2596/2249
f 108/2597/2250 109/2594/2247 94/2592/2245
f 95/2618/2261 108/2597/2250 94/2592/2245
f 107/2615/2192 108/2597/2250 95/2618/2261
f 107/2615/2192 95/2618/2261 96/2619/2262
f 106/2616/2193 107/2615/2192 96/2619/2262
f 105/2607/2257 106/2616/2193 96/2619/2262
f 96/2619/2262 97/2573/2231 105/2607/2257
f 97/2573/2231 103/2606/2256 105/2607/2257
f 103/2606/2256 97/2573/2231 104/2571/2229
f 102/2583/2241 103/2606/2256 104/2571/2229
f 103/2606/2256 102/2583/2241 101/2602/2252
f 102/2583/2241 100/2617/2114 101/2602/2252
f 101/2602/2252 100/2617/2114 99/2603/2253
f 100/2617/2114 98/2620/2115 99/2603/2253
f 66/2614/2260 99/2603/2253 98/2620/2115
f 65/2621/2116 66/2614/2260 98/2620/2115
f 97/2573/2231 96/2619/2262 94/2592/2245
f 96/2619/2262 95/2618/2261 94/2592/2245
f 87/2622/2263 84/2623/2105 93/2624/2104
f 87/2622/2263 93/2624/2104 91/2625/2106
f 92/275/263 89/274/262 90/2626/2125
f 90/2626/2125 87/2622/2263 91/2625/2106
f 89/274/262 87/2622/2263 90/2626/2125
f 89/274/262 88/277/239 87/2622/2263
f 88/277/239 82/2627/2019 87/2622/2263
f 84/2628/2105 87/2622/2263 82/2627/2019
f 83/2629/2219 84/2628/2105 82/2627/2019
f 83/2629/2219 86/2630/2038 84/2628/2105
f 86/2630/2038 85/2631/2037 84/2628/2105
f 83/2632/2219 82/2627/2019 81/2633/2018
f 61/2634/2264 80/2635/2265 78/2636/2266
f 74/2637/2267 61/2634/2264 78/2636/2266
f 74/2637/2267 78/2636/2266 75/2638/2268
f 61/2634/2264 62/2639/2269 80/2635/2265
f 80/2635/2265 62/2639/2269 72/2640/2120
f 78/2636/2266 80/2635/2265 72/2640/2120
f 79/2641/2121 78/2636/2266 72/2640/2120
f 79/2641/2121 77/2642/2188 78/2636/2266
f 77/2642/2188 75/2638/2268 78/2636/2266
f 76/2643/2187 75/2638/2268 77/2642/2188
f 76/2643/2187 70/2644/2186 75/2638/2268
f 75/2638/2268 70/2644/2186 71/2645/2270
f 71/2645/2270 74/2637/2267 75/2638/2268
f 71/2645/2270 37/2646/2271 74/2637/2267
f 74/2637/2267 37/2646/2271 61/2634/2264
f 61/2634/2264 37/2646/2271 36/2647/2272
f 36/2647/2272 60/2648/2273 61/2634/2264
f 33/2649/2274 60/2648/2273 36/2647/2272
f 33/2649/2274 58/2650/2275 60/2648/2273
f 33/2649/2274 34/2651/2276 58/2650/2275
f 34/2651/2276 43/2652/2277 58/2650/2275
f 63/2653/2118 73/2654/2119 62/2639/2269
f 62/2639/2269 73/2654/2119 72/2640/2120
f 38/2655/2278 37/2646/2271 71/2645/2270
f 57/2656/2279 38/2655/2278 71/2645/2270
f 57/2656/2279 71/2645/2270 70/2644/2186
f 69/2657/2185 57/2656/2279 70/2644/2186
f 56/2658/2280 57/2656/2279 69/2657/2185
f 69/2657/2185 68/2612/2184 56/2658/2280
f 68/2612/2184 55/2659/2281 56/2658/2280
f 67/2613/2259 55/2659/2281 68/2612/2184
f 55/2659/2281 67/2613/2259 54/2660/2282
f 66/2614/2260 54/2660/2282 67/2613/2259
f 54/2660/2282 66/2614/2260 53/2661/2283
f 66/2614/2260 65/2621/2116 53/2661/2283
f 53/2661/2283 65/2621/2116 59/2662/2284
f 65/2621/2116 64/2663/2117 59/2662/2284
f 59/2662/2284 64/2663/2117 63/2653/2118
f 60/2648/2273 59/2662/2284 63/2653/2118
f 60/2648/2273 63/2653/2118 62/2639/2269
f 60/2648/2273 62/2639/2269 61/2634/2264
f 58/2650/2275 59/2662/2284 60/2648/2273
f 53/2661/2283 59/2662/2284 58/2650/2275
f 53/2661/2283 58/2650/2275 45/2664/2285
f 58/2650/2275 43/2652/2277 45/2664/2285
f 51/2665/2286 38/2655/2278 57/2656/2279
f 57/2656/2279 56/2658/2280 51/2665/2286
f 56/2658/2280 49/2666/2287 51/2665/2286
f 47/2667/2288 49/2666/2287 56/2658/2280
f 55/2659/2281 47/2667/2288 56/2658/2280
f 47/2667/2288 55/2659/2281 54/2660/2282
f 54/2660/2282 53/2661/2283 47/2667/2288
f 53/2661/2283 45/2664/2285 47/2667/2288
f 52/2668/2289 39/2669/2290 38/2655/2278
f 52/2668/2289 38/2655/2278 51/2665/2286
f 50/2670/2291 52/2668/2289 51/2665/2286
f 50/2670/2291 51/2665/2286 49/2666/2287
f 48/2671/2292 50/2670/2291 49/2666/2287
f 48/2671/2292 49/2666/2287 47/2667/2288
f 46/2672/2293 48/2671/2292 47/2667/2288
f 46/2672/2293 47/2667/2288 45/2664/2285
f 44/2673/2294 46/2672/2293 45/2664/2285
f 44/2673/2294 45/2664/2285 43/2652/2277
f 42/2674/2295 44/2673/2294 43/2652/2277
f 42/2674/2295 43/2652/2277 34/2651/2276
f 41/2675/2296 42/2674/2295 34/2651/2276
f 41/2675/2296 34/2651/2276 35/2676/2297
f 40/2677/2298 41/2675/2296 35/2676/2297
f 40/2677/2298 35/2676/2297 37/2646/2271
f 39/2669/2290 40/2677/2298 37/2646/2271
f 39/2669/2290 37/2646/2271 38/2655/2278
f 37/2646/2271 35/2676/2297 36/2647/2272
f 36/2647/2272 35/2676/2297 33/2649/2274
f 35/2676/2297 34/2651/2276 33/2649/2274
f 15/254/242 14/2678/2299 32/255/243
f 31/2679/361 32/255/243 14/2678/2299
f 30/2680/2197 31/2679/361 14/2678/2299
f 16/2681/2216 30/2680/2197 14/2678/2299
f 28/2293/2060 29/2292/2059 18/2291/2214
f 19/2285/2300 28/2293/2060 18/2291/2214
f 27/2296/2061 28/2293/2060 19/2285/2300
f 21/2294/2301 27/2296/2061 19/2285/2300
f 26/2298/2062 27/2296/2061 21/2294/2301
f 3/2297/2096 26/2298/2062 21/2294/2301
f 3/2297/2096 21/2294/2301 22/2286/2302
f 2/2295/2204 3/2297/2096 22/2286/2302
f 2/2295/2204 22/2286/2302 25/2287/2203
f 25/2287/2203 22/2286/2302 24/2288/2202
f 22/2286/2302 20/2284/2303 24/2288/2202
f 24/2288/2202 20/2284/2303 23/2289/2206
f 20/2284/2303 17/2290/2212 23/2289/2206
f 20/2284/2303 19/2285/2300 17/2290/2212
f 22/2286/2302 21/2294/2301 20/2284/2303
f 21/2294/2301 19/2285/2300 20/2284/2303
f 19/2285/2300 18/2291/2214 17/2290/2212
f 14/2682/2299 11/2683/2215 16/2684/2216
f 15/471/242 5/469/405 14/2682/2299
f 5/469/405 6/2685/2304 14/2682/2299
f 11/2683/2215 14/2682/2299 6/2685/2304
f 10/2686/2090 11/2683/2215 6/2685/2304
f 10/2686/2090 13/2687/2055 11/2683/2215
f 13/2687/2055 12/2688/2057 11/2683/2215
f 10/2686/2090 6/2685/2304 8/2689/2091
f 9/2690/2092 8/2689/2091 7/2691/2174
f 8/2689/2091 6/2685/2304 7/2691/2174
f 7/2691/2174 6/2685/2304 4/468/404
f 6/2685/2304 5/469/405 4/468/404
f 3/2559/2096 2/2560/2204 1/2557/362
f 132/2692/2230 131/2693/2244 130/2694/2246
f 132/2692/2230 130/2694/2246 146/2695/2228
f 147/2696/2226 146/2695/2228 130/2694/2246
f 129/2697/2248 147/2696/2226 130/2694/2246
f 147/2696/2226 129/2697/2248 128/2698/2221
f 148/2699/2224 147/2696/2226 128/2698/2221
f 148/2699/2224 128/2698/2221 149/2700/2220
f 44/2701/2294 48/2702/2292 46/2703/2293
f 44/2701/2294 42/2704/2295 48/2702/2292
f 50/2705/2291 48/2702/2292 42/2704/2295
f 41/2706/2296 50/2705/2291 42/2704/2295
f 41/2706/2296 40/2707/2298 50/2705/2291
f 40/2707/2298 52/2708/2289 50/2705/2291
f 40/2707/2298 39/2709/2290 52/2708/2289
f 2312/2710/2305 2313/2711/2306 2311/2712/2307
f 2313/2711/2306 2314/2713/2308 2311/2712/2307
f 2314/2713/2308 2315/2714/2309 2311/2712/2307
f 2315/2714/2309 2316/2715/2310 2311/2712/2307
f 2306/2716/2311 2311/2717/2307 2305/2718/2312
f 2311/2717/2307 2316/2719/2310 2305/2718/2312
f 2305/2718/2312 2316/2719/2310 2310/2720/2313
f 2316/2719/2310 2315/2721/2309 2310/2720/2313
f 2310/2720/2313 2315/2721/2309 2309/2722/2314
f 2315/2721/2309 2314/2723/2308 2309/2722/2314
f 2309/2722/2314 2314/2723/2308 2308/2724/2315
f 2314/2723/2308 2313/2725/2306 2308/2724/2315
f 2308/2724/2315 2313/2725/2306 2307/2726/2316
f 2313/2725/2306 2312/2727/2305 2307/2726/2316
f 2307/2726/2316 2312/2727/2305 2306/2728/2311
f 2312/2727/2305 2311/2729/2307 2306/2728/2311
f 2310/2730/2313 2309/2731/2314 2305/2732/2312
f 2309/2731/2314 2308/2733/2315 2305/2732/2312
f 2308/2733/2315 2307/2734/2316 2305/2732/2312
f 2307/2734/2316 2306/2735/2311 2305/2732/2312
f 2348/2736/2317 2426/2737/2318 2346/2738/2319
f 2428/2739/2320 2426/2737/2318 2348/2736/2317
f 2348/2736/2317 2430/2740/2321 2428/2739/2320
f 2349/2741/2322 2430/2740/2321 2348/2736/2317
f 2352/2742/2323 2430/2740/2321 2349/2741/2322
f 2432/2743/2324 2430/2740/2321 2352/2742/2323
f 2354/2744/2325 2432/2743/2324 2352/2742/2323
f 2450/2745/2326 2432/2743/2324 2354/2744/2325
f 2356/2746/2327 2450/2745/2326 2354/2744/2325
f 2449/2747/2328 2450/2745/2326 2356/2746/2327
f 2358/2748/2329 2449/2747/2328 2356/2746/2327
f 2448/2749/2330 2449/2747/2328 2358/2748/2329
f 2358/2748/2329 2360/2750/2331 2448/2749/2330
f 2448/2749/2330 2360/2750/2331 2447/2751/2332
f 2360/2750/2331 2362/2752/2333 2447/2751/2332
f 2447/2751/2332 2362/2752/2333 2446/2753/2334
f 2362/2752/2333 2364/2754/2335 2446/2753/2334
f 2446/2753/2334 2364/2754/2335 2434/2755/2336
f 2364/2754/2335 2366/2756/2337 2434/2755/2336
f 2434/2755/2336 2366/2756/2337 2436/2757/2338
f 2436/2757/2338 2366/2756/2337 2438/2758/2339
f 2438/2758/2339 2366/2756/2337 2367/2759/2340
f 2367/2759/2340 2370/2760/2341 2438/2758/2339
f 2438/2758/2339 2370/2760/2341 2440/2761/2342
f 2445/2753/2343 2435/2755/2344 2408/2754/2345
f 2406/2752/2346 2445/2753/2343 2408/2754/2345
f 2444/2751/2347 2445/2753/2343 2406/2752/2346
f 2404/2750/2348 2444/2751/2347 2406/2752/2346
f 2443/2749/2349 2444/2751/2347 2404/2750/2348
f 2402/2748/2350 2443/2749/2349 2404/2750/2348
f 2443/2749/2349 2402/2748/2350 2442/2747/2351
f 2402/2748/2350 2399/2746/2352 2442/2747/2351
f 2442/2747/2351 2399/2746/2352 2441/2745/2353
f 2399/2746/2352 2424/2744/2354 2441/2745/2353
f 2441/2745/2353 2424/2744/2354 2431/2743/2355
f 2424/2744/2354 2422/2742/2356 2431/2743/2355
f 2431/2743/2355 2422/2742/2356 2429/2740/2357
f 2422/2742/2356 2419/2741/2358 2429/2740/2357
f 2419/2741/2358 2418/2736/2359 2429/2740/2357
f 2418/2736/2359 2427/2739/2360 2429/2740/2357
f 2427/2739/2360 2418/2736/2359 2425/2737/2361
f 2418/2736/2359 2415/2738/2362 2425/2737/2361
f 2437/2758/2363 2439/2761/2364 2414/2760/2365
f 2411/2759/2366 2437/2758/2363 2414/2760/2365
f 2437/2758/2363 2411/2759/2366 2410/2756/2367
f 2433/2757/2368 2437/2758/2363 2410/2756/2367
f 2435/2755/2344 2433/2757/2368 2410/2756/2367
f 2408/2754/2345 2435/2755/2344 2410/2756/2367
f 2357/2762/2369 2401/2763/2370 2359/2764/2371
f 2403/2765/2372 2359/2764/2371 2401/2763/2370
f 2359/2764/2371 2403/2765/2372 2361/2766/2373
f 2405/2767/2374 2361/2766/2373 2403/2765/2372
f 2361/2766/2373 2405/2767/2374 2363/2768/2375
f 2407/2769/2376 2363/2768/2375 2405/2767/2374
f 2363/2768/2375 2407/2769/2376 2365/2770/2377
f 2409/2771/2378 2365/2770/2377 2407/2769/2376
f 2365/2770/2377 2409/2771/2378 2368/2772/2379
f 2412/2773/2380 2368/2772/2379 2409/2771/2378
f 2368/2772/2379 2412/2773/2380 2369/2774/2381
f 2413/2775/2382 2369/2774/2381 2412/2773/2380
f 2369/2774/2381 2413/2775/2382 2370/2776/2341
f 2414/2777/2365 2370/2776/2341 2413/2775/2382
f 2401/2778/2370 2357/2779/2369 2400/2780/2383
f 2355/2781/2384 2400/2780/2383 2357/2779/2369
f 2400/2780/2383 2355/2781/2384 2423/2782/2385
f 2353/2783/2386 2423/2782/2385 2355/2781/2384
f 2423/2782/2385 2353/2783/2386 2421/2784/2387
f 2351/2785/2388 2421/2784/2387 2353/2783/2386
f 2421/2784/2387 2351/2785/2388 2420/2786/2389
f 2350/2787/2390 2420/2786/2389 2351/2785/2388
f 2420/2786/2389 2350/2787/2390 2417/2788/2391
f 2347/2789/2392 2417/2788/2391 2350/2787/2390
f 2417/2788/2391 2347/2789/2392 2416/2790/2393
f 2345/2791/2394 2416/2790/2393 2347/2789/2392
f 2416/2790/2393 2345/2791/2394 2415/2792/2362
f 2346/2793/2319 2415/2792/2362 2345/2791/2394
f 2370/2776/2341 2414/2777/2365 2440/2794/2342
f 2439/2795/2364 2440/2794/2342 2414/2777/2365
f 2440/2794/2342 2439/2795/2364 2438/2796/2339
f 2437/2797/2363 2438/2796/2339 2439/2795/2364
f 2438/2796/2339 2437/2797/2363 2436/2798/2338
f 2433/2799/2368 2436/2798/2338 2437/2797/2363
f 2436/2798/2338 2433/2799/2368 2434/2800/2336
f 2435/2801/2344 2434/2800/2336 2433/2799/2368
f 2384/2802/2395 2339/2803/2396 2382/2804/2397
f 2324/2805/2398 2382/2804/2397 2339/2803/2396
f 2382/2804/2397 2324/2805/2398 2380/2806/2399
f 2322/2807/2400 2380/2806/2399 2324/2805/2398
f 2380/2806/2399 2322/2807/2400 2378/2808/2401
f 2326/2809/2402 2378/2808/2401 2322/2807/2400
f 2378/2808/2401 2326/2809/2402 2376/2810/2403
f 2328/2811/2404 2376/2810/2403 2326/2809/2402
f 2376/2810/2403 2328/2811/2404 2374/2812/2405
f 2330/2813/2406 2374/2812/2405 2328/2811/2404
f 2374/2812/2405 2330/2813/2406 2372/2814/2407
f 2321/2815/2408 2372/2814/2407 2330/2813/2406
f 2432/2816/2324 2431/2817/2355 2430/2818/2321
f 2429/2819/2357 2430/2818/2321 2431/2817/2355
f 2430/2818/2321 2429/2819/2357 2428/2820/2320
f 2427/2821/2360 2428/2820/2320 2429/2819/2357
f 2428/2820/2320 2427/2821/2360 2426/2822/2318
f 2425/2823/2361 2426/2822/2318 2427/2821/2360
f 2426/2822/2318 2425/2823/2361 2346/2793/2319
f 2415/2792/2362 2346/2793/2319 2425/2823/2361
f 2399/2746/2352 2400/2824/2383 2424/2744/2354
f 2400/2824/2383 2423/2825/2385 2424/2744/2354
f 2424/2744/2354 2423/2825/2385 2422/2742/2356
f 2423/2825/2385 2421/2826/2387 2422/2742/2356
f 2422/2742/2356 2421/2826/2387 2419/2741/2358
f 2421/2826/2387 2420/2827/2389 2419/2741/2358
f 2420/2827/2389 2417/2828/2391 2419/2741/2358
f 2417/2828/2391 2418/2736/2359 2419/2741/2358
f 2418/2736/2359 2417/2828/2391 2415/2738/2362
f 2417/2828/2391 2416/2829/2393 2415/2738/2362
f 2411/2759/2366 2414/2760/2365 2413/2830/2382
f 2412/2831/2380 2411/2759/2366 2413/2830/2382
f 2411/2759/2366 2412/2831/2380 2409/2832/2378
f 2410/2756/2367 2411/2759/2366 2409/2832/2378
f 2408/2754/2345 2410/2756/2367 2409/2832/2378
f 2407/2833/2376 2408/2754/2345 2409/2832/2378
f 2406/2752/2346 2408/2754/2345 2407/2833/2376
f 2405/2834/2374 2406/2752/2346 2407/2833/2376
f 2404/2750/2348 2406/2752/2346 2405/2834/2374
f 2403/2835/2372 2404/2750/2348 2405/2834/2374
f 2402/2748/2350 2404/2750/2348 2403/2835/2372
f 2401/2836/2370 2402/2748/2350 2403/2835/2372
f 2402/2748/2350 2401/2836/2370 2399/2837/2352
f 2401/2836/2370 2400/2824/2383 2399/2837/2352
f 2385/2838/2409 2398/2839/2410 2386/2840/2411
f 2386/2840/2411 2398/2839/2410 2387/2841/2412
f 2398/2839/2410 2397/2842/2413 2387/2841/2412
f 2387/2841/2412 2397/2842/2413 2388/2843/2414
f 2397/2842/2413 2396/2844/2415 2388/2843/2414
f 2388/2843/2414 2396/2844/2415 2389/2845/2416
f 2396/2844/2415 2395/2846/2417 2389/2845/2416
f 2389/2845/2416 2395/2846/2417 2390/2847/2418
f 2395/2846/2417 2394/2848/2419 2390/2847/2418
f 2390/2847/2418 2394/2848/2419 2391/2849/2420
f 2394/2848/2419 2393/2850/2421 2391/2849/2420
f 2391/2849/2420 2393/2850/2421 2392/2851/2422
f 2393/2852/2421 2384/2853/2395 2392/2851/2422
f 2392/2851/2422 2384/2853/2395 2383/2854/2423
f 2383/2854/2423 2391/2849/2420 2392/2851/2422
f 2381/2855/2424 2391/2849/2420 2383/2854/2423
f 2381/2855/2424 2390/2847/2418 2391/2849/2420
f 2379/2856/2425 2390/2847/2418 2381/2855/2424
f 2379/2856/2425 2389/2845/2416 2390/2847/2418
f 2377/2857/2426 2389/2845/2416 2379/2856/2425
f 2377/2857/2426 2388/2843/2414 2389/2845/2416
f 2375/2858/2427 2388/2843/2414 2377/2857/2426
f 2375/2858/2427 2387/2841/2412 2388/2843/2414
f 2373/2859/2428 2387/2841/2412 2375/2858/2427
f 2373/2859/2428 2386/2840/2411 2387/2841/2412
f 2371/2860/2429 2386/2840/2411 2373/2859/2428
f 2371/2860/2429 2385/2861/2409 2386/2840/2411
f 2372/2862/2407 2385/2861/2409 2371/2860/2429
f 2384/2863/2395 2382/2864/2397 2383/2854/2423
f 2383/2854/2423 2382/2864/2397 2381/2855/2424
f 2382/2864/2397 2380/2865/2399 2381/2855/2424
f 2381/2855/2424 2380/2865/2399 2379/2856/2425
f 2380/2865/2399 2378/2866/2401 2379/2856/2425
f 2379/2856/2425 2378/2866/2401 2377/2857/2426
f 2378/2866/2401 2376/2867/2403 2377/2857/2426
f 2377/2857/2426 2376/2867/2403 2375/2858/2427
f 2376/2867/2403 2374/2868/2405 2375/2858/2427
f 2375/2858/2427 2374/2868/2405 2373/2859/2428
f 2374/2868/2405 2372/2869/2407 2373/2859/2428
f 2373/2859/2428 2372/2869/2407 2371/2860/2429
f 2367/2759/2340 2369/2830/2381 2370/2760/2341
f 2368/2831/2379 2369/2830/2381 2367/2759/2340
f 2367/2759/2340 2365/2832/2377 2368/2831/2379
f 2366/2756/2337 2365/2832/2377 2367/2759/2340
f 2364/2754/2335 2365/2832/2377 2366/2756/2337
f 2363/2833/2375 2365/2832/2377 2364/2754/2335
f 2362/2752/2333 2363/2833/2375 2364/2754/2335
f 2361/2834/2373 2363/2833/2375 2362/2752/2333
f 2360/2750/2331 2361/2834/2373 2362/2752/2333
f 2359/2835/2371 2361/2834/2373 2360/2750/2331
f 2358/2748/2329 2359/2835/2371 2360/2750/2331
f 2357/2836/2369 2359/2835/2371 2358/2748/2329
f 2358/2748/2329 2356/2837/2327 2357/2836/2369
f 2357/2836/2369 2356/2837/2327 2355/2824/2384
f 2356/2746/2327 2354/2744/2325 2355/2824/2384
f 2355/2824/2384 2354/2744/2325 2353/2825/2386
f 2354/2744/2325 2352/2742/2323 2353/2825/2386
f 2353/2825/2386 2352/2742/2323 2351/2826/2388
f 2352/2742/2323 2349/2741/2322 2351/2826/2388
f 2351/2826/2388 2349/2741/2322 2350/2827/2390
f 2350/2827/2390 2349/2741/2322 2347/2828/2392
f 2347/2828/2392 2349/2741/2322 2348/2736/2317
f 2348/2736/2317 2346/2738/2319 2347/2828/2392
f 2347/2828/2392 2346/2738/2319 2345/2829/2394
f 2343/2852/2430 2344/2851/2431 2339/2853/2396
f 2344/2851/2431 2338/2854/2432 2339/2853/2396
f 2338/2854/2432 2344/2851/2431 2340/2849/2433
f 2340/2849/2433 2344/2851/2431 2343/2850/2430
f 2342/2848/2434 2340/2849/2433 2343/2850/2430
f 2341/2847/2435 2340/2849/2433 2342/2848/2434
f 2337/2846/2436 2341/2847/2435 2342/2848/2434
f 2336/2845/2437 2341/2847/2435 2337/2846/2436
f 2331/2859/2438 2329/2858/2439 2332/2841/2440
f 2329/2858/2439 2334/2843/2441 2332/2841/2440
f 2329/2858/2439 2327/2857/2442 2334/2843/2441
f 2327/2857/2442 2336/2845/2437 2334/2843/2441
f 2327/2857/2442 2325/2856/2443 2336/2845/2437
f 2325/2856/2443 2341/2847/2435 2336/2845/2437
f 2325/2856/2443 2323/2855/2444 2341/2847/2435
f 2323/2855/2444 2340/2849/2433 2341/2847/2435
f 2323/2855/2444 2338/2854/2432 2340/2849/2433
f 2338/2854/2432 2323/2855/2444 2324/2864/2398
f 2339/2863/2396 2338/2854/2432 2324/2864/2398
f 2335/2844/2445 2336/2845/2437 2337/2846/2436
f 2334/2843/2441 2336/2845/2437 2335/2844/2445
f 2333/2842/2446 2334/2843/2441 2335/2844/2445
f 2332/2841/2440 2334/2843/2441 2333/2842/2446
f 2317/2839/2447 2332/2841/2440 2333/2842/2446
f 2318/2840/2448 2332/2841/2440 2317/2839/2447
f 2331/2859/2438 2332/2841/2440 2318/2840/2448
f 2320/2860/2449 2331/2859/2438 2318/2840/2448
f 2331/2859/2438 2320/2860/2449 2321/2869/2408
f 2330/2868/2406 2331/2859/2438 2321/2869/2408
f 2329/2858/2439 2331/2859/2438 2330/2868/2406
f 2328/2867/2404 2329/2858/2439 2330/2868/2406
f 2327/2857/2442 2329/2858/2439 2328/2867/2404
f 2326/2866/2402 2327/2857/2442 2328/2867/2404
f 2325/2856/2443 2327/2857/2442 2326/2866/2402
f 2322/2865/2400 2325/2856/2443 2326/2866/2402
f 2323/2855/2444 2325/2856/2443 2322/2865/2400
f 2324/2864/2398 2323/2855/2444 2322/2865/2400
f 2321/2862/2408 2320/2860/2449 2319/2861/2450
f 2320/2860/2449 2318/2840/2448 2319/2861/2450
f 2319/2838/2450 2318/2840/2448 2317/2839/2447
f 2516/2949/2512 2514/2950/2513 2511/2951/2514
f 2514/2950/2513 2515/2952/2515 2511/2951/2514
f 2515/2952/2515 2509/2953/2516 2511/2951/2514
f 2509/2953/2516 2510/2954/2517 2511/2951/2514
f 2513/2955/2518 2514/2956/2513 2512/2957/2519
f 2514/2956/2513 2516/2958/2512 2512/2957/2519
f 2516/2958/2512 2511/2959/2514 2512/2957/2519
f 2509/2960/2516 2515/2961/2515 2508/2962/2520
f 2515/2961/2515 2507/2963/2521 2508/2962/2520
f 2507/2963/2521 2515/2961/2515 2514/2964/2513
f 2513/2965/2518 2507/2963/2521 2514/2964/2513
f 2507/2963/2521 2513/2965/2518 2506/2966/2522
f 2513/2965/2518 2512/2957/2519 2506/2966/2522
f 2511/2959/2514 2506/2966/2522 2512/2957/2519
f 2506/2966/2522 2511/2959/2514 2505/2967/2523
f 2511/2959/2514 2510/2968/2517 2505/2967/2523
f 2510/2968/2517 2509/2969/2516 2505/2967/2523
f 2509/2969/2516 2508/2970/2520 2505/2967/2523
f 2508/2971/2520 2507/2972/2521 2505/2967/2523
f 2507/2972/2521 2506/2966/2522 2505/2967/2523
f 2522/2973/2524 2519/2974/2525 2525/2975/2526
f 2519/2974/2525 2526/2976/2527 2525/2975/2526
f 2519/2977/2525 2517/2978/2528 2526/2979/2527
f 2517/2978/2528 2524/2980/2529 2526/2979/2527
f 2523/2981/2530 2520/2982/2531 2525/2983/2526
f 2520/2982/2531 2522/2984/2524 2525/2983/2526
f 2522/2984/2524 2529/2985/2532 2528/2986/2533
f 2522/2984/2524 2521/2987/2534 2529/2985/2532
f 2521/2987/2534 2518/2988/2535 2529/2985/2532
f 2530/2989/2536 2519/2977/2525 2527/2990/2537
f 2519/2977/2525 2530/2989/2536 2518/2988/2535
f 2518/2988/2535 2530/2989/2536 2529/2985/2532
f 2530/2989/2536 2527/2991/2537 2529/2985/2532
f 2527/2991/2537 2528/2992/2533 2529/2985/2532
f 2528/2992/2533 2527/2991/2537 2522/2993/2524
f 2527/2991/2537 2519/2994/2525 2522/2993/2524
f 2526/2995/2527 2524/2996/2529 2525/2997/2526
f 2524/2996/2529 2523/2998/2530 2525/2997/2526
f 2524/2996/2529 2517/2999/2528 2523/2998/2530
f 2517/2999/2528 2520/3000/2531 2523/2998/2530
f 2521/2987/2534 2522/2984/2524 2520/2982/2531
f 2517/2999/2528 2518/2988/2535 2520/3000/2531
f 2518/2988/2535 2521/2987/2534 2520/3000/2531
f 2519/2977/2525 2518/2988/2535 2517/2978/2528
f 2539/3001/2538 2537/3002/2539 2555/3003/2540
f 2537/3002/2539 2560/3004/2541 2555/3003/2540
f 2560/3004/2541 2537/3002/2539 2538/3005/2542
f 2558/3006/2543 2560/3004/2541 2538/3005/2542
f 2543/3007/2544 2535/3008/2545 2534/3009/2546
f 2534/3009/2546 2550/3010/2547 2543/3007/2544
f 2534/3009/2546 2555/3011/2540 2550/3010/2547
f 2539/3012/2538 2555/3011/2540 2534/3009/2546
f 2532/3013/2548 2545/3014/2549 2531/3015/2550
f 2545/3014/2549 2548/3016/2551 2531/3015/2550
f 2548/3016/2551 2558/3017/2543 2531/3015/2550
f 2558/3017/2543 2538/3018/2542 2531/3015/2550
f 2532/3019/2548 2533/3020/2552 2545/3021/2549
f 2533/3020/2552 2544/3022/2553 2545/3021/2549
f 2544/3022/2553 2533/3020/2552 2535/3023/2545
f 2543/3024/2544 2544/3022/2553 2535/3023/2545
f 2560/3025/2541 2558/3026/2543 2559/3027/2554
f 2555/3028/2540 2560/3025/2541 2554/3029/2555
f 2560/3025/2541 2556/3030/2556 2554/3029/2555
f 2556/3030/2556 2560/3025/2541 2559/3027/2554
f 2556/3030/2556 2559/3027/2554 2557/3031/2557
f 2559/3027/2554 2558/3032/2543 2557/3031/2557
f 2558/3032/2543 2548/3033/2551 2557/3031/2557
f 2548/3034/2551 2549/3035/2558 2557/3031/2557
f 2549/3035/2558 2553/3036/2559 2557/3031/2557
f 2553/3036/2559 2556/3030/2556 2557/3031/2557
f 2556/3030/2556 2553/3036/2559 2552/3037/2560
f 2554/3029/2555 2556/3030/2556 2552/3037/2560
f 2552/3037/2560 2550/3038/2547 2554/3029/2555
f 2550/3038/2547 2555/3039/2540 2554/3029/2555
f 2553/3036/2559 2549/3035/2558 2552/3037/2560
f 2549/3035/2558 2550/3040/2547 2552/3037/2560
f 2545/3041/2549 2546/3042/2561 2548/3043/2551
f 2546/3042/2561 2547/3044/2562 2548/3043/2551
f 2550/3045/2547 2551/3046/2563 2543/3047/2544
f 2551/3046/2563 2540/3048/2564 2543/3047/2544
f 2551/3046/2563 2542/3049/2565 2540/3048/2564
f 2542/3049/2565 2551/3046/2563 2550/3040/2547
f 2549/3035/2558 2542/3049/2565 2550/3040/2547
f 2542/3049/2565 2549/3035/2558 2548/3034/2551
f 2547/3044/2562 2542/3049/2565 2548/3034/2551
f 2542/3049/2565 2547/3044/2562 2546/3042/2561
f 2541/3050/2566 2542/3049/2565 2546/3042/2561
f 2541/3050/2566 2546/3042/2561 2545/3051/2549
f 2544/3052/2553 2541/3050/2566 2545/3051/2549
f 2541/3050/2566 2544/3052/2553 2543/3053/2544
f 2540/3048/2564 2541/3050/2566 2543/3053/2544
f 2542/3049/2565 2541/3050/2566 2540/3048/2564
f 2536/3054/2567 2537/3055/2539 2534/3056/2546
f 2537/3055/2539 2539/3057/2538 2534/3056/2546
f 2538/3058/2542 2537/3055/2539 2531/3059/2550
f 2537/3055/2539 2536/3054/2567 2531/3059/2550
f 2536/3054/2567 2533/3060/2552 2531/3059/2550
f 2533/3060/2552 2536/3054/2567 2534/3056/2546
f 2535/3061/2545 2533/3060/2552 2534/3056/2546
f 2533/3060/2552 2532/3062/2548 2531/3059/2550
f 2573/3063/2568 2575/3064/2569 2564/3065/2570
f 2575/3064/2569 2563/3066/2571 2564/3065/2570
f 2562/3067/2572 2576/3068/2573 2561/3069/2574
f 2576/3068/2573 2574/3070/2575 2561/3069/2574
f 2563/3071/2571 2575/3064/2569 2562/3072/2572
f 2575/3064/2569 2576/3068/2573 2562/3072/2572
f 2576/3068/2573 2575/3064/2569 2574/3070/2575
f 2575/3064/2569 2573/3063/2568 2574/3070/2575
f 2574/3070/2575 2573/3063/2568 2561/3073/2574
f 2573/3063/2568 2564/3074/2570 2561/3073/2574
f 2569/3075/2576 2571/3076/2577 2568/3077/2578
f 2571/3076/2577 2567/3078/2579 2568/3077/2578
f 2567/3079/2579 2571/3076/2577 2566/3080/2580
f 2571/3076/2577 2572/3081/2581 2566/3080/2580
f 2572/3081/2581 2571/3076/2577 2570/3082/2582
f 2571/3076/2577 2569/3075/2576 2570/3082/2582
f 2570/3082/2582 2569/3075/2576 2565/3083/2583
f 2569/3075/2576 2568/3084/2578 2565/3083/2583
f 2568/3084/2578 2567/3085/2579 2565/3083/2583
f 2567/3085/2579 2566/3086/2580 2565/3083/2583
f 2564/3087/2570 2563/3088/2571 2561/3089/2574
f 2563/3088/2571 2562/3090/2572 2561/3089/2574
f 2624/3091/2584 2579/3092/2585 2623/3093/2586
f 2579/3092/2585 2580/3094/2587 2623/3093/2586
f 2577/3095/2588 2578/3096/2589 2622/3097/2590
f 2578/3096/2589 2625/3098/2591 2622/3097/2590
f 2578/3099/2589 2579/3100/2585 2625/3098/2591
f 2579/3100/2585 2624/3091/2584 2625/3098/2591
f 2625/3098/2591 2624/3091/2584 2622/3097/2590
f 2624/3091/2584 2623/3093/2586 2622/3097/2590
f 2623/3093/2586 2580/3101/2587 2622/3097/2590
f 2580/3101/2587 2577/3102/2588 2622/3097/2590
f 2616/3103/2592 2620/3104/2593 2615/3105/2594
f 2620/3104/2593 2621/3106/2595 2615/3105/2594
f 2615/3107/2594 2621/3106/2595 2614/3108/2596
f 2621/3106/2595 2619/3109/2597 2614/3108/2596
f 2621/3106/2595 2620/3104/2593 2619/3109/2597
f 2620/3104/2593 2618/3110/2598 2619/3109/2597
f 2618/3110/2598 2620/3104/2593 2617/3111/2599
f 2620/3104/2593 2616/3112/2592 2617/3111/2599
f 2619/3109/2597 2618/3110/2598 2614/3113/2596
f 2618/3110/2598 2617/3114/2599 2614/3113/2596
f 2617/3115/2599 2616/3116/2592 2614/3117/2596
f 2616/3116/2592 2615/3118/2594 2614/3117/2596
f 2613/3119/2600 2611/3120/2601 2608/3121/2602
f 2609/3122/2603 2613/3119/2600 2608/3121/2602
f 2612/3123/2604 2613/3119/2600 2609/3122/2603
f 2610/3124/2605 2612/3123/2604 2609/3122/2603
f 2611/3125/2601 2612/3123/2604 2610/3124/2605
f 2608/3126/2602 2611/3125/2601 2610/3124/2605
f 2608/3126/2602 2610/3124/2605 2606/3127/2606
f 2604/3128/2607 2608/3126/2602 2606/3127/2606
f 2604/3128/2607 2606/3127/2606 2607/3129/2608
f 2602/3130/2609 2604/3128/2607 2607/3129/2608
f 2602/3130/2609 2607/3129/2608 2588/3131/2610
f 2607/3129/2608 2586/3132/2611 2588/3131/2610
f 2607/3129/2608 2603/3133/2612 2586/3132/2611
f 2603/3133/2612 2585/3134/2613 2586/3132/2611
f 2606/3127/2606 2610/3124/2605 2605/3135/2614
f 2610/3124/2605 2609/3122/2603 2605/3135/2614
f 2605/3135/2614 2609/3122/2603 2604/3136/2607
f 2609/3122/2603 2608/3121/2602 2604/3136/2607
f 2607/3129/2608 2606/3127/2606 2603/3133/2612
f 2606/3127/2606 2605/3135/2614 2603/3133/2612
f 2603/3133/2612 2605/3135/2614 2602/3137/2609
f 2605/3135/2614 2604/3136/2607 2602/3137/2609
f 2603/3133/2612 2602/3137/2609 2585/3134/2613
f 2602/3137/2609 2588/3138/2610 2585/3134/2613
f 2585/3134/2613 2588/3138/2610 2589/3139/2615
f 2584/3140/2616 2585/3134/2613 2589/3139/2615
f 2584/3140/2616 2589/3139/2615 2591/3141/2617
f 2597/3142/2618 2584/3140/2616 2591/3141/2617
f 2597/3142/2618 2591/3141/2617 2582/3143/2619
f 2598/3144/2620 2597/3142/2618 2582/3143/2619
f 2598/3144/2620 2582/3143/2619 2583/3145/2621
f 2593/3146/2622 2598/3144/2620 2583/3145/2621
f 2593/3146/2622 2583/3145/2621 2596/3147/2623
f 2594/3148/2624 2593/3146/2622 2596/3147/2623
f 2594/3148/2624 2596/3147/2623 2600/3149/2625
f 2601/3150/2626 2594/3148/2624 2600/3149/2625
f 2595/3151/2627 2594/3148/2624 2601/3150/2626
f 2599/3152/2628 2595/3151/2627 2601/3150/2626
f 2596/3153/2623 2595/3151/2627 2599/3152/2628
f 2600/3154/2625 2596/3153/2623 2599/3152/2628
f 2592/3155/2629 2598/3144/2620 2593/3146/2622
f 2592/3155/2629 2590/3156/2630 2598/3144/2620
f 2590/3156/2630 2597/3142/2618 2598/3144/2620
f 2590/3156/2630 2587/3157/2631 2597/3142/2618
f 2587/3157/2631 2584/3140/2616 2597/3142/2618
f 2596/3153/2623 2583/3158/2621 2595/3151/2627
f 2583/3158/2621 2581/3159/2632 2595/3151/2627
f 2595/3151/2627 2581/3159/2632 2594/3148/2624
f 2581/3159/2632 2593/3146/2622 2594/3148/2624
f 2581/3159/2632 2592/3155/2629 2593/3146/2622
f 2582/3160/2619 2592/3155/2629 2581/3159/2632
f 2582/3160/2619 2591/3161/2617 2592/3155/2629
f 2591/3161/2617 2590/3156/2630 2592/3155/2629
f 2591/3161/2617 2589/3162/2615 2590/3156/2630
f 2589/3162/2615 2587/3157/2631 2590/3156/2630
f 2589/3162/2615 2588/3131/2610 2587/3157/2631
f 2588/3131/2610 2586/3132/2611 2587/3157/2631
f 2587/3157/2631 2586/3132/2611 2584/3140/2616
f 2586/3132/2611 2585/3134/2613 2584/3140/2616
f 2583/3158/2621 2582/3160/2619 2581/3159/2632
f 2580/3163/2587 2579/3164/2585 2577/3165/2588
f 2579/3164/2585 2578/3166/2589 2577/3165/2588
f 2630/3167/2633 2664/3168/2634 2629/3169/2635
f 2664/3168/2634 2667/3167/2636 2629/3169/2635
f 2667/3167/2636 2648/3170/2637 2629/3169/2635
f 2667/3167/2636 2676/3171/2638 2648/3170/2637
f 2676/3171/2638 2656/3172/2639 2648/3170/2637
f 2676/3171/2638 2674/3173/2640 2656/3172/2639
f 2674/3173/2640 2677/3174/2641 2656/3172/2639
f 2677/3174/2641 2674/3173/2640 2675/3175/2642
f 2678/3176/2643 2677/3174/2641 2675/3175/2642
f 2678/3176/2643 2675/3175/2642 2666/3177/2644
f 2679/3178/2645 2678/3176/2643 2666/3177/2644
f 2679/3178/2645 2666/3177/2644 2627/3179/2646
f 2628/3180/2647 2679/3178/2645 2627/3179/2646
f 2680/3181/2648 2679/3178/2645 2628/3180/2647
f 2643/3182/2649 2680/3181/2648 2628/3180/2647
f 2681/3183/2650 2680/3181/2648 2643/3182/2649
f 2645/3184/2651 2681/3183/2650 2643/3182/2649
f 2666/3185/2644 2681/3183/2650 2645/3184/2651
f 2666/3185/2644 2675/3186/2642 2681/3183/2650
f 2675/3186/2642 2673/3187/2652 2681/3183/2650
f 2681/3183/2650 2673/3187/2652 2680/3181/2648
f 2673/3187/2652 2672/3188/2653 2680/3181/2648
f 2680/3181/2648 2672/3188/2653 2679/3178/2645
f 2672/3188/2653 2678/3176/2643 2679/3178/2645
f 2672/3188/2653 2670/3189/2654 2678/3176/2643
f 2670/3189/2654 2677/3174/2641 2678/3176/2643
f 2677/3174/2641 2670/3189/2654 2669/3190/2655
f 2656/3172/2639 2677/3174/2641 2669/3190/2655
f 2656/3172/2639 2669/3190/2655 2655/3191/2656
f 2655/3191/2656 2669/3190/2655 2665/3192/2657
f 2668/3193/2658 2676/3194/2638 2667/3195/2636
f 2668/3193/2658 2671/3196/2659 2676/3194/2638
f 2671/3196/2659 2674/3197/2640 2676/3194/2638
f 2675/3186/2642 2674/3197/2640 2673/3187/2652
f 2674/3197/2640 2671/3196/2659 2673/3187/2652
f 2673/3187/2652 2671/3196/2659 2672/3188/2653
f 2671/3196/2659 2670/3189/2654 2672/3188/2653
f 2670/3189/2654 2671/3196/2659 2668/3193/2658
f 2669/3190/2655 2670/3189/2654 2668/3193/2658
f 2669/3190/2655 2668/3193/2658 2665/3192/2657
f 2665/3192/2657 2668/3193/2658 2667/3195/2636
f 2665/3192/2657 2667/3195/2636 2664/3198/2634
f 2627/3199/2646 2666/3185/2644 2645/3184/2651
f 2655/3191/2656 2665/3192/2657 2657/3200/2660
f 2657/3200/2660 2665/3192/2657 2664/3198/2634
f 2658/3192/2661 2657/3200/2660 2664/3198/2634
f 2630/3195/2633 2658/3192/2661 2664/3198/2634
f 2659/3193/2662 2658/3192/2661 2630/3195/2633
f 2632/3194/2663 2659/3193/2662 2630/3195/2633
f 2660/3196/2664 2659/3193/2662 2632/3194/2663
f 2634/3197/2665 2660/3196/2664 2632/3194/2663
f 2660/3196/2664 2634/3197/2665 2661/3187/2666
f 2634/3197/2665 2636/3186/2667 2661/3187/2666
f 2661/3187/2666 2636/3186/2667 2662/3183/2668
f 2636/3186/2667 2638/3185/2669 2662/3183/2668
f 2662/3183/2668 2638/3185/2669 2663/3184/2670
f 2638/3185/2669 2640/3199/2671 2663/3184/2670
f 2663/3184/2670 2640/3199/2671 2646/3201/2672
f 2640/3199/2671 2626/3202/2673 2646/3201/2672
f 2626/3202/2673 2627/3199/2646 2646/3201/2672
f 2627/3199/2646 2645/3184/2651 2646/3201/2672
f 2663/3184/2670 2646/3201/2672 2644/3203/2674
f 2654/3182/2675 2663/3184/2670 2644/3203/2674
f 2662/3183/2668 2663/3184/2670 2654/3182/2675
f 2653/3181/2676 2662/3183/2668 2654/3182/2675
f 2661/3187/2666 2662/3183/2668 2653/3181/2676
f 2652/3188/2677 2661/3187/2666 2653/3181/2676
f 2660/3196/2664 2661/3187/2666 2652/3188/2677
f 2651/3189/2678 2660/3196/2664 2652/3188/2677
f 2660/3196/2664 2651/3189/2678 2659/3193/2662
f 2651/3189/2678 2650/3190/2679 2659/3193/2662
f 2659/3193/2662 2650/3190/2679 2658/3192/2661
f 2650/3190/2679 2649/3191/2680 2658/3192/2661
f 2658/3192/2661 2649/3191/2680 2657/3200/2660
f 2649/3191/2680 2647/3204/2681 2657/3200/2660
f 2647/3204/2681 2655/3191/2656 2657/3200/2660
f 2648/3170/2637 2655/3191/2656 2647/3204/2681
f 2648/3170/2637 2656/3172/2639 2655/3191/2656
f 2654/3182/2675 2644/3203/2674 2642/3205/2682
f 2641/3180/2683 2654/3182/2675 2642/3205/2682
f 2653/3181/2676 2654/3182/2675 2641/3180/2683
f 2639/3178/2684 2653/3181/2676 2641/3180/2683
f 2652/3188/2677 2653/3181/2676 2639/3178/2684
f 2637/3176/2685 2652/3188/2677 2639/3178/2684
f 2651/3189/2678 2652/3188/2677 2637/3176/2685
f 2635/3174/2686 2651/3189/2678 2637/3176/2685
f 2651/3189/2678 2635/3174/2686 2650/3190/2679
f 2635/3174/2686 2633/3172/2687 2650/3190/2679
f 2650/3190/2679 2633/3172/2687 2649/3191/2680
f 2633/3172/2687 2631/3170/2688 2649/3191/2680
f 2649/3191/2680 2631/3170/2688 2647/3204/2681
f 2631/3170/2688 2629/3169/2635 2647/3204/2681
f 2629/3169/2635 2648/3170/2637 2647/3204/2681
f 2646/3201/2672 2645/3184/2651 2644/3203/2674
f 2645/3184/2651 2643/3182/2649 2644/3203/2674
f 2644/3203/2674 2643/3182/2649 2642/3205/2682
f 2643/3182/2649 2628/3180/2647 2642/3205/2682
f 2642/3205/2682 2628/3180/2647 2626/3206/2673
f 2641/3180/2683 2642/3205/2682 2626/3206/2673
f 2640/3179/2671 2641/3180/2683 2626/3206/2673
f 2639/3178/2684 2641/3180/2683 2640/3179/2671
f 2638/3177/2669 2639/3178/2684 2640/3179/2671
f 2637/3176/2685 2639/3178/2684 2638/3177/2669
f 2636/3175/2667 2637/3176/2685 2638/3177/2669
f 2635/3174/2686 2637/3176/2685 2636/3175/2667
f 2634/3173/2665 2635/3174/2686 2636/3175/2667
f 2635/3174/2686 2634/3173/2665 2633/3172/2687
f 2634/3173/2665 2632/3171/2663 2633/3172/2687
f 2633/3172/2687 2632/3171/2663 2631/3170/2688
f 2632/3171/2663 2630/3167/2633 2631/3170/2688
f 2631/3170/2688 2630/3167/2633 2629/3169/2635
f 2628/3180/2647 2627/3179/2646 2626/3206/2673
usemtl ct_urban_glass_exp
f 2372/2814/2407 2321/2815/2408 2502/2870/2451
f 2477/2871/2452 2502/2870/2451 2321/2815/2408
f 2502/2870/2451 2477/2871/2452 2500/2872/2453
f 2475/2873/2454 2500/2872/2453 2477/2871/2452
f 2500/2872/2453 2475/2873/2454 2499/2874/2455
f 2474/2875/2456 2499/2874/2455 2475/2873/2454
f 2499/2874/2455 2474/2875/2456 2498/2876/2457
f 2467/2877/2458 2498/2876/2457 2474/2875/2456
f 2498/2876/2457 2467/2877/2458 2504/2878/2459
f 2466/2879/2460 2504/2878/2459 2467/2877/2458
f 2504/2878/2459 2466/2879/2460 2503/2880/2461
f 2465/2881/2462 2503/2880/2461 2466/2879/2460
f 2503/2880/2461 2465/2881/2462 2495/2882/2463
f 2461/2883/2464 2495/2882/2463 2465/2881/2462
f 2495/2882/2463 2461/2883/2464 2494/2884/2465
f 2462/2885/2466 2494/2884/2465 2461/2883/2464
f 2494/2884/2465 2462/2885/2466 2496/2886/2467
f 2463/2887/2468 2496/2886/2467 2462/2885/2466
f 2496/2886/2467 2463/2887/2468 2432/2816/2324
f 2431/2817/2355 2432/2816/2324 2463/2887/2468
f 2434/2800/2336 2435/2801/2344 2481/2888/2469
f 2460/2889/2470 2481/2888/2469 2435/2801/2344
f 2481/2888/2469 2460/2889/2470 2483/2890/2471
f 2459/2891/2472 2483/2890/2471 2460/2889/2470
f 2483/2890/2471 2459/2891/2472 2478/2892/2473
f 2452/2893/2474 2478/2892/2473 2459/2891/2472
f 2478/2892/2473 2452/2893/2474 2480/2894/2475
f 2453/2895/2476 2480/2894/2475 2452/2893/2474
f 2480/2894/2475 2453/2895/2476 2479/2896/2477
f 2451/2897/2478 2479/2896/2477 2453/2895/2476
f 2479/2896/2477 2451/2897/2478 2485/2898/2479
f 2457/2899/2480 2485/2898/2479 2451/2897/2478
f 2485/2898/2479 2457/2899/2480 2486/2900/2481
f 2454/2901/2482 2486/2900/2481 2457/2899/2480
f 2486/2900/2481 2454/2901/2482 2488/2902/2483
f 2473/2903/2484 2488/2902/2483 2454/2901/2482
f 2488/2902/2483 2473/2903/2484 2501/2904/2485
f 2476/2905/2486 2501/2904/2485 2473/2903/2484
f 2501/2904/2485 2476/2905/2486 2384/2802/2395
f 2339/2803/2396 2384/2802/2395 2476/2905/2486
f 2497/2906/2487 2498/2907/2457 2504/2908/2459
f 2504/2908/2459 2503/2909/2461 2497/2906/2487
f 2497/2906/2487 2503/2909/2461 2495/2910/2463
f 2372/2911/2407 2502/2912/2451 2385/2913/2409
f 2385/2913/2409 2502/2912/2451 2500/2914/2453
f 2393/2915/2421 2501/2916/2485 2384/2917/2395
f 2488/2918/2483 2501/2916/2485 2393/2915/2421
f 2393/2915/2421 2489/2919/2488 2488/2918/2483
f 2394/2920/2419 2489/2919/2488 2393/2915/2421
f 2395/2921/2417 2489/2919/2488 2394/2920/2419
f 2490/2922/2489 2489/2919/2488 2395/2921/2417
f 2396/2923/2415 2490/2922/2489 2395/2921/2417
f 2397/2924/2413 2490/2922/2489 2396/2923/2415
f 2397/2924/2413 2491/2925/2490 2490/2922/2489
f 2398/2926/2410 2491/2925/2490 2397/2924/2413
f 2385/2913/2409 2491/2925/2490 2398/2926/2410
f 2385/2913/2409 2500/2914/2453 2491/2925/2490
f 2500/2914/2453 2499/2927/2455 2491/2925/2490
f 2491/2925/2490 2499/2927/2455 2492/2928/2491
f 2499/2927/2455 2498/2907/2457 2492/2928/2491
f 2492/2928/2491 2498/2907/2457 2493/2929/2492
f 2493/2929/2492 2498/2907/2457 2497/2906/2487
f 2497/2906/2487 2432/2930/2324 2493/2929/2492
f 2496/2931/2467 2432/2930/2324 2497/2906/2487
f 2497/2906/2487 2495/2910/2463 2496/2931/2467
f 2496/2931/2467 2495/2910/2463 2494/2932/2465
f 2482/2933/2493 2484/2934/2494 2481/2935/2469
f 2481/2935/2469 2484/2934/2494 2434/2936/2336
f 2484/2934/2494 2446/2937/2334 2434/2936/2336
f 2487/2938/2495 2446/2937/2334 2484/2934/2494
f 2487/2938/2495 2447/2939/2332 2446/2937/2334
f 2493/2929/2492 2432/2930/2324 2492/2928/2491
f 2492/2928/2491 2432/2930/2324 2450/2940/2326
f 2492/2928/2491 2450/2940/2326 2491/2925/2490
f 2491/2925/2490 2450/2940/2326 2449/2941/2328
f 2449/2941/2328 2448/2942/2330 2491/2925/2490
f 2491/2925/2490 2448/2942/2330 2490/2922/2489
f 2448/2942/2330 2447/2939/2332 2490/2922/2489
f 2490/2922/2489 2447/2939/2332 2489/2919/2488
f 2489/2919/2488 2447/2939/2332 2487/2938/2495
f 2487/2938/2495 2488/2918/2483 2489/2919/2488
f 2486/2943/2481 2488/2918/2483 2487/2938/2495
f 2484/2934/2494 2486/2943/2481 2487/2938/2495
f 2485/2944/2479 2486/2943/2481 2484/2934/2494
f 2484/2934/2494 2479/2945/2477 2485/2944/2479
f 2482/2933/2493 2479/2945/2477 2484/2934/2494
f 2478/2946/2473 2479/2945/2477 2482/2933/2493
f 2478/2946/2473 2482/2933/2493 2483/2947/2471
f 2483/2947/2471 2482/2933/2493 2481/2935/2469
f 2480/2948/2475 2479/2945/2477 2478/2946/2473
f 2321/2911/2408 2319/2913/2450 2477/2912/2452
f 2319/2913/2450 2475/2914/2454 2477/2912/2452
f 2319/2913/2496 2470/2925/2497 2475/2914/2454
f 2319/2913/2496 2317/2926/2498 2470/2925/2497
f 2317/2926/2498 2333/2924/2499 2470/2925/2497
f 2333/2924/2499 2471/2922/2500 2470/2925/2497
f 2333/2924/2499 2335/2923/2501 2471/2922/2500
f 2335/2923/2501 2337/2921/2502 2471/2922/2500
f 2471/2922/2500 2337/2921/2502 2472/2919/2503
f 2337/2921/2502 2342/2920/2504 2472/2919/2503
f 2342/2920/2504 2343/2915/2505 2472/2919/2503
f 2343/2915/2505 2473/2918/2484 2472/2919/2503
f 2473/2918/2484 2343/2915/2430 2476/2916/2486
f 2343/2915/2430 2339/2917/2396 2476/2916/2486
f 2475/2914/2454 2470/2925/2497 2474/2927/2456
f 2470/2925/2497 2469/2928/2506 2474/2927/2456
f 2474/2927/2456 2469/2928/2506 2467/2907/2458
f 2469/2928/2506 2468/2929/2507 2467/2907/2458
f 2463/2931/2468 2464/2906/2508 2431/2930/2355
f 2454/2943/2482 2455/2938/2509 2473/2918/2484
f 2455/2938/2509 2472/2919/2503 2473/2918/2484
f 2472/2919/2503 2455/2938/2509 2444/2939/2347
f 2471/2922/2500 2472/2919/2503 2444/2939/2347
f 2443/2942/2349 2471/2922/2500 2444/2939/2347
f 2470/2925/2497 2471/2922/2500 2443/2942/2349
f 2442/2941/2351 2470/2925/2497 2443/2942/2349
f 2470/2925/2497 2442/2941/2351 2441/2940/2353
f 2469/2928/2506 2470/2925/2497 2441/2940/2353
f 2469/2928/2506 2441/2940/2353 2431/2930/2355
f 2468/2929/2507 2469/2928/2506 2431/2930/2355
f 2464/2906/2508 2468/2929/2507 2431/2930/2355
f 2468/2929/2507 2464/2906/2508 2467/2907/2458
f 2464/2906/2508 2466/2908/2460 2467/2907/2458
f 2466/2908/2460 2464/2906/2508 2465/2909/2462
f 2464/2906/2508 2461/2910/2464 2465/2909/2462
f 2464/2906/2508 2463/2931/2468 2461/2910/2464
f 2463/2931/2468 2462/2932/2466 2461/2910/2464
f 2455/2938/2509 2445/2937/2343 2444/2939/2347
f 2455/2938/2509 2456/2934/2510 2445/2937/2343
f 2456/2934/2510 2435/2936/2344 2445/2937/2343
f 2460/2935/2470 2435/2936/2344 2456/2934/2510
f 2458/2933/2511 2460/2935/2470 2456/2934/2510
f 2459/2947/2472 2460/2935/2470 2458/2933/2511
f 2452/2946/2474 2459/2947/2472 2458/2933/2511
f 2452/2946/2474 2458/2933/2511 2451/2945/2478
f 2458/2933/2511 2456/2934/2510 2451/2945/2478
f 2456/2934/2510 2457/2944/2480 2451/2945/2478
f 2457/2944/2480 2456/2934/2510 2454/2943/2482
f 2456/2934/2510 2455/2938/2509 2454/2943/2482
f 2453/2948/2476 2452/2946/2474 2451/2945/2478
