# Blender 5.0.0
# www.blender.org
mtllib Aranhoso_character.mtl
o ct_urban_arms
v -0.137974 1.371928 0.648981
v -0.146485 1.378904 0.655544
v -0.134293 1.367028 0.654419
v -0.126894 1.369059 0.650200
v -0.127177 1.375596 0.645717
v -0.137295 1.379957 0.643284
v -0.178890 1.393943 0.685581
v -0.180177 1.389973 0.696837
v -0.176836 1.387900 0.688054
v -0.169943 1.386853 0.687367
v -0.173252 1.396914 0.681417
v -0.164772 1.387887 0.689560
v -0.168822 1.396443 0.680693
v -0.164215 1.386656 0.668791
v -0.155578 1.376772 0.661434
v -0.153783 1.378222 0.685296
v -0.143357 1.378634 0.679859
v -0.131650 1.372967 0.676683
v -0.122919 1.376423 0.671776
v -0.123702 1.384975 0.668211
v -0.121895 1.398458 0.692413
v -0.121403 1.392741 0.702111
v -0.170517 1.386587 0.694912
v -0.188311 1.403018 0.702040
v -0.178971 1.418682 0.704133
v -0.196527 1.418268 0.711325
v -0.189687 1.403669 0.706769
v -0.184472 1.395974 0.696572
v -0.183227 1.395166 0.711789
v -0.172603 1.392679 0.713244
v -0.165727 1.394536 0.710362
v -0.154728 1.389805 0.710762
v -0.144034 1.391870 0.705512
v -0.131406 1.390020 0.705954
v -0.187249 1.407527 0.713750
v -0.177713 1.412127 0.715975
v -0.195698 1.429339 0.717471
v -0.207053 1.424569 0.699505
v -0.189181 1.421541 0.688615
v -0.204072 1.422877 0.668975
v -0.182312 1.424050 0.659925
v -0.167342 1.422383 0.623310
v -0.193864 1.419564 0.631072
v -0.224064 1.415426 0.625792
v -0.226227 1.428363 0.680894
v -0.206604 1.434637 0.706302
v -0.188246 1.436280 0.716068
v -0.170336 1.412891 0.713672
v -0.159522 1.414831 0.714923
v -0.182904 1.439561 0.713219
v -0.195947 1.443547 0.705777
v -0.224401 1.441502 0.688063
v -0.245734 1.432575 0.656682
v -0.254114 1.423980 0.602143
v -0.135363 1.417904 0.709240
v -0.147725 1.415211 0.710203
v -0.173306 1.444870 0.709660
v -0.184703 1.452610 0.703980
v -0.210479 1.455154 0.684902
v -0.244511 1.448613 0.662313
v -0.268420 1.444700 0.618542
v -0.278727 1.451221 0.621638
v -0.267733 1.411402 0.605592
v -0.322520 1.458284 0.568364
v -0.162479 1.449163 0.704465
v -0.314448 1.503227 0.568705
v -0.313634 1.498397 0.563759
v -0.272625 1.522599 0.538363
v -0.318819 1.458132 0.561154
v -0.311348 1.418373 0.557322
v -0.307270 1.424101 0.550579
v -0.266704 1.412739 0.523066
v -0.267315 1.422369 0.522815
v -0.194564 1.419053 0.548272
v -0.225633 1.399619 0.569779
v -0.235214 1.433297 0.501618
v -0.242509 1.438773 0.505473
v -0.230321 1.472569 0.499394
v -0.237661 1.472808 0.505514
v -0.241696 1.514423 0.515027
v -0.246913 1.509571 0.516910
v -0.269736 1.530332 0.539972
v -0.263453 1.496732 0.620596
v -0.260693 1.475185 0.619553
v -0.268188 1.458902 0.621742
v -0.232655 1.465326 0.658860
v -0.218925 1.512365 0.588147
v -0.191219 1.492730 0.561215
v -0.186676 1.457133 0.548966
v -0.124974 1.411453 0.691331
v -0.125509 1.416543 0.703729
v -0.140723 1.451937 0.691744
v -0.149516 1.451004 0.697902
v -0.171753 1.458750 0.697921
v -0.191939 1.466573 0.676398
v -0.216265 1.477039 0.649191
v -0.251606 1.489136 0.613549
v -0.224572 1.497285 0.592144
v -0.153955 1.462902 0.686241
v -0.172835 1.471312 0.663948
v -0.195184 1.482939 0.633407
v -0.172590 1.480649 0.613684
v -0.214035 1.496687 0.582477
v -0.194188 1.481900 0.564903
v -0.160952 1.465809 0.595557
v -0.158667 1.453540 0.580406
v -0.144784 1.452820 0.614715
v -0.142648 1.439825 0.598554
v -0.140797 1.436650 0.584872
v -0.167165 1.448317 0.566350
v -0.140297 1.429038 0.572607
v -0.145719 1.418021 0.566249
v -0.191560 1.453933 0.558372
v -0.171482 1.435707 0.560051
v -0.156866 1.404978 0.570879
v -0.183230 1.420842 0.562914
v -0.195518 1.429822 0.557520
v -0.137270 1.467525 0.638167
v -0.153779 1.472317 0.649347
v -0.135343 1.463418 0.673900
v -0.120408 1.459927 0.664577
v -0.147245 1.422502 0.606791
v -0.146731 1.437192 0.616755
v -0.144838 1.445163 0.619949
v -0.133605 1.448571 0.635895
v -0.118180 1.446849 0.658596
v -0.108294 1.439267 0.669903
v -0.110935 1.450661 0.675827
v -0.126120 1.452381 0.685064
v -0.099206 1.427912 0.688941
v -0.097993 1.421618 0.677276
v -0.097688 1.373136 0.643034
v -0.102409 1.381370 0.641052
v -0.110430 1.378223 0.644187
v -0.107653 1.369894 0.646632
v -0.105331 1.372711 0.656939
v -0.112785 1.378310 0.656730
v -0.112950 1.391838 0.676460
v -0.103510 1.383473 0.675978
v -0.103090 1.387446 0.682725
v -0.092725 1.387398 0.671331
v -0.092325 1.390941 0.677884
v -0.093393 1.398212 0.668250
v -0.096484 1.418254 0.687227
v -0.109940 1.425142 0.696547
v -0.130719 1.435262 0.690653
v -0.108803 1.416268 0.694615
v -0.118561 1.416717 0.690659
v -0.094947 1.375942 0.652893
v -0.095387 1.384416 0.649514
v -0.159069 1.395761 0.670835
v -0.147308 1.399501 0.687699
v -0.160989 1.400895 0.688236
v -0.146785 1.391366 0.668073
v -0.158852 1.384243 0.654861
v -0.170885 1.402127 0.692188
v -0.132928 1.390209 0.665375
v -0.131536 1.402659 0.684773
v -0.134055 1.407730 0.687833
v -0.150587 1.405494 0.693526
v -0.164699 1.403318 0.694313
v -0.175727 1.404199 0.697924
v -0.182151 1.400962 0.695423
v -0.139159 1.426538 0.687126
v -0.157769 1.424744 0.697058
v -0.129035 1.426678 0.677979
v -0.119340 1.412558 0.678169
v -0.112637 1.398238 0.667810
v -0.112374 1.385881 0.648461
v -0.142370 1.428774 0.667878
v -0.123320 1.434247 0.658207
v -0.115664 1.429443 0.669763
v -0.107198 1.417464 0.672360
v -0.101812 1.402544 0.664967
v -0.103196 1.389058 0.645994
v -0.133754 1.439053 0.637720
v -0.168505 1.424037 0.680287
v -0.153617 1.430586 0.647776
v -0.222199 1.415910 0.576243
v -0.204908 1.406608 0.603985
v -0.183106 1.402492 0.593006
v -0.157700 1.401685 0.597122
v -0.187297 1.406370 0.578908
v -0.170869 1.401118 0.582270
v -0.155359 1.396384 0.587612
v -0.139097 1.398454 0.602182
v -0.138224 1.390892 0.596233
v -0.123627 1.414671 0.624432
v -0.132035 1.411132 0.625104
v -0.131376 1.411023 0.609739
v -0.136644 1.398712 0.610592
v -0.134214 1.411516 0.606438
v -0.129885 1.419682 0.600060
v -0.122339 1.418053 0.593260
v -0.130928 1.421126 0.578256
v -0.136270 1.410175 0.572645
v -0.146600 1.400109 0.577569
v -0.116996 1.408992 0.589854
v -0.118445 1.397894 0.587161
v -0.115303 1.410134 0.608315
v -0.124461 1.414106 0.609428
v -0.109711 1.403679 0.607829
v -0.110382 1.392987 0.608418
v -0.119808 1.386052 0.609973
v -0.128280 1.389611 0.590221
v -0.115514 1.411335 0.623686
v -0.110991 1.404505 0.623873
v -0.112396 1.394734 0.623965
v -0.119448 1.386680 0.624866
v -0.131746 1.390548 0.610203
v -0.135893 1.390159 0.626293
v -0.131508 1.390818 0.642800
v -0.119281 1.388536 0.643123
v -0.111654 1.395525 0.642557
v -0.110167 1.403461 0.641928
v -0.113345 1.409191 0.641755
v -0.136497 1.399825 0.625291
v -0.130319 1.404101 0.644966
v -0.122037 1.399976 0.655156
v -0.125231 1.392183 0.654111
v -0.117342 1.389002 0.653875
v -0.111420 1.394818 0.655389
v -0.109932 1.402773 0.654345
v -0.122774 1.413036 0.643084
v -0.117058 1.407083 0.654569
v -0.275811 1.708111 -0.117475
v -0.271861 1.721641 -0.079066
v -0.238260 1.481252 -0.064534
v -0.266352 1.549688 -0.112074
v -0.292541 1.638655 -0.134250
v -0.226195 1.482849 -0.017813
v -0.216146 1.496217 0.025795
v -0.201288 1.538655 0.051610
v -0.201802 1.599597 0.059058
v -0.238282 1.708245 -0.013683
v -0.212560 1.656845 0.035426
v 0.153955 1.462900 0.686241
v 0.171753 1.458749 0.697922
v 0.162479 1.449161 0.704466
v 0.149516 1.451002 0.697902
v 0.145735 1.428722 0.719141
v 0.139023 1.394253 0.739462
v 0.127831 1.392335 0.736380
v 0.139480 1.416184 0.725012
v 0.150473 1.417879 0.729752
v 0.157642 1.429069 0.723577
v 0.173305 1.444868 0.709661
v 0.184703 1.452608 0.703980
v 0.191938 1.466571 0.676400
v 0.172834 1.471310 0.663950
v 0.153778 1.472315 0.649347
v 0.135343 1.463416 0.673901
v 0.140723 1.451935 0.691744
v 0.133878 1.432423 0.716549
v 0.127542 1.420590 0.723930
v 0.114730 1.393104 0.739031
v 0.117774 1.420001 0.718785
v 0.105979 1.391090 0.733408
v 0.123572 1.429896 0.712459
v 0.195183 1.482937 0.633407
v 0.216264 1.477038 0.649192
v 0.172589 1.480647 0.613685
v 0.137270 1.467524 0.638168
v 0.120408 1.459926 0.664578
v 0.126120 1.452379 0.685065
v 0.130719 1.435259 0.690653
v 0.121420 1.419022 0.704909
v 0.116576 1.410506 0.712836
v 0.107607 1.387264 0.725091
v 0.101666 1.365031 0.733831
v 0.101254 1.369526 0.740353
v 0.268780 1.446993 0.619151
v 0.224064 1.415425 0.625793
v 0.245733 1.432573 0.656683
v 0.267892 1.461356 0.621868
v 0.244510 1.448612 0.662314
v 0.259678 1.477214 0.619058
v 0.232654 1.465325 0.658861
v 0.249945 1.490544 0.612492
v 0.222891 1.496652 0.590702
v 0.212610 1.495358 0.581132
v 0.160951 1.465807 0.595558
v 0.278762 1.454746 0.622173
v 0.261003 1.499273 0.619083
v 0.216037 1.511076 0.585692
v 0.193768 1.480167 0.564301
v 0.158666 1.453540 0.580407
v 0.167164 1.448316 0.566351
v 0.140296 1.429037 0.572609
v 0.270018 1.413718 0.607707
v 0.312678 1.419869 0.558478
v 0.322577 1.460257 0.568632
v 0.313118 1.504925 0.567999
v 0.267869 1.529956 0.538549
v 0.191915 1.452032 0.558366
v 0.189932 1.489212 0.559641
v 0.240327 1.512638 0.513707
v 0.271587 1.522424 0.537607
v 0.312930 1.499347 0.563412
v 0.318893 1.459104 0.561278
v 0.307990 1.424845 0.551206
v 0.268118 1.421986 0.523327
v 0.268404 1.412098 0.524216
v 0.228656 1.398455 0.572008
v 0.255365 1.424998 0.603245
v 0.223327 1.415335 0.577060
v 0.246152 1.508626 0.516210
v 0.183105 1.402490 0.593008
v 0.187297 1.406368 0.578910
v 0.147245 1.422501 0.606793
v 0.157700 1.401684 0.597123
v 0.196683 1.427756 0.558134
v 0.171482 1.435706 0.560052
v 0.183228 1.420839 0.562917
v 0.187257 1.453060 0.548810
v 0.230388 1.470212 0.499109
v 0.237657 1.471617 0.505354
v 0.236396 1.431229 0.502244
v 0.243101 1.437709 0.505755
v 0.197031 1.415411 0.549726
v 0.170869 1.401117 0.582271
v 0.156865 1.404977 0.570880
v 0.146599 1.400108 0.577571
v 0.155358 1.396382 0.587614
v 0.132791 1.393236 0.585451
v 0.140826 1.393007 0.593939
v 0.121607 1.386675 0.592032
v 0.129438 1.388147 0.601997
v 0.112140 1.379175 0.600776
v 0.122902 1.378370 0.613741
v 0.139849 1.399059 0.601406
v 0.130962 1.393782 0.609528
v 0.121658 1.386749 0.618543
v 0.100484 1.370825 0.612229
v 0.109396 1.370730 0.620911
v 0.104007 1.380673 0.628295
v 0.097447 1.366816 0.624235
v 0.092530 1.373212 0.626869
v 0.092373 1.365716 0.617493
v 0.085576 1.370713 0.617661
v 0.093378 1.378214 0.610726
v 0.105419 1.387519 0.599990
v 0.113753 1.394872 0.588795
v 0.123715 1.402141 0.581846
v 0.136269 1.410173 0.572646
v 0.145718 1.418020 0.566251
v 0.083182 1.378075 0.620238
v 0.090735 1.385336 0.613535
v 0.102076 1.395843 0.604113
v 0.111047 1.404093 0.593567
v 0.121170 1.412395 0.586416
v 0.130927 1.421125 0.578258
v 0.087415 1.380243 0.627078
v 0.133605 1.448570 0.635897
v 0.144784 1.452819 0.614716
v 0.142647 1.439824 0.598556
v 0.140796 1.436649 0.584873
v 0.125094 1.420400 0.592958
v 0.113446 1.408149 0.600706
v 0.103984 1.400761 0.610383
v 0.091879 1.389580 0.618400
v 0.097299 1.390360 0.627086
v 0.108881 1.401671 0.617642
v 0.118760 1.409201 0.609164
v 0.130598 1.420374 0.601649
v 0.146731 1.437190 0.616756
v 0.144838 1.445161 0.619950
v 0.115689 1.396923 0.621484
v 0.124547 1.405283 0.612095
v 0.133508 1.410938 0.606996
v 0.074254 1.381901 0.726458
v 0.082788 1.396463 0.705260
v 0.080585 1.399844 0.715776
v 0.075606 1.378361 0.718147
v 0.073079 1.371746 0.729300
v 0.082614 1.372126 0.734930
v 0.084316 1.382576 0.732197
v 0.092436 1.379922 0.728458
v 0.091040 1.400980 0.722314
v 0.101853 1.398299 0.716379
v 0.093667 1.407429 0.718708
v 0.083071 1.406112 0.712584
v 0.094049 1.427009 0.697038
v 0.095349 1.424079 0.686919
v 0.098299 1.435430 0.693213
v 0.108294 1.439266 0.669904
v 0.110935 1.450660 0.675828
v 0.118180 1.446847 0.658597
v 0.109000 1.435567 0.701347
v 0.106419 1.427409 0.704597
v 0.115835 1.424024 0.701290
v 0.193864 1.419562 0.631073
v 0.153617 1.430585 0.647777
v 0.182312 1.424048 0.659925
v 0.204071 1.422876 0.668976
v 0.226227 1.428361 0.680894
v 0.224400 1.441500 0.688064
v 0.210479 1.455153 0.684903
v 0.206604 1.434634 0.706303
v 0.207053 1.424567 0.699506
v 0.189180 1.421540 0.688616
v 0.168505 1.424035 0.680287
v 0.142369 1.428773 0.667879
v 0.123320 1.434245 0.658208
v 0.133753 1.439051 0.637722
v 0.167342 1.422381 0.623311
v 0.204907 1.406607 0.603986
v 0.115664 1.429441 0.669763
v 0.103465 1.416478 0.685334
v 0.090552 1.390616 0.702815
v 0.082807 1.372472 0.715246
v 0.091282 1.372024 0.720575
v 0.100396 1.390036 0.709637
v 0.115112 1.413648 0.693182
v 0.129035 1.426676 0.677980
v 0.078750 1.368201 0.722281
v 0.086374 1.368746 0.727347
v 0.159379 1.397970 0.735682
v 0.161599 1.413957 0.727663
v 0.168390 1.414590 0.731199
v 0.175253 1.424459 0.726392
v 0.167931 1.425029 0.723869
v 0.182904 1.439559 0.713220
v 0.188246 1.436278 0.716069
v 0.195947 1.443545 0.705778
v 0.195697 1.429337 0.717472
v 0.196526 1.418266 0.711326
v 0.178971 1.418680 0.704134
v 0.157769 1.424742 0.697059
v 0.139160 1.426535 0.687126
v 0.183375 1.407629 0.720049
v 0.185158 1.410527 0.723669
v 0.170853 1.408399 0.715654
v 0.159593 1.407498 0.712856
v 0.145944 1.411155 0.710653
v 0.129576 1.412572 0.704266
v 0.124090 1.400144 0.710572
v 0.178318 1.409835 0.731150
v 0.183815 1.417911 0.727306
v 0.138790 1.398071 0.717421
v 0.151894 1.394277 0.719239
v 0.162524 1.394913 0.720524
v 0.173635 1.394495 0.724415
v 0.174958 1.394974 0.729856
v 0.169672 1.396705 0.734714
v 0.116464 1.381570 0.721978
v 0.130341 1.379780 0.724181
v 0.143548 1.378468 0.722879
v 0.155740 1.384769 0.724973
v 0.160159 1.384063 0.725571
v 0.165943 1.386325 0.729972
v 0.163396 1.389453 0.735501
v 0.135714 1.363628 0.733188
v 0.123272 1.368260 0.735569
v 0.132972 1.371063 0.740039
v 0.145524 1.375127 0.732803
v 0.111265 1.359461 0.731793
v 0.156584 1.390977 0.734899
v 0.152737 1.394651 0.732820
v 0.108900 1.371269 0.744248
v 0.111765 1.364843 0.740049
v 0.278055 1.704973 -0.118706
v 0.272148 1.724291 -0.080568
v -0.223300 1.494436 -0.017232
v -0.250304 1.492681 0.023762
v -0.251684 1.489240 -0.057160
v -0.294191 1.540621 -0.086512
v -0.321682 1.624604 -0.108142
v -0.432921 1.424345 0.217308
v -0.435941 1.419636 0.267262
v -0.372728 1.426097 0.265342
v -0.384126 1.430886 0.222628
v -0.406441 1.442075 0.171026
v -0.361134 1.455444 0.199742
v -0.354109 1.471463 0.087151
v -0.314333 1.490557 0.134973
v -0.285418 1.485109 -0.023283
v -0.323476 1.524697 -0.047434
v -0.355029 1.619193 -0.068821
v -0.323821 1.660381 -0.096800
v -0.300236 1.692550 -0.058799
v -0.258417 1.700161 -0.008632
v -0.328726 1.416777 0.526521
v -0.363145 1.442969 0.522768
v -0.340367 1.450654 0.534483
v -0.340851 1.397362 0.506709
v -0.413513 1.452173 0.408049
v -0.381908 1.420623 0.398621
v -0.433151 1.455675 0.361414
v -0.397684 1.409891 0.348509
v -0.455748 1.462738 0.315615
v -0.421578 1.414039 0.308578
v -0.485341 1.461494 0.267874
v -0.473720 1.458743 0.187697
v -0.439880 1.473130 0.137060
v -0.365280 1.507880 0.523099
v -0.339225 1.497706 0.534985
v -0.414525 1.513042 0.415885
v -0.442944 1.523492 0.380550
v -0.463348 1.517008 0.328544
v -0.481635 1.513971 0.271738
v -0.482248 1.516403 0.183116
v -0.452515 1.531950 0.126963
v -0.414129 1.567042 0.044798
v -0.391898 1.494841 0.061638
v -0.366546 1.569843 0.409067
v -0.327169 1.559106 0.498977
v -0.306055 1.530578 0.513394
v -0.337654 1.666817 -0.018594
v -0.391899 1.628356 0.071242
v -0.433233 1.589609 0.154890
v -0.458300 1.574437 0.210067
v -0.435235 1.572446 0.274308
v -0.410484 1.573918 0.322238
v -0.379631 1.572934 0.370098
v -0.290168 1.680504 0.028421
v -0.339418 1.645251 0.114015
v -0.387316 1.598267 0.194859
v -0.405762 1.586095 0.232839
v -0.377982 1.574308 0.259092
v -0.348407 1.571512 0.294544
v -0.315956 1.566614 0.332433
v -0.304137 1.555472 0.366987
v -0.222983 1.657239 0.039653
v -0.245849 1.636493 0.069404
v -0.300656 1.592785 0.153026
v -0.343768 1.562970 0.218544
v -0.358648 1.543111 0.244389
v -0.336015 1.522561 0.250783
v -0.310128 1.515621 0.279076
v -0.282928 1.510622 0.312368
v -0.281101 1.506510 0.351674
v -0.212535 1.542110 0.055871
v -0.226756 1.547058 0.075215
v -0.289659 1.538307 0.168521
v -0.329649 1.502570 0.218896
v -0.344840 1.476749 0.219832
v -0.331672 1.468697 0.248815
v -0.314783 1.461107 0.277326
v -0.297575 1.460595 0.311514
v -0.356322 1.417322 0.294954
v -0.344798 1.414730 0.323708
v -0.287200 1.462711 0.359392
v -0.315528 1.411599 0.390038
v -0.235957 1.445801 0.462496
v -0.283864 1.401916 0.471798
v -0.236611 1.487701 0.467059
v -0.249852 1.480784 0.483205
v -0.246577 1.444252 0.483863
v -0.277116 1.424907 0.500249
v -0.268257 1.531358 0.481673
v -0.270119 1.517112 0.495609
v 0.277255 1.424741 0.500282
v 0.329152 1.417234 0.526955
v 0.284370 1.401700 0.472007
v 0.341381 1.397716 0.507013
v 0.318154 1.409461 0.385397
v 0.340462 1.451108 0.534597
v 0.384921 1.407771 0.394025
v 0.339456 1.399441 0.319690
v 0.363304 1.443539 0.522905
v 0.339016 1.498055 0.534839
v 0.405170 1.411722 0.355929
v 0.357490 1.414767 0.292514
v 0.413958 1.453344 0.408439
v 0.364942 1.508454 0.522994
v 0.305626 1.530626 0.513161
v 0.269751 1.516840 0.495379
v 0.249775 1.480324 0.483115
v 0.247019 1.443619 0.483904
v 0.236187 1.445157 0.462520
v 0.296032 1.454399 0.313964
v 0.310817 1.514882 0.279494
v 0.289556 1.512394 0.313441
v 0.280257 1.457712 0.352149
v 0.277267 1.503461 0.350300
v 0.236516 1.487062 0.466916
v 0.267786 1.531023 0.481398
v 0.326470 1.559287 0.498657
v 0.413975 1.514257 0.415820
v 0.430157 1.458393 0.368357
v 0.424939 1.413389 0.309199
v 0.327004 1.631470 -0.110191
v 0.314728 1.571526 -0.086889
v 0.363810 1.611073 -0.066927
v 0.333410 1.663180 -0.032795
v 0.389747 1.624733 0.070988
v 0.344286 1.640560 0.108156
v 0.387316 1.598266 0.194858
v 0.343482 1.563347 0.219500
v 0.359019 1.543540 0.245802
v 0.405925 1.586138 0.233040
v 0.337141 1.522338 0.252112
v 0.377978 1.574035 0.259157
v 0.348021 1.571039 0.294322
v 0.320215 1.574171 0.333959
v 0.303088 1.554533 0.366358
v 0.477894 1.515332 0.275390
v 0.469143 1.462024 0.176974
v 0.485365 1.462664 0.269977
v 0.473438 1.515863 0.180795
v 0.444096 1.468320 0.134787
v 0.458293 1.529668 0.123180
v 0.397952 1.495391 0.068029
v 0.417598 1.566038 0.043037
v 0.342618 1.521000 -0.021374
v 0.434923 1.593298 0.154531
v 0.458337 1.574417 0.210027
v 0.434696 1.572609 0.274291
v 0.409500 1.574174 0.322113
v 0.388347 1.581339 0.369548
v 0.365128 1.570207 0.408466
v 0.431091 1.527068 0.378404
v 0.450132 1.522962 0.326031
v 0.455675 1.466968 0.312376
v 0.436313 1.420064 0.268169
v 0.432722 1.430256 0.213670
v 0.401732 1.442583 0.167975
v 0.363718 1.464604 0.099932
v 0.313631 1.479613 0.020742
v 0.270754 1.482729 -0.034580
v 0.304760 1.531227 -0.071546
v 0.373355 1.427721 0.266652
v 0.384610 1.433940 0.225683
v 0.354553 1.453430 0.196597
v 0.319478 1.473576 0.144675
v 0.254130 1.487569 0.063788
v 0.247697 1.486822 0.031898
v 0.226911 1.485140 -0.006980
v 0.234635 1.483120 -0.073446
v 0.268959 1.547312 -0.109182
v 0.291006 1.640361 -0.134906
v 0.297942 1.596719 0.153291
v 0.284747 1.681247 0.016160
v 0.244189 1.637009 0.070543
v 0.216945 1.627894 0.046135
v 0.234573 1.672332 0.015847
v 0.213701 1.655724 0.036419
v 0.238791 1.702535 -0.010563
v 0.259668 1.694481 -0.011187
v 0.308098 1.685172 -0.065418
v 0.202197 1.537272 0.050735
v 0.200101 1.601639 0.058849
v 0.228299 1.523002 0.057003
v 0.214767 1.499499 0.031171
v 0.220672 1.548331 0.059896
v 0.241827 1.546486 0.089542
v 0.299780 1.536242 0.177805
v 0.323714 1.498705 0.219822
v 0.345103 1.481099 0.232531
v 0.333591 1.468801 0.251364
v 0.315942 1.460475 0.278062
v -0.183977 1.422430 0.681120
v -0.197373 1.425152 0.664845
v -0.204820 1.425768 0.672186
v -0.193639 1.423439 0.686800
v -0.144977 1.415375 0.654970
v -0.151128 1.419997 0.643580
v -0.156704 1.419846 0.660256
v -0.150658 1.415583 0.666702
v -0.198715 1.420364 0.698763
v -0.189481 1.419095 0.697700
v -0.203710 1.424604 0.690655
v -0.079891 1.409311 0.610345
v -0.085927 1.407850 0.652063
v -0.080078 1.407707 0.640086
v -0.078671 1.409065 0.611782
v -0.208850 1.424674 0.702201
v -0.204584 1.420587 0.708599
v -0.201838 1.422455 0.725208
v -0.225168 1.426866 0.702892
v -0.236081 1.427556 0.717529
v -0.199658 1.421582 0.735691
v -0.191852 1.419797 0.748802
v -0.249981 1.428829 0.728963
v -0.254038 1.429046 0.735119
v -0.199453 1.420494 0.755039
v -0.247481 1.427726 0.742853
v -0.232111 1.425294 0.748899
v -0.248103 1.427314 0.751916
v -0.242393 1.426371 0.754895
v -0.123868 1.412529 0.661310
v -0.108045 1.410199 0.664351
v -0.106364 1.410309 0.658154
v -0.123805 1.413069 0.651292
v -0.095637 1.408684 0.661054
v -0.100683 1.409721 0.654725
v -0.090187 1.408620 0.648624
v -0.113249 1.413487 0.617338
v -0.116119 1.414347 0.608798
v -0.119398 1.414667 0.611141
v -0.118454 1.414176 0.617746
v -0.123206 1.417724 0.615427
v -0.123640 1.414474 0.625232
v -0.134610 1.415035 0.652253
v -0.136651 1.417894 0.645867
v -0.100081 1.411749 0.616198
v -0.100148 1.412127 0.609480
v -0.087322 1.409256 0.629874
v -0.126375 1.413882 0.642851
v -0.129264 1.414800 0.633315
v -0.131131 1.417958 0.630925
v -0.132080 1.417284 0.645590
v -0.157578 1.421537 0.631574
v -0.164370 1.422181 0.636756
v -0.178723 1.417939 0.687660
v -0.179971 1.420189 0.695594
v -0.156177 1.418202 0.672518
v -0.162801 1.420435 0.664699
v -0.160703 1.416937 0.672946
v -0.211762 1.426328 0.679286
v -0.216864 1.426709 0.685044
v -0.184003 1.420686 0.696582
v -0.178027 1.422400 0.666819
v -0.187110 1.424260 0.655537
v -0.172485 1.417958 0.675907
v -0.167360 1.413508 0.684930
v -0.158706 1.412529 0.681219
v -0.175909 1.423254 0.645955
v -0.152973 1.417868 0.670623
v -0.139820 1.419692 0.620954
v -0.121599 1.417823 0.609603
v -0.200625 1.416368 0.715707
v -0.193576 1.415829 0.707954
v -0.186406 1.415060 0.704106
v -0.178373 1.413994 0.703531
v -0.174793 1.414093 0.692803
v -0.150052 1.411400 0.680231
v -0.146511 1.411409 0.671227
v -0.139880 1.410882 0.664315
v -0.132190 1.409987 0.661468
v -0.159747 1.415513 0.629357
v -0.166539 1.416157 0.634540
v -0.189279 1.418236 0.653320
v -0.199542 1.419129 0.662628
v -0.124231 1.411823 0.608119
v -0.141989 1.413668 0.618738
v -0.213931 1.420304 0.677069
v -0.219033 1.420685 0.682827
v -0.193575 1.407187 0.748112
v -0.201382 1.408972 0.735000
v -0.228176 1.420923 0.701287
v -0.239089 1.421613 0.715925
v -0.252989 1.422886 0.727358
v -0.201176 1.407884 0.754348
v -0.257047 1.423103 0.733515
v -0.203562 1.409845 0.724517
v -0.233835 1.412684 0.748208
v -0.255762 1.416436 0.734428
v -0.244117 1.413761 0.754204
v -0.249204 1.415116 0.742162
v -0.249826 1.414704 0.751225
v -0.206989 1.419744 0.669970
v -0.178078 1.417230 0.643738
v -0.107346 1.403125 0.657760
v -0.124787 1.405884 0.650898
v -0.101665 1.402536 0.654331
v -0.091168 1.401436 0.648230
v -0.088304 1.402072 0.629480
v -0.119436 1.406991 0.617353
v -0.114231 1.406302 0.616944
v -0.124622 1.407290 0.624838
v -0.130246 1.407616 0.632922
v -0.127357 1.406698 0.642458
v -0.124850 1.405344 0.660917
v -0.109026 1.403015 0.663957
v -0.096619 1.401499 0.660661
v -0.086909 1.400665 0.651669
v -0.081060 1.400522 0.639692
v -0.079653 1.401881 0.611388
v -0.185700 1.409819 0.680429
v -0.195362 1.410829 0.686109
v -0.206543 1.413158 0.671495
v -0.199096 1.412542 0.664154
v -0.145855 1.408946 0.654617
v -0.151557 1.409008 0.666342
v -0.158428 1.407235 0.659565
v -0.152852 1.407387 0.642889
v -0.199605 1.413848 0.698406
v -0.205434 1.411994 0.689964
v -0.190354 1.412707 0.697350
v -0.080873 1.402126 0.609951
v -0.205464 1.414149 0.708246
v -0.210573 1.412064 0.701510
v -0.237804 1.414945 0.716838
v -0.226891 1.414256 0.702200
v -0.251704 1.416218 0.728272
v -0.120379 1.407482 0.610748
v -0.117101 1.407162 0.608404
v -0.124929 1.405113 0.614736
v -0.138374 1.405283 0.645176
v -0.135736 1.406789 0.651801
v -0.101130 1.404942 0.609086
v -0.101063 1.404565 0.615805
v -0.133803 1.404674 0.644899
v -0.132855 1.405347 0.630234
v -0.166094 1.409571 0.636065
v -0.159301 1.408926 0.630883
v -0.179533 1.412012 0.687335
v -0.181454 1.409340 0.694999
v -0.157660 1.407353 0.671923
v -0.161688 1.409729 0.672551
v -0.164524 1.407825 0.664008
v -0.218588 1.414099 0.684353
v -0.213486 1.413717 0.678595
v -0.185486 1.409837 0.695988
v -0.179750 1.409790 0.666128
v -0.188833 1.411649 0.654846
v -0.173356 1.411586 0.675557
v -0.177632 1.410644 0.645264
v -0.154456 1.407019 0.670028
v -0.141543 1.407081 0.620264
v -0.123322 1.405213 0.608912
v -0.245678 1.422649 0.770689
v -0.233790 1.421961 0.753588
v -0.259613 1.425743 0.748984
v -0.258772 1.424584 0.768040
v -0.264068 1.424026 0.791416
v -0.255767 1.422802 0.793064
v -0.266190 1.422703 0.820858
v -0.260927 1.421946 0.821542
v -0.260726 1.420311 0.850887
v -0.207340 1.418146 0.757251
v -0.202056 1.417716 0.751919
v -0.252845 1.425587 0.734947
v -0.240987 1.414351 0.853181
v -0.249948 1.416201 0.874623
v -0.238713 1.412907 0.873856
v -0.230974 1.410535 0.897851
v -0.266742 1.422630 0.766343
v -0.271355 1.421970 0.789884
v -0.271894 1.420397 0.819927
v -0.264915 1.417780 0.850293
v -0.240837 1.415919 0.824187
v -0.233196 1.416340 0.797460
v -0.222071 1.416029 0.775382
v -0.207759 1.415076 0.757083
v -0.260033 1.422673 0.748816
v -0.252814 1.414792 0.874633
v -0.246517 1.416509 0.770352
v -0.259611 1.418444 0.767703
v -0.260452 1.419603 0.748648
v -0.234629 1.415822 0.753252
v -0.256606 1.416662 0.792727
v -0.264907 1.417887 0.791079
v -0.261766 1.415807 0.821206
v -0.267029 1.416564 0.820521
v -0.261565 1.414171 0.850550
v -0.202895 1.411576 0.751583
v -0.208179 1.412006 0.756915
v -0.253684 1.419447 0.734610
v -0.250430 1.412677 0.874430
v -0.202476 1.414646 0.751751
v -0.253265 1.422517 0.734778
vn 0.4050 -0.8763 0.2611
vn -0.1597 -0.9280 0.3367
vn 0.0357 -0.9994 -0.0025
vn -0.1622 -0.9273 0.3372
vn -0.6516 -0.4458 0.6138
vn -0.4174 -0.8905 0.1811
vn -0.5702 -0.7781 0.2635
vn -0.8047 -0.1382 0.5774
vn -0.5886 -0.7837 0.1982
vn -0.8391 -0.0870 0.5369
vn -0.5792 -0.8129 0.0608
vn -0.8047 -0.5884 0.0793
vn -0.3832 -0.8922 -0.2392
vn -0.7149 -0.6990 -0.0137
vn -0.3044 -0.8572 -0.4155
vn -0.6939 -0.3187 -0.6457
vn -0.1624 -0.8553 -0.4920
vn -0.7394 -0.3519 -0.5740
vn -0.2733 -0.9177 -0.2884
vn -0.8316 -0.3914 -0.3939
vn -0.3873 -0.9118 -0.1367
vn -0.8506 -0.4031 -0.3377
vn -0.4337 -0.8972 0.0832
vn -0.9206 -0.3905 0.0029
vn -0.6471 -0.0558 0.7604
vn -0.7859 0.2525 -0.5645
vn -0.5960 0.2644 -0.7582
vn -0.4440 0.3863 0.8085
vn -0.9577 0.2663 0.1092
vn -0.5154 0.5200 0.6811
vn -0.5490 0.1723 0.8179
vn -0.5364 0.5619 0.6297
vn -0.5495 0.6163 0.5641
vn -0.1595 0.4234 0.8918
vn -0.4482 -0.2133 0.8681
vn -0.4589 -0.5242 0.7174
vn 0.4809 -0.7591 0.4388
vn -0.1712 -0.9776 0.1226
vn 0.6271 -0.0253 0.7785
vn 0.4470 0.3732 0.8130
vn 0.6694 -0.0714 0.7394
vn 0.7129 0.6979 -0.0687
vn 0.2666 0.8484 0.4573
vn 0.1227 0.9225 0.3660
vn 0.1023 0.6380 0.7632
vn 0.6614 0.7469 -0.0690
vn 0.1120 0.9227 0.3688
vn 0.7377 0.0997 -0.6678
vn 0.7212 0.6858 0.0980
vn 0.2972 0.7265 0.6196
vn 0.5026 -0.4813 -0.7181
vn 0.5696 0.0221 -0.8216
vn 0.8135 0.5092 -0.2810
vn 0.5850 -0.4037 -0.7034
vn 0.5479 -0.5645 -0.6174
vn 0.3261 -0.8619 -0.3884
vn 0.2461 -0.9375 -0.2459
vn 0.1695 -0.9515 -0.2568
vn 0.0337 -0.9598 -0.2785
vn -0.0205 -0.9653 -0.2604
vn 0.2356 -0.9419 -0.2394
vn 0.3848 -0.9219 -0.0448
vn -0.0348 -0.9871 -0.1563
vn 0.6551 -0.4248 -0.6248
vn 0.5965 -0.6038 -0.5288
vn 0.5623 -0.6231 -0.5436
vn 0.6045 -0.6235 -0.4958
vn 0.4175 -0.8653 -0.2775
vn 0.9220 -0.3493 0.1670
vn 0.8451 -0.3100 0.4356
vn 0.8311 -0.5005 0.2424
vn 0.8898 -0.2939 0.3493
vn 0.8515 0.3371 0.4016
vn 0.8507 0.2819 0.4437
vn 0.6522 0.6163 0.4414
vn 0.0160 0.8798 0.4751
vn -0.3234 0.9438 0.0679
vn -0.6723 0.6849 0.2810
vn -0.6525 0.7578 -0.0066
vn 0.8683 0.3387 0.3625
vn 0.4078 0.9065 0.1094
vn 0.2995 0.9236 0.2394
vn 0.6406 0.7675 -0.0259
vn 0.9199 0.0325 -0.3909
vn 0.8948 0.0493 -0.4438
vn 0.7810 0.5975 0.1818
vn 0.9839 0.0983 -0.1494
vn 0.4860 0.8581 0.1659
vn 0.9249 0.3332 0.1834
vn -0.5168 0.8490 -0.1101
vn -0.3995 0.8615 -0.3133
vn -0.3777 0.9038 -0.2013
vn 0.1432 0.8065 0.5736
vn -0.0409 0.9167 0.3974
vn 0.6530 0.7563 -0.0394
vn 0.7637 0.5919 -0.2578
vn 0.9494 -0.0164 -0.3136
vn -0.9478 0.2645 0.1782
vn -0.9340 0.2147 -0.2857
vn -0.8859 0.2361 -0.3993
vn -0.6722 0.5916 -0.4451
vn 0.0278 0.2586 0.9656
vn 0.5273 -0.8368 0.1470
vn 0.8806 -0.3149 0.3540
vn 0.6192 0.3490 0.7034
vn -0.1547 0.7595 0.6319
vn -0.6929 0.6875 0.2174
vn -0.9295 0.2670 0.2545
vn -0.8716 -0.4720 0.1322
vn -0.4075 -0.8973 0.1694
vn 0.3614 -0.6305 -0.6869
vn -0.3460 -0.8882 -0.3023
vn -0.9501 -0.0167 -0.3115
vn -0.8588 0.1267 -0.4965
vn -0.5991 0.6592 -0.4544
vn -0.3494 0.9199 -0.1779
vn 0.3134 0.8111 0.4939
vn 0.4473 0.3887 0.8055
vn 0.6862 -0.2855 0.6690
vn 0.4381 -0.8833 0.1668
vn 0.3372 0.9028 0.2670
vn 0.9591 0.2522 -0.1284
vn 0.5824 -0.1912 0.7901
vn 0.7263 -0.4819 0.4902
vn -0.2182 -0.9440 0.2476
vn 0.9925 -0.0765 0.0949
vn 0.6152 -0.3697 0.6963
vn -0.3107 -0.8793 0.3610
vn 0.5317 -0.6541 -0.5380
vn 0.6264 -0.3966 0.6711
vn -0.3486 -0.9359 -0.0498
vn 0.3455 -0.8803 -0.3252
vn 0.3296 -0.8947 -0.3014
vn -0.4096 -0.9030 0.1295
vn 0.3729 -0.9063 -0.1991
vn -0.3544 -0.9217 0.1574
vn 0.3365 -0.9159 -0.2189
vn -0.4386 -0.8852 0.1549
vn 0.4068 -0.9113 0.0626
vn -0.2566 -0.8873 0.3832
vn 0.4179 -0.8975 0.1411
vn -0.1855 -0.7268 0.6613
vn 0.2244 -0.9644 -0.1399
vn 0.1011 -0.9733 0.2062
vn -0.5643 -0.1914 0.8031
vn -0.6387 -0.3964 0.6595
vn -0.7356 -0.1593 0.6584
vn -0.4811 0.3444 0.8062
vn -0.5934 0.5213 0.6133
vn 0.1646 0.7829 0.6000
vn 0.1339 0.9765 0.1688
vn 0.6244 0.7095 -0.3268
vn 0.6643 0.7128 0.2251
vn 0.6850 0.6824 0.2550
vn -0.0316 0.8704 0.4914
vn 0.6505 0.7595 -0.0063
vn -0.2903 0.9320 0.2170
vn 0.6987 -0.6536 -0.2910
vn 0.8883 -0.4507 0.0878
vn 0.9153 0.1467 -0.3751
vn 0.9639 0.2081 0.1662
vn 0.9608 0.2416 0.1357
vn 0.9746 0.1448 -0.1710
vn 0.9392 -0.3425 -0.0246
vn 0.8498 -0.4163 -0.3232
vn 0.8242 -0.4969 -0.2718
vn -0.9645 0.1898 0.1836
vn -0.9526 0.2279 0.2013
vn -0.9864 -0.0031 0.1641
vn 0.7441 -0.4491 -0.4946
vn 0.7871 -0.3509 -0.5072
vn 0.4066 -0.8794 -0.2478
vn 0.8575 -0.4047 -0.3176
vn 0.6426 -0.7646 -0.0485
vn 0.7500 -0.2770 0.6007
vn 0.6156 -0.7698 0.1686
vn 0.8339 -0.1193 0.5388
vn 0.4175 -0.8783 0.2332
vn 0.7977 -0.2260 0.5591
vn 0.2273 -0.9545 0.1931
vn 0.3613 -0.8045 0.4714
vn -0.9858 -0.0307 0.1652
vn 0.2246 -0.3771 0.8986
vn 0.1732 -0.2753 0.9456
vn 0.1426 -0.5504 0.8227
vn -0.4825 0.0756 0.8726
vn 0.9325 0.1620 -0.3228
vn 0.7614 0.2943 -0.5777
vn 0.6982 0.3857 -0.6031
vn 0.6567 0.5731 -0.4902
vn 0.4424 -0.2288 0.8671
vn 0.6100 0.3383 0.7166
vn 0.5696 0.5106 0.6441
vn 0.5771 0.5272 0.6237
vn 0.5513 0.5072 0.6625
vn 0.7922 0.1968 0.5777
vn 0.2924 0.6033 0.7420
vn 0.3257 0.5767 0.7492
vn -0.1767 0.8278 0.5325
vn 0.5370 0.8316 -0.1417
vn 0.3980 0.8821 -0.2522
vn 0.4106 0.8902 -0.1973
vn 0.6642 0.6132 -0.4276
vn -0.0162 0.9476 0.3191
vn 0.0073 0.9184 0.3956
vn -0.0420 0.9036 0.4263
vn -0.1096 0.9220 0.3714
vn -0.2253 0.8678 0.4428
vn -0.6681 0.7408 0.0695
vn -0.2444 0.9474 0.2068
vn -0.3419 0.9235 0.1740
vn -0.4584 0.8602 0.2236
vn -0.6902 0.7225 0.0394
vn -0.6824 0.7294 -0.0483
vn -0.6958 0.7152 -0.0656
vn -0.6497 0.7567 -0.0724
vn -0.6504 0.7585 0.0418
vn -0.8663 0.1008 -0.4892
vn -0.7723 0.4474 -0.4511
vn -0.8009 0.3091 0.5128
vn -0.8126 0.3314 0.4795
vn -0.9152 0.2303 0.3306
vn -0.9391 0.2628 0.2214
vn -0.9574 0.1310 -0.2572
vn -0.8979 0.0835 -0.4323
vn -0.8942 0.0495 -0.4449
vn -0.5368 -0.6563 -0.5303
vn -0.5903 -0.5754 -0.5661
vn 0.0573 -0.9714 -0.2303
vn -0.1885 -0.9498 -0.2497
vn -0.6386 0.3275 0.6964
vn 0.0167 -0.9297 -0.3680
vn -0.5862 -0.5979 -0.5467
vn -0.7609 -0.5450 -0.3522
vn -0.9119 -0.3631 0.1912
vn -0.8318 -0.3716 0.4122
vn -0.8211 -0.4616 0.3356
vn -0.8376 -0.4347 0.3308
vn -0.6989 -0.2720 0.6614
vn -0.2293 -0.9445 -0.2353
vn -0.7524 0.5656 -0.3376
vn -0.6779 -0.1049 -0.7276
vn -0.5233 -0.5256 -0.6707
vn -0.3826 -0.8906 -0.2459
vn -0.6839 0.0479 -0.7280
vn -0.5113 -0.4919 -0.7047
vn -0.5357 -0.8421 -0.0630
vn -0.9454 0.2244 0.2365
vn 0.3649 -0.8045 0.4686
vn 0.1114 -0.6899 0.7153
vn -0.0393 -0.9617 -0.2713
vn -0.0527 -0.0954 0.9940
vn -0.4505 -0.3496 0.8215
vn -0.3369 -0.7825 0.5236
vn 0.3904 0.6048 0.6941
vn 0.6857 0.1564 0.7109
vn 0.3714 0.7126 0.5952
vn 0.1836 0.7015 0.6886
vn 0.0679 0.6357 0.7690
vn -0.0228 0.6340 0.7730
vn -0.0478 0.4992 0.8652
vn -0.0445 0.5581 0.8286
vn -0.1035 0.3866 0.9164
vn -0.0540 0.4218 0.9051
vn 0.0321 -0.0445 0.9985
vn 0.0547 0.2006 0.9781
vn 0.6912 -0.4323 0.5791
vn 0.0532 -0.3069 0.9503
vn -0.0535 0.2392 0.9695
vn -0.1579 0.3465 0.9247
vn -0.5470 0.4311 0.7175
vn -0.4216 -0.4433 0.7910
vn -0.3413 -0.7836 0.5191
vn 0.6264 -0.6259 -0.4646
vn -0.2394 0.2238 0.9448
vn 0.0980 -0.5598 0.8228
vn 0.1828 -0.7852 0.5916
vn -0.1589 -0.8213 0.5479
vn -0.7974 -0.0283 -0.6027
vn -0.1840 -0.3738 -0.9091
vn -0.7383 -0.1048 -0.6663
vn 0.0354 -0.4924 -0.8696
vn 0.1244 -0.4924 -0.8614
vn 0.1441 -0.9869 -0.0730
vn -0.1582 0.4363 0.8858
vn 0.3842 -0.0956 0.9183
vn 0.6246 -0.2631 0.7353
vn 0.7176 -0.6798 -0.1515
vn 0.6079 -0.6399 -0.4701
vn 0.6205 -0.7153 -0.3216
vn 0.7089 -0.6987 -0.0967
vn 0.2617 -0.4783 -0.8383
vn 0.0944 -0.2293 -0.9688
vn 0.2179 -0.4595 -0.8610
vn 0.0700 -0.3624 -0.9294
vn 0.1374 -0.4763 -0.8684
vn -0.1428 -0.4342 -0.8894
vn -0.8212 0.0177 -0.5704
vn -0.1426 -0.5874 -0.7966
vn -0.8121 -0.0843 -0.5773
vn 0.6477 -0.7543 0.1073
vn 0.6016 0.1818 0.7778
vn 0.7857 -0.4214 0.4528
vn 0.4968 0.1347 0.8573
vn 0.2070 0.6228 0.7545
vn -0.0127 0.5336 0.8456
vn 0.4681 0.0079 0.8836
vn 0.5809 -0.7434 -0.3316
vn 0.2266 -0.6542 -0.7215
vn 0.0957 -0.5748 -0.8127
vn 0.1195 -0.6240 -0.7723
vn -0.8749 0.2038 -0.4392
vn -0.2178 -0.9401 -0.2622
vn -0.0000 -0.9222 -0.3868
vn 0.0657 -0.8897 -0.4519
vn -0.0302 -0.9813 -0.1901
vn -0.4905 -0.6899 0.5324
vn -0.1036 -0.9776 -0.1833
vn -0.1029 -0.9925 -0.0656
vn 0.0422 -0.9959 -0.0796
vn 0.1739 -0.9796 -0.1003
vn 0.7515 -0.3273 0.5728
vn 0.7662 -0.1140 0.6324
vn 0.1204 0.0394 0.9919
vn 0.6769 -0.7135 -0.1808
vn 0.3180 -0.7648 -0.5603
vn -0.6436 -0.3692 -0.6705
vn -0.8065 -0.1677 -0.5669
vn -0.8879 -0.2202 -0.4038
vn 0.6609 -0.0295 0.7499
vn 0.8034 -0.0501 0.5933
vn 0.9116 -0.3392 0.2324
vn 0.8347 -0.4028 0.3755
vn 0.4562 0.0230 0.8896
vn 0.7965 -0.5445 0.2629
vn -0.2978 -0.7168 -0.6305
vn -0.4824 -0.7039 -0.5214
vn -0.1647 -0.5979 -0.7844
vn 0.2559 -0.7385 -0.6238
vn -0.0716 -0.5534 -0.8299
vn 0.4019 -0.6522 -0.6428
vn -0.8589 0.0512 -0.5096
vn -0.9343 -0.1345 -0.3301
vn -0.8816 -0.4694 0.0504
vn -0.8480 -0.1883 -0.4954
vn -0.8012 -0.0639 -0.5950
vn -0.8193 0.0226 -0.5729
vn -0.8072 0.0258 -0.5896
vn -0.8191 0.0993 -0.5650
vn -0.6965 -0.5691 -0.4370
vn -0.3154 -0.8987 0.3046
vn -0.3947 -0.2836 0.8739
vn 0.0859 -0.9781 0.1893
vn 0.1261 -0.9784 0.1640
vn 0.2723 -0.9239 -0.2689
vn 0.4864 -0.8236 0.2918
vn -0.5051 -0.3468 0.7903
vn 0.0457 -0.4348 0.8994
vn -0.1313 -0.2929 0.9471
vn 0.2666 -0.9389 0.2177
vn 0.7953 -0.4289 0.4284
vn -0.1523 -0.9608 0.2317
vn -0.2542 -0.9651 -0.0629
vn -0.1314 -0.9913 0.0069
vn 0.0887 -0.9924 0.0854
vn 0.2139 -0.9765 0.0258
vn 0.7577 -0.2187 0.6149
vn 0.6842 0.1978 0.7020
vn 0.1300 0.8899 0.4372
vn 0.1295 0.8876 0.4420
vn 0.4417 0.6860 0.5782
vn 0.7714 0.2057 0.6022
vn 0.7102 -0.5905 0.3833
vn -0.2660 0.6917 0.6714
vn -0.0456 0.5630 0.8252
vn 0.0029 0.4695 0.8829
vn 0.5133 0.2509 0.8207
vn -0.4270 0.6225 0.6559
vn -0.4408 0.6304 0.6389
vn -0.4315 0.6751 0.5984
vn -0.3552 0.8285 0.4329
vn -0.3493 0.8968 0.2714
vn -0.4786 0.5475 0.6864
vn -0.4703 0.4315 0.7698
vn -0.0272 0.3779 0.9254
vn -0.4785 0.5527 0.6823
vn -0.4586 0.6083 0.6478
vn -0.9431 0.2034 -0.2630
vn -0.9315 0.2451 -0.2689
vn -0.8243 0.3227 -0.4651
vn -0.8443 0.3745 -0.3834
vn -0.8823 0.3781 -0.2802
vn -0.9156 0.3392 -0.2158
vn 0.5081 0.2636 0.8199
vn -0.4955 0.2868 0.8199
vn -0.9679 0.1286 -0.2159
vn 0.4933 -0.4417 0.7494
vn 0.2224 0.1779 0.9586
vn 0.7609 -0.2115 0.6135
vn 0.3146 0.4112 0.8555
vn 0.6339 -0.1005 0.7669
vn 0.2735 0.3853 0.8813
vn 0.2423 -0.0651 0.9680
vn 0.2681 -0.6570 0.7046
vn -0.4451 0.6364 0.6301
vn -0.2749 0.7900 0.5480
vn -0.2579 0.7761 0.5755
vn 0.1711 0.2129 0.9620
vn -0.3077 -0.3938 0.8662
vn -0.3519 -0.2826 0.8924
vn -0.6032 0.7347 0.3104
vn -0.7326 0.6796 0.0367
vn -0.7204 0.6246 0.3015
vn -0.9187 0.2189 -0.3287
vn -0.9164 0.3958 -0.0598
vn -0.3170 0.3374 0.8864
vn -0.7459 0.6417 -0.1785
vn -0.7018 0.7118 0.0297
vn -0.6531 0.7570 0.0179
vn -0.6481 0.7612 0.0224
vn -0.8500 0.3566 -0.3877
vn -0.7753 0.3159 -0.5470
vn -0.8045 0.3555 -0.4759
vn -0.7736 0.4258 -0.4693
vn -0.7533 0.4005 -0.5216
vn -0.7334 0.3908 -0.5562
vn -0.6323 0.4348 -0.6412
vn -0.6834 0.5945 -0.4237
vn -0.6685 0.6611 -0.3407
vn -0.6739 0.6993 -0.2384
vn -0.6604 -0.4571 0.5958
vn -0.2523 0.1653 -0.9534
vn -0.2412 0.0564 -0.9688
vn -0.4918 0.4171 -0.7643
vn -0.3465 -0.0957 -0.9332
vn -0.4486 -0.2590 -0.8554
vn -0.4727 -0.1996 -0.8583
vn -0.5543 -0.2471 -0.7948
vn -0.6030 -0.2293 -0.7641
vn -0.5455 -0.2217 -0.8083
vn -0.5171 -0.2087 -0.8301
vn -0.5825 -0.5578 0.5913
vn -0.5144 -0.6656 0.5407
vn -0.1352 -0.5511 0.8234
vn 0.0177 -0.5376 -0.8430
vn 0.0263 -0.6744 -0.7379
vn -0.0319 -0.7637 -0.6448
vn 0.0282 -0.7786 -0.6269
vn 0.0381 -0.8018 -0.5963
vn -0.0109 -0.7498 -0.6616
vn 0.0049 -0.7753 -0.6316
vn -0.0479 -0.7311 -0.6805
vn 0.3199 -0.8986 -0.3002
vn 0.2940 -0.9535 -0.0657
vn 0.4773 -0.3552 0.8038
vn 0.6867 -0.7007 0.1933
vn 0.6230 -0.7820 0.0193
vn 0.3601 -0.9155 0.1795
vn 0.2789 -0.9600 -0.0246
vn 0.1915 -0.9399 -0.2827
vn 0.1829 -0.8654 -0.4666
vn -0.7467 -0.3816 0.5448
vn -0.5824 -0.3942 0.7110
vn -0.5919 -0.4016 0.6988
vn 0.0116 -0.4700 -0.8826
vn -0.8373 -0.3155 0.4465
vn -0.9025 -0.1271 0.4116
vn -0.7416 0.0334 -0.6700
vn -0.7747 0.1283 -0.6191
vn -0.4830 -0.6206 -0.6178
vn -0.5465 -0.5571 -0.6253
vn 0.0765 -0.9708 -0.2274
vn 0.0139 -0.9757 -0.2187
vn 0.4745 -0.0110 -0.8802
vn 0.5878 -0.0580 -0.8069
vn 0.5045 -0.0220 -0.8631
vn 0.6318 0.0615 -0.7727
vn 0.6361 0.0605 -0.7692
vn 0.5204 0.2230 -0.8243
vn 0.5060 0.2253 -0.8326
vn -0.6344 0.6888 -0.3508
vn -0.6885 0.5467 -0.4765
vn -0.7766 0.0068 0.6299
vn -0.8934 -0.1221 0.4323
vn 0.5820 0.3738 -0.7222
vn 0.2569 -0.9663 0.0138
vn 0.1608 -0.9869 0.0160
vn 0.7460 -0.1874 -0.6391
vn 0.8840 0.0484 -0.4650
vn 0.7676 0.3828 -0.5140
vn 0.5540 0.3706 -0.7454
vn -0.1309 0.9616 0.2412
vn -0.2412 0.9673 0.0782
vn -0.6517 -0.0322 0.7578
vn -0.7840 -0.0271 0.6202
vn -0.5630 0.7010 -0.4377
vn 0.1275 0.9156 0.3813
vn 0.0998 0.9727 0.2094
vn 0.7527 -0.0568 0.6559
vn 0.6830 0.1548 0.7139
vn -0.0060 0.1801 0.9836
vn 0.4358 -0.0784 0.8966
vn 0.7400 -0.3402 0.5803
vn -0.3780 0.9258 -0.0083
vn -0.6394 -0.0824 0.7645
vn -0.6462 -0.0425 0.7620
vn -0.5617 0.0718 0.8242
vn -0.3509 0.0200 0.9362
vn -0.0535 -0.0022 0.9986
vn -0.3901 0.9175 -0.0780
vn -0.1150 0.9600 0.2554
vn -0.1483 0.9633 0.2239
vn 0.2103 0.8682 0.4495
vn 0.5964 0.5786 0.5564
vn 0.8053 0.2272 0.5476
vn -0.9726 0.1582 -0.1704
vn -0.9480 0.1894 -0.2557
vn -0.9195 0.3014 -0.2522
vn -0.7445 0.6257 0.2329
vn -0.4195 0.6893 0.5906
vn -0.3007 0.8918 0.3379
vn -0.2135 0.9658 0.1473
vn -0.0718 0.9557 0.2853
vn -0.1970 0.6876 0.6989
vn -0.1773 0.5435 0.8205
vn -0.4117 0.6063 0.6803
vn -0.1679 0.4778 0.8623
vn -0.1556 0.6201 0.7689
vn -0.2558 0.7344 0.6287
vn -0.1962 0.8637 0.4642
vn -0.0435 0.8073 0.5886
vn -0.1785 0.6906 0.7009
vn -0.4264 0.1632 0.8897
vn -0.3017 0.3432 0.8895
vn -0.8158 0.3284 0.4761
vn -0.9836 -0.0603 0.1699
vn -0.9906 0.1091 0.0828
vn -0.7212 0.6877 0.0828
vn -0.1671 0.9247 0.3420
vn 0.5133 0.8392 0.1795
vn 0.9459 0.3130 0.0854
vn -0.0647 -0.1401 0.9880
vn -0.0521 -0.2016 0.9781
vn -0.0028 -0.0265 0.9996
vn 0.0984 0.1114 0.9889
vn -0.0027 0.9997 0.0230
vn 0.6494 0.7525 0.1094
vn 0.9863 0.1624 -0.0292
vn 0.8820 -0.4694 -0.0422
vn 0.8809 -0.4718 -0.0377
vn 0.6911 -0.7196 -0.0675
vn 0.2421 -0.9679 0.0666
vn -0.3691 -0.9232 0.1066
vn -0.2781 -0.9465 0.1637
vn -0.1893 -0.9717 0.1416
vn -0.9181 0.0606 0.3917
vn -0.8512 0.2902 0.4374
vn -0.9984 -0.0433 0.0358
vn -0.6023 -0.7977 0.0300
vn -0.4294 -0.8954 0.1176
vn -0.7225 -0.3028 0.6216
vn 0.4107 0.6287 0.6604
vn -0.3547 0.2750 0.8936
vn 0.0560 0.9757 0.2119
vn -0.6706 0.6924 0.2661
vn 0.6233 0.7819 -0.0113
vn 0.9704 0.2416 0.0070
vn 0.9077 -0.4126 0.0764
vn 0.3003 -0.9498 0.0877
vn -0.2332 -0.9717 0.0369
vn 0.1885 -0.9744 -0.1225
vn 0.1116 -0.8931 -0.4358
vn 0.0373 -0.7646 -0.6434
vn 0.8697 -0.4705 -0.1495
vn 0.9617 0.2511 -0.1100
vn 0.6407 0.7671 0.0338
vn 0.4306 -0.2612 -0.8639
vn 0.6740 -0.3801 -0.6334
vn 0.8516 0.2714 -0.4485
vn 0.7301 0.6829 -0.0254
vn 0.7245 0.3618 -0.5867
vn -0.1939 -0.9803 -0.0382
vn 0.0041 -0.6617 -0.7498
vn 0.3410 -0.1138 -0.9332
vn 0.6174 0.4478 -0.6467
vn 0.6962 0.6755 -0.2429
vn 0.8872 0.4494 0.1041
vn 0.5001 -0.2268 0.8357
vn -0.0998 -0.7653 0.6359
vn -0.1498 -0.9781 0.1443
vn -0.2015 -0.9219 -0.3309
vn -0.2240 -0.8687 -0.4417
vn -0.0290 -0.4754 -0.8793
vn -0.2763 -0.9232 -0.2669
vn 0.1406 -0.3613 -0.9218
vn 0.8590 -0.2812 0.4277
vn 0.5937 -0.3984 0.6992
vn 0.5929 -0.4090 0.6937
vn 0.7771 -0.3632 0.5139
vn 0.9012 -0.1157 0.4178
vn 0.8935 -0.1025 0.4371
vn 0.8081 -0.0147 0.5889
vn 0.7476 0.0037 0.6642
vn 0.6764 -0.0435 0.7352
vn 0.6451 -0.0384 0.7632
vn 0.6203 -0.0131 0.7843
vn -0.1861 -0.9727 0.1385
vn 0.0550 -0.9855 -0.1603
vn -0.1808 -0.9635 -0.1973
vn -0.0502 -0.9930 -0.1072
vn 0.1382 -0.9848 -0.1054
vn 0.1322 -0.9911 0.0146
vn 0.2956 -0.9516 -0.0837
vn 0.3484 -0.8666 0.3571
vn 0.8970 -0.4342 0.0831
vn 0.1216 -0.9603 0.2513
vn -0.2203 -0.9600 0.1731
vn 0.0711 -0.7511 0.6563
vn 0.4797 -0.2999 0.8246
vn -0.5274 -0.7764 0.3449
vn -0.7689 -0.6333 -0.0879
vn 0.0151 -0.9690 -0.2464
vn -0.3047 -0.6909 -0.6556
vn 0.8538 0.2870 -0.4344
vn 0.8508 0.1203 -0.5115
vn 0.6578 0.3446 -0.6698
vn 0.0699 0.6797 -0.7302
vn 0.8923 0.3123 -0.3261
vn 0.1105 0.6132 -0.7821
vn 0.8408 0.2907 -0.4566
vn -0.0060 0.1285 -0.9917
vn 0.7619 0.1098 -0.6384
vn 0.1023 -0.4883 -0.8667
vn 0.8231 0.0465 -0.5660
vn 0.7715 -0.2730 -0.5746
vn 0.8274 0.0523 -0.5591
vn 0.8575 -0.0973 -0.5052
vn 0.9259 -0.0645 -0.3722
vn 0.2701 -0.9428 -0.1955
vn 0.1060 -0.9751 -0.1950
vn 0.1670 -0.9815 -0.0940
vn 0.0809 -0.9445 -0.3183
vn -0.3799 0.0481 -0.9238
vn -0.3424 0.0277 -0.9392
vn -0.3994 0.5969 -0.6958
vn -0.8499 0.2395 -0.4693
vn -0.8718 -0.3072 -0.3816
vn -0.0290 -0.9505 -0.3093
vn 0.1560 -0.9839 0.0876
vn -0.9872 -0.1229 -0.1021
vn -0.9524 -0.2914 0.0890
vn -0.3502 -0.9259 0.1415
vn -0.8872 -0.4379 0.1452
vn -0.8444 -0.4427 0.3016
vn -0.6350 -0.4213 0.6475
vn -0.8073 -0.5368 0.2452
vn -0.0275 0.0558 0.9981
vn 0.4906 -0.6899 0.5324
vn -0.5944 -0.8039 0.0189
vn -0.9033 -0.2768 -0.3277
vn -0.7432 -0.1007 -0.6614
vn -0.5306 0.6228 -0.5749
vn -0.7940 0.0322 -0.6070
vn -0.2627 0.6181 -0.7409
vn -0.3425 0.2980 -0.8910
vn -0.1664 0.6706 -0.7229
vn -0.3528 0.1132 -0.9288
vn -0.2178 0.3797 -0.8991
vn 0.0046 0.0027 -1.0000
vn -0.0555 0.2825 -0.9577
vn 0.3368 0.0555 -0.9399
vn 0.7852 0.2469 -0.5679
vn 0.2466 0.6366 -0.7307
vn 0.9486 0.2155 -0.2318
vn 0.2336 0.8143 -0.5314
vn 0.8575 0.4114 -0.3090
vn 0.4707 0.7794 -0.4136
vn 0.7925 0.5029 -0.3450
vn -0.2122 0.8478 -0.4860
vn -0.1070 0.9047 -0.4123
vn -0.0657 0.9055 -0.4193
vn -0.1178 0.8060 -0.5800
vn 0.0666 0.8255 -0.5605
vn -0.1105 0.8189 -0.5631
vn -0.4807 0.8278 -0.2892
vn -0.1990 0.8750 -0.4414
vn -0.2064 0.8354 -0.5095
vn -0.7123 0.5107 -0.4816
vn 0.0167 0.7637 -0.6453
vn -0.3327 -0.9179 -0.2161
vn -0.7973 -0.6027 -0.0320
vn -0.6139 -0.6556 -0.4396
vn -0.4813 -0.8473 -0.2247
vn 0.9940 0.0282 -0.1059
vn 0.9815 -0.0246 -0.1897
vn 0.3946 -0.8710 0.2927
vn -0.0770 -0.9148 0.3964
vn 0.3552 -0.9197 0.1671
vn 0.4585 -0.7803 0.4254
vn 0.4589 -0.7829 0.4201
vn 0.0754 -0.2802 0.9570
vn -0.0131 -0.6635 0.7480
vn 0.1299 0.0923 0.9872
vn 0.8819 0.0598 0.4676
vn 0.4931 -0.5708 0.6565
vn 0.4166 0.5482 0.7252
vn 0.2524 0.0884 0.9636
vn 0.3427 0.6113 0.7134
vn 0.7986 0.3742 0.4714
vn 0.9946 0.0966 -0.0373
vn -0.5828 -0.6829 0.4404
vn -0.2189 -0.3413 -0.9141
vn -0.2198 -0.3437 -0.9130
vn 0.7433 0.6517 0.1510
vn 0.8282 0.2905 0.4792
vn 0.3595 0.5888 0.7240
vn 0.1847 0.8676 0.4617
vn 0.2914 0.8995 0.3257
vn 0.6643 0.7429 -0.0829
vn 0.6548 0.6947 -0.2978
vn 0.9245 0.2804 -0.2580
vn 0.2309 0.9611 0.1512
vn 0.0697 0.9497 0.3054
vn 0.1029 0.9608 0.2574
vn 0.4422 0.8940 -0.0731
vn 0.7033 0.6585 -0.2679
vn 0.2950 0.1561 -0.9427
vn 0.2036 0.0292 -0.9786
vn 0.5114 0.4138 -0.7531
vn 0.5553 0.7051 -0.4410
vn 0.6973 0.5640 -0.4422
vn 0.3392 0.9402 0.0327
vn 0.1175 0.9593 0.2567
vn -0.2534 0.8108 0.5277
vn -0.1577 0.8849 0.4382
vn -0.1296 0.8834 0.4503
vn 0.0277 0.8158 0.5776
vn -0.0518 0.4881 0.8712
vn 0.5611 0.1147 0.8198
vn -0.1924 0.3111 0.9307
vn -0.4578 0.6895 0.5612
vn -0.3781 0.7144 0.5888
vn -0.1916 0.7177 0.6695
vn 0.1569 0.4610 0.8734
vn 0.2489 0.5236 0.8148
vn 0.3038 0.1690 0.9376
vn 0.7999 -0.3006 0.5195
vn 0.5298 -0.5695 -0.6286
vn 0.5533 -0.5263 -0.6457
vn 0.7610 0.0733 -0.6446
vn 0.7486 0.1529 -0.6451
vn 0.6764 0.6138 -0.4072
vn 0.5941 0.7313 -0.3350
vn 0.2487 0.9609 0.1215
vn 0.0994 0.9789 0.1785
vn -0.4667 0.1539 0.8709
vn -0.7655 0.2326 0.6000
vn -0.5153 -0.5548 0.6531
vn -0.4113 -0.1775 0.8940
vn -0.8063 0.5790 0.1209
vn -0.5648 0.3587 -0.7431
vn -0.5830 0.3721 -0.7222
vn -0.5021 0.2227 -0.8357
vn -0.5186 0.2132 -0.8280
vn -0.6279 0.1054 -0.7712
vn -0.6201 0.0932 -0.7790
vn -0.5063 -0.0423 -0.8613
vn -0.4951 -0.0420 -0.8678
vn -0.5517 -0.0595 -0.8319
vn -0.6983 -0.2631 -0.6657
vn -0.8853 -0.0048 -0.4651
vn -0.9883 -0.0649 0.1378
vn -0.8379 0.3100 -0.4492
vn 0.2155 0.0330 0.9759
vn -0.7299 -0.5506 0.4050
vn -0.6924 0.2313 0.6834
vn -0.3884 0.6012 0.6984
vn 0.0540 0.4477 0.8926
vn 0.1751 0.0371 0.9839
vn 0.1823 -0.5525 0.8133
vn 0.1686 -0.5523 0.8164
vn 0.4804 -0.8222 0.3054
vn -0.5861 -0.6827 0.4364
vn -0.6679 0.1439 0.7302
vn -0.0191 0.4459 0.8949
vn 0.0983 -0.0447 0.9942
vn 0.0849 -0.6099 0.7879
vn 0.0670 -0.5986 0.7983
vn 0.1072 -0.6405 0.7605
vn 0.1087 -0.0542 0.9926
vn -0.4248 0.0811 0.9016
vn -0.5639 -0.7635 0.3148
vn -0.0526 -0.9953 0.0815
vn -0.4676 -0.3337 0.8185
vn -0.7135 -0.3439 0.6104
vn -0.8867 -0.4479 0.1149
vn -0.5331 -0.6112 0.5850
vn 0.1080 -0.9206 0.3753
vn -0.1542 -0.9526 0.2624
vn -0.1988 -0.9512 0.2360
vn -0.4205 -0.8944 0.1522
vn 0.0612 -0.9832 0.1722
vn -0.3641 0.3333 -0.8697
vn -0.0364 -0.9992 0.0175
vn -0.1362 -0.6028 -0.7862
vn -0.5829 -0.5161 -0.6276
vn 0.9918 0.0217 -0.1261
vn 0.9851 -0.0662 -0.1588
vn 0.1221 -0.8897 -0.4398
vn -0.1973 -0.9755 -0.0977
vn -0.9043 -0.4269 0.0010
vn -0.1839 -0.7480 -0.6377
vn 0.2891 -0.4771 -0.8299
vn 0.2004 -0.4490 -0.8707
vn -0.1301 -0.9749 0.1805
vn -0.3895 -0.5108 -0.7664
vn -0.4826 -0.6532 -0.5835
vn -0.0542 -0.5700 -0.8199
vn 0.1445 0.9867 0.0739
vn 0.1352 0.9893 0.0542
vn 0.1434 0.9871 0.0716
vn 0.2819 0.9169 0.2825
vn 0.2567 0.9304 0.2617
vn 0.4596 0.8803 0.1178
vn 0.5533 0.8217 0.1365
vn 0.3186 0.9029 0.2886
vn 0.0766 0.8947 0.4400
vn 0.1222 0.9298 0.3473
vn 0.3072 0.9098 0.2790
vn 0.5314 0.8351 0.1425
vn 0.6563 0.7540 0.0276
vn 0.2099 0.9768 0.0431
vn 0.3620 0.9320 0.0192
vn 0.2731 0.9572 0.0953
vn 0.3807 0.9159 0.1271
vn 0.5467 0.8124 0.2029
vn 0.5789 0.7619 0.2904
vn -0.0266 0.9057 0.4231
vn 0.0551 0.9292 0.3655
vn 0.5632 0.8263 0.0005
vn 0.6385 0.7605 0.1186
vn 0.6194 0.7562 0.2109
vn 0.5466 0.8374 0.0010
vn 0.1509 0.9855 0.0778
vn 0.5932 0.7966 0.1168
vn 0.4973 0.8553 0.1455
vn 0.7722 0.6295 0.0859
vn -0.0434 0.8570 0.5135
vn 0.0890 0.9249 0.3697
vn 0.0555 0.8991 0.4342
vn 0.8451 0.4976 -0.1957
vn -0.0386 0.8395 0.5420
vn 0.3064 0.9055 0.2936
vn 0.2949 0.9124 0.2839
vn 0.3124 0.8959 0.3160
vn 0.1305 0.8724 0.4711
vn 0.1517 0.9853 0.0790
vn 0.6711 0.7359 0.0900
vn -0.2291 0.8337 0.5024
vn 0.1372 0.9861 0.0939
vn 0.7478 0.6274 0.2171
vn 0.1419 0.9656 0.2179
vn 0.1393 0.9798 0.1437
vn 0.7239 0.6898 -0.0156
vn 0.3176 0.8954 0.3122
vn 0.1261 0.8503 0.5109
vn 0.0452 0.7930 0.6075
vn 0.1936 0.9404 0.2795
vn 0.2363 0.7885 0.5679
vn 0.2067 0.9110 0.3570
vn 0.7847 0.6054 0.1332
vn 0.6463 0.7392 0.1893
vn 0.0511 0.8297 0.5559
vn 0.2614 0.9259 0.2728
vn 0.3505 0.8228 0.4474
vn 0.2622 0.9252 0.2742
vn 0.5805 0.7845 0.2183
vn 0.6857 0.7036 0.1868
vn 0.3139 0.8929 0.3229
vn -0.0324 0.8849 0.4646
vn -0.5213 0.4536 -0.7228
vn -0.4699 0.4489 -0.7601
vn -0.5488 0.1203 -0.8273
vn -0.6027 0.1255 -0.7880
vn -0.5907 0.4573 -0.6648
vn -0.5755 0.4568 -0.6784
vn -0.6598 0.1307 -0.7400
vn -0.6747 0.1320 -0.7262
vn -0.4335 0.4317 -0.7911
vn -0.4410 0.4201 -0.7931
vn -0.5089 0.1163 -0.8530
vn -0.5049 0.1159 -0.8554
vn -0.7344 0.4668 -0.4927
vn -0.6347 0.4576 -0.6226
vn -0.7195 0.1357 -0.6811
vn -0.8159 0.1422 -0.5605
vn 0.8506 -0.0878 -0.5184
vn 0.9229 -0.1058 -0.3702
vn -0.6203 0.4812 -0.6194
vn -0.7441 0.4818 -0.4629
vn -0.8449 0.1437 -0.5153
vn -0.7073 0.1347 -0.6940
vn -0.7365 0.1370 -0.6624
vn -0.6296 0.4830 -0.6086
vn 0.6221 -0.1274 0.7725
vn -0.7172 0.4954 -0.4901
vn -0.8241 0.1427 -0.5481
vn 0.9899 -0.1326 -0.0493
vn -0.1887 -0.0280 0.9816
vn 0.1615 -0.0760 0.9839
vn -0.7127 0.0591 0.6989
vn -0.5030 0.0214 0.8640
vn 0.4915 -0.1145 0.8633
vn -0.9413 0.1112 0.3187
vn -0.9885 0.1385 -0.0615
vn -0.4606 0.0143 0.8875
vn -0.6113 0.4577 -0.6456
vn -0.6965 0.1338 -0.7050
vn -0.5546 0.4558 -0.6961
vn -0.5421 0.4551 -0.7064
vn -0.6244 0.1276 -0.7706
vn -0.6379 0.1288 -0.7592
vn 0.9659 -0.1438 0.2155
vn 0.7286 -0.0622 -0.6821
vn -0.0770 0.0650 -0.9949
vn -0.4974 0.1151 -0.8599
vn -0.8160 0.1422 -0.5602
vn -0.9468 0.1129 0.3013
vn 0.0736 -0.0646 0.9952
vn 0.4877 -0.1141 0.8655
vn 0.8104 -0.1419 0.5684
vn 0.9783 -0.1420 0.1509
vn 0.9476 -0.1131 -0.2987
vn 0.0274 -0.0584 0.9979
vn -0.0966 -0.0413 0.9945
vn 0.4706 -0.1123 0.8752
vn 0.7916 -0.1408 0.5946
vn 0.9589 -0.1444 0.2441
vn 0.9383 -0.1103 -0.3279
vn -0.1258 -0.9915 -0.0345
vn -0.1270 -0.9912 -0.0368
vn -0.1352 -0.9893 -0.0542
vn 0.0221 -0.9837 0.1784
vn 0.3112 -0.9495 0.0394
vn 0.2055 -0.9785 0.0159
vn -0.0054 -0.9876 0.1566
vn 0.0611 -0.9808 0.1854
vn 0.0485 -0.9833 0.1753
vn -0.1361 -0.9603 0.2437
vn -0.1720 -0.9245 0.3403
vn -0.1353 -0.9893 -0.0542
vn 0.4301 -0.9006 -0.0631
vn 0.2864 -0.9571 0.0443
vn -0.0598 -0.9961 -0.0650
vn 0.0991 -0.9913 -0.0862
vn 0.1199 -0.9925 0.0226
vn 0.0057 -0.9999 -0.0119
vn 0.3496 -0.9156 0.1985
vn 0.3064 -0.9459 0.1066
vn -0.2008 -0.9437 0.2629
vn -0.2741 -0.9055 0.3238
vn 0.3215 -0.9420 -0.0964
vn 0.3025 -0.9482 -0.0968
vn 0.3913 -0.9125 0.1195
vn 0.4099 -0.9117 0.0270
vn -0.1194 -0.9924 -0.0306
vn 0.3566 -0.9340 0.0220
vn 0.5743 -0.8186 0.0065
vn 0.2482 -0.9676 0.0456
vn -0.2785 -0.8641 0.4192
vn -0.1934 -0.9224 0.3344
vn -0.1671 -0.9491 0.2671
vn 0.6839 -0.6816 -0.2603
vn -0.2697 -0.8517 0.4493
vn 0.0487 -0.9805 0.1903
vn 0.0358 -0.9830 0.1800
vn 0.0567 -0.9753 0.2134
vn -0.1146 -0.9208 0.3729
vn -0.1186 -0.9925 -0.0294
vn 0.4484 -0.8938 0.0007
vn -0.4512 -0.7909 0.4134
vn -0.1330 -0.9910 -0.0145
vn 0.5496 -0.8241 0.1375
vn -0.1300 -0.9909 0.0357
vn -0.1248 -0.9860 0.1110
vn 0.5131 -0.8525 -0.1001
vn 0.0618 -0.9758 0.2096
vn -0.1135 -0.9028 0.4149
vn -0.1775 -0.8367 0.5182
vn -0.0691 -0.9823 0.1742
vn -0.0498 -0.9659 0.2541
vn 0.0084 -0.8792 0.4765
vn 0.4221 -0.9011 0.0994
vn 0.5920 -0.8040 0.0560
vn -0.1809 -0.8678 0.4628
vn 0.0002 -0.9858 0.1680
vn 0.0011 -0.9855 0.1695
vn 0.1110 -0.9297 0.3513
vn 0.3462 -0.9299 0.1243
vn 0.4696 -0.8772 0.1002
vn 0.0588 -0.9736 0.2206
vn -0.2748 -0.8885 0.3674
vn -0.6130 -0.2174 -0.7596
vn -0.5616 -0.2226 -0.7969
vn -0.6817 -0.2085 -0.7013
vn -0.6667 -0.2107 -0.7149
vn -0.5215 -0.2125 -0.8264
vn -0.5256 -0.1993 -0.8271
vn -0.8252 -0.1977 -0.5291
vn -0.7249 -0.2016 -0.6587
vn -0.7173 -0.2284 -0.6583
vn -0.8390 -0.2126 -0.5009
vn -0.7268 -0.2288 -0.6476
vn -0.8163 -0.2299 -0.5299
vn -0.7020 -0.2054 -0.6819
vn -0.6461 -0.2134 -0.7328
vn -0.6337 -0.2150 -0.7431
vn -0.3589 -0.0021 0.9334
vn 0.0493 0.0479 -0.9976
vn 0.4382 -0.0106 -0.8988
vn -0.5693 0.1224 -0.8130
vn -0.2749 0.0900 -0.9572
vn 0.5427 -0.0282 -0.8394
vn 0.5373 -0.0272 -0.8430
vn 0.0371 -0.0597 0.9975
vn 0.5448 -0.0285 -0.8381
vn 0.2833 0.9581 0.0434
vn 0.2828 0.9581 0.0464
vn 0.2836 0.9586 0.0258
vn 0.2829 0.9590 0.0186
vn 0.2816 0.9595 0.0040
vn -0.3741 0.9266 -0.0398
vn -0.2843 0.9587 0.0004
vn -0.2876 0.9578 0.0030
vn -0.3707 0.9279 -0.0394
vn -0.3807 0.9204 0.0892
vn -0.3974 0.9115 0.1064
vn -0.4655 0.8530 0.2360
vn -0.4709 0.8383 0.2747
vn 0.2745 0.9592 0.0683
vn 0.2743 0.9592 0.0688
vn 0.2582 0.9611 0.0983
vn 0.2596 0.9609 0.0960
vn 0.2441 0.9618 0.1238
vn 0.2465 0.9618 0.1188
vn 0.2398 0.9617 0.1329
vn -0.1420 -0.0348 0.9893
vn -0.5044 0.8619 -0.0526
vn -0.4474 0.7996 0.4007
vn -0.4198 0.7917 0.4439
vn -0.3806 0.7775 0.5006
vn 0.0160 -0.9978 -0.0638
vn 0.0157 -0.9959 -0.0885
vn 0.0163 -0.9966 -0.0813
vn 0.0155 -0.9980 -0.0608
vn 0.0145 -0.9946 -0.1030
vn -0.6077 -0.7829 -0.1335
vn -0.6048 -0.7851 -0.1333
vn -0.5333 -0.8405 -0.0956
vn -0.5304 -0.8420 -0.0983
vn -0.6283 -0.7779 0.0138
vn -0.6144 -0.7890 -0.0045
vn -0.6820 -0.7062 0.1901
vn -0.6801 -0.7176 0.1500
vn 0.0069 -0.9992 -0.0390
vn 0.0066 -0.9992 -0.0385
vn -0.0084 -0.9999 -0.0114
vn -0.0098 -0.9999 -0.0092
vn -0.0216 -0.9997 0.0114
vn -0.0239 -0.9996 0.0163
vn -0.0283 -0.9993 0.0254
vn 0.6985 -0.1340 0.7030
vn -0.8906 0.1453 -0.4310
vn -0.7158 -0.6847 -0.1373
vn -0.6229 -0.6933 0.3625
vn -0.6508 -0.6889 0.3192
vn -0.5822 -0.6963 0.4198
vt 0.085785 0.293492
vt 0.085213 0.296992
vt 0.082371 0.292401
vt 0.080900 0.295893
vt 0.227492 0.940811
vt 0.211141 0.934592
vt 0.213505 0.923127
vt 0.233583 0.934095
vt 0.219061 0.894967
vt 0.237503 0.903096
vt 0.214125 0.878029
vt 0.233585 0.882623
vt 0.216963 0.860690
vt 0.235984 0.865909
vt 0.219588 0.842839
vt 0.238171 0.848683
vt 0.217725 0.832325
vt 0.238286 0.836150
vt 0.215189 0.821361
vt 0.238486 0.822660
vt 0.221150 0.798274
vt 0.241883 0.806034
vt 0.223427 0.767089
vt 0.244307 0.767172
vt 0.235478 0.947163
vt 0.255065 0.837198
vt 0.254759 0.851583
vt 0.254755 0.868532
vt 0.254752 0.885482
vt 0.254704 0.914700
vt 0.256750 0.953339
vt 0.252494 0.959708
vt 0.237292 0.959674
vt 0.222890 0.945887
vt 0.209577 0.942178
vt 0.243969 0.972465
vt 0.255762 0.985586
vt 0.296917 0.980041
vt 0.275373 0.979926
vt 0.277487 0.963461
vt 0.264355 0.973014
vt 0.298150 0.966042
vt 0.277102 0.925003
vt 0.320426 0.981523
vt 0.295419 0.997043
vt 0.273347 0.995704
vt 0.347348 0.971100
vt 0.322657 0.992466
vt 0.307337 0.998388
vt 0.334814 0.968178
vt 0.344843 0.958876
vt 0.369812 0.951036
vt 0.366330 0.943488
vt 0.388436 0.940506
vt 0.385419 0.933306
vt 0.360301 0.930419
vt 0.380859 0.922425
vt 0.355558 0.901246
vt 0.375878 0.894491
vt 0.360477 0.879313
vt 0.380754 0.877551
vt 0.359232 0.864897
vt 0.378537 0.860282
vt 0.358192 0.849968
vt 0.376526 0.842500
vt 0.357416 0.836521
vt 0.378456 0.831997
vt 0.316862 0.964040
vt 0.341649 0.943283
vt 0.339712 0.911180
vt 0.340112 0.885833
vt 0.339254 0.869574
vt 0.338397 0.853314
vt 0.338900 0.837275
vt 0.339403 0.821237
vt 0.319360 0.823339
vt 0.319509 0.808439
vt 0.296361 0.806531
vt 0.296362 0.773749
vt 0.275755 0.770746
vt 0.273345 0.811705
vt 0.321867 0.838972
vt 0.296516 0.836783
vt 0.296432 0.820768
vt 0.296697 0.892153
vt 0.320244 0.892401
vt 0.317905 0.923651
vt 0.296651 0.871420
vt 0.321187 0.873493
vt 0.296615 0.852394
vt 0.323106 0.854839
vt 0.275697 0.824783
vt 0.274599 0.839746
vt 0.274788 0.854924
vt 0.275457 0.872199
vt 0.275142 0.889737
vt 0.297083 0.925378
vt 0.257597 0.767689
vt 0.256866 0.809899
vt 0.255370 0.822813
vt 0.356584 0.822121
vt 0.339209 0.806755
vt 0.316954 0.769799
vt 0.295608 0.764829
vt 0.276066 0.765559
vt 0.257967 0.763279
vt 0.242831 0.760741
vt 0.231664 0.758062
vt 0.232805 0.750000
vt 0.243442 0.752064
vt 0.258651 0.752670
vt 0.275142 0.754265
vt 0.294062 0.752136
vt 0.317537 0.762192
vt 0.338265 0.765794
vt 0.355708 0.805535
vt 0.381010 0.821038
vt 0.317742 0.751530
vt 0.337955 0.759692
vt 0.355267 0.766379
vt 0.376066 0.798063
vt 0.337435 0.750477
vt 0.353783 0.759387
vt 0.374663 0.766978
vt 0.369841 0.757544
vt 0.356382 0.750287
vt 0.370535 0.749197
vt 0.055407 0.850673
vt 0.036057 0.841453
vt 0.037251 0.830794
vt 0.057051 0.838283
vt 0.037626 0.820973
vt 0.058831 0.825017
vt 0.042731 0.799321
vt 0.061992 0.809974
vt 0.046877 0.772765
vt 0.065329 0.773715
vt 0.049071 0.764206
vt 0.067988 0.767574
vt 0.049212 0.756566
vt 0.067383 0.759042
vt 0.080757 0.769451
vt 0.081960 0.760753
vt 0.097559 0.771472
vt 0.097779 0.761411
vt 0.115189 0.774739
vt 0.117269 0.762595
vt 0.129516 0.762728
vt 0.129262 0.773449
vt 0.129931 0.778405
vt 0.114276 0.783403
vt 0.133270 0.817255
vt 0.114504 0.814618
vt 0.167068 0.759236
vt 0.169454 0.766562
vt 0.155448 0.761637
vt 0.156829 0.769594
vt 0.143961 0.762430
vt 0.145269 0.772288
vt 0.146184 0.776520
vt 0.148957 0.815993
vt 0.176139 0.774617
vt 0.157011 0.775491
vt 0.161891 0.811412
vt 0.166763 0.826347
vt 0.206341 0.927221
vt 0.207956 0.935720
vt 0.192204 0.940531
vt 0.181396 0.801666
vt 0.188114 0.823765
vt 0.188425 0.833736
vt 0.168053 0.838847
vt 0.189872 0.844581
vt 0.169189 0.850469
vt 0.193772 0.861115
vt 0.172548 0.866215
vt 0.197856 0.876546
vt 0.176055 0.881463
vt 0.197593 0.892204
vt 0.174268 0.900903
vt 0.204598 0.918048
vt 0.181318 0.929349
vt 0.181737 0.941448
vt 0.182125 0.952659
vt 0.172378 0.966320
vt 0.151565 0.828020
vt 0.152511 0.841428
vt 0.153457 0.854835
vt 0.154159 0.870691
vt 0.154860 0.886547
vt 0.156134 0.913881
vt 0.155629 0.949208
vt 0.154719 0.966913
vt 0.157908 0.979558
vt 0.140022 0.991803
vt 0.132377 0.829729
vt 0.133500 0.843881
vt 0.133820 0.858266
vt 0.133928 0.874653
vt 0.134665 0.891268
vt 0.134842 0.924783
vt 0.136078 0.961284
vt 0.138125 0.977125
vt 0.117193 0.996065
vt 0.114540 0.828522
vt 0.114481 0.843402
vt 0.114435 0.858241
vt 0.114515 0.876356
vt 0.114592 0.896095
vt 0.114320 0.927815
vt 0.113097 0.966838
vt 0.115223 0.982008
vt 0.091537 0.962090
vt 0.097329 0.979754
vt 0.094738 0.815087
vt 0.094317 0.829145
vt 0.092218 0.843876
vt 0.090932 0.858837
vt 0.091623 0.876454
vt 0.091677 0.894303
vt 0.092201 0.923806
vt 0.070178 0.912033
vt 0.065872 0.942034
vt 0.053445 0.898440
vt 0.046454 0.924818
vt 0.097609 0.778650
vt 0.050991 0.877582
vt 0.071013 0.888202
vt 0.073025 0.873028
vt 0.075037 0.857853
vt 0.075242 0.842700
vt 0.075447 0.827547
vt 0.076511 0.813809
vt 0.079985 0.775349
vt 0.053268 0.864376
vt 0.102696 0.996122
vt 0.089126 0.975898
vt 0.061171 0.955310
vt 0.041116 0.934135
vt 0.023928 0.913423
vt 0.029846 0.888239
vt 0.029902 0.872804
vt 0.033036 0.857674
vt 0.086891 0.988693
vt 0.056815 0.967612
vt 0.036171 0.942768
vt 0.020115 0.921749
vt 0.016582 0.929465
vt 0.113559 0.299842
vt 0.110000 0.296033
vt 0.112483 0.292775
vt 0.107145 0.297616
vt 0.104881 0.294438
vt 0.107935 0.291841
vt 0.114513 0.354275
vt 0.121047 0.356472
vt 0.111927 0.367817
vt 0.108946 0.352821
vt 0.112202 0.346642
vt 0.106925 0.345794
vt 0.112161 0.335551
vt 0.107628 0.333787
vt 0.113200 0.329503
vt 0.108929 0.327066
vt 0.116319 0.319035
vt 0.111991 0.314645
vt 0.119498 0.309750
vt 0.116108 0.304486
vt 0.108070 0.311001
vt 0.103499 0.307177
vt 0.099480 0.304480
vt 0.121236 0.318981
vt 0.122741 0.312671
vt 0.119467 0.323764
vt 0.126849 0.321517
vt 0.128359 0.316627
vt 0.126222 0.312751
vt 0.151345 0.314088
vt 0.147573 0.315094
vt 0.146938 0.305110
vt 0.143391 0.305766
vt 0.142116 0.317744
vt 0.140158 0.310494
vt 0.137675 0.320955
vt 0.136408 0.312844
vt 0.134182 0.325673
vt 0.133495 0.314627
vt 0.136711 0.308675
vt 0.117336 0.331767
vt 0.125050 0.327667
vt 0.128121 0.331490
vt 0.129864 0.325860
vt 0.132184 0.326419
vt 0.130222 0.332833
vt 0.134545 0.331271
vt 0.138314 0.328557
vt 0.143794 0.326656
vt 0.150322 0.324318
vt 0.154258 0.324530
vt 0.151945 0.330319
vt 0.155108 0.329634
vt 0.127656 0.349409
vt 0.121322 0.348403
vt 0.127433 0.340070
vt 0.122311 0.338739
vt 0.115865 0.347069
vt 0.116236 0.337571
vt 0.123475 0.334204
vt 0.129191 0.340547
vt 0.135046 0.338361
vt 0.139296 0.335656
vt 0.145018 0.333636
vt 0.156925 0.336947
vt 0.153726 0.339579
vt 0.145277 0.342742
vt 0.135823 0.346311
vt 0.160365 0.338762
vt 0.159445 0.346623
vt 0.146509 0.351559
vt 0.136795 0.355888
vt 0.126863 0.357927
vt 0.148886 0.303917
vt 0.148788 0.297312
vt 0.149827 0.298689
vt 0.151013 0.302394
vt 0.153838 0.297022
vt 0.155490 0.300823
vt 0.153599 0.295204
vt 0.155916 0.329435
vt 0.152178 0.313941
vt 0.154694 0.312364
vt 0.158739 0.327793
vt 0.167635 0.337162
vt 0.169953 0.343402
vt 0.164481 0.326238
vt 0.159469 0.311081
vt 0.178333 0.353847
vt 0.178285 0.361902
vt 0.175317 0.364245
vt 0.157401 0.299975
vt 0.161703 0.310123
vt 0.167321 0.325875
vt 0.171033 0.337332
vt 0.175634 0.342646
vt 0.173443 0.353248
vt 0.166186 0.370100
vt 0.178455 0.368809
vt 0.171288 0.386701
vt 0.160521 0.389841
vt 0.159579 0.405641
vt 0.140600 0.405983
vt 0.138037 0.414199
vt 0.124275 0.407802
vt 0.146644 0.388569
vt 0.154721 0.376595
vt 0.162548 0.356939
vt 0.148829 0.362924
vt 0.138527 0.367301
vt 0.127230 0.370559
vt 0.121253 0.369380
vt 0.101495 0.366693
vt 0.100759 0.385373
vt 0.110936 0.385277
vt 0.121031 0.385540
vt 0.128367 0.385404
vt 0.085571 0.333760
vt 0.081264 0.339619
vt 0.084301 0.325913
vt 0.081332 0.327903
vt 0.081749 0.324286
vt 0.086474 0.312034
vt 0.082755 0.312995
vt 0.076000 0.322918
vt 0.075882 0.327065
vt 0.072698 0.337320
vt 0.071898 0.345578
vt 0.078338 0.308455
vt 0.080112 0.299738
vt 0.084660 0.301031
vt 0.083223 0.309830
vt 0.077956 0.311462
vt 0.073457 0.309520
vt 0.070686 0.324208
vt 0.062126 0.355880
vt 0.066081 0.342584
vt 0.067577 0.335515
vt 0.086811 0.302865
vt 0.076242 0.300600
vt 0.048587 0.352016
vt 0.043093 0.356735
vt 0.045970 0.346486
vt 0.040185 0.350436
vt 0.042212 0.340699
vt 0.037213 0.343437
vt 0.034295 0.333079
vt 0.056670 0.354773
vt 0.048874 0.363418
vt 0.042433 0.360538
vt 0.037616 0.352068
vt 0.034759 0.344667
vt 0.030511 0.335674
vt 0.026834 0.328835
vt 0.024517 0.331265
vt 0.025873 0.338068
vt 0.058346 0.362756
vt 0.058461 0.367748
vt 0.049140 0.369714
vt 0.055809 0.363456
vt 0.043954 0.373937
vt 0.038258 0.363521
vt 0.032811 0.354605
vt 0.030594 0.346677
vt 0.019200 0.333299
vt 0.021834 0.339741
vt 0.025857 0.348407
vt 0.028601 0.356344
vt 0.031926 0.363471
vt 0.035326 0.370731
vt 0.037959 0.376731
vt 0.051001 0.383560
vt 0.058893 0.381429
vt 0.068721 0.361141
vt 0.011836 0.329290
vt 0.016873 0.328049
vt 0.045807 0.407865
vt 0.037608 0.393978
vt 0.045416 0.390952
vt 0.032260 0.380096
vt 0.029269 0.373549
vt 0.026471 0.364876
vt 0.023814 0.358009
vt 0.020730 0.350705
vt 0.017160 0.341729
vt 0.014356 0.335794
vt 0.010041 0.337603
vt 0.007312 0.331559
vt 0.028936 0.397944
vt 0.024050 0.382514
vt 0.022444 0.375842
vt 0.020388 0.367025
vt 0.018448 0.359696
vt 0.015500 0.352581
vt 0.011874 0.343815
vt 0.005871 0.346937
vt 0.005707 0.340116
vt 0.002059 0.345568
vt 0.004496 0.338821
vt 0.004762 0.356305
vt 0.007604 0.355740
vt 0.007935 0.363245
vt 0.012304 0.362294
vt 0.010802 0.369512
vt 0.014894 0.369637
vt 0.010896 0.378944
vt 0.016348 0.377926
vt 0.016975 0.387251
vt 0.010197 0.391513
vt 0.017235 0.396751
vt 0.031497 0.414991
vt 0.014471 0.414619
vt 0.015647 0.409118
vt 0.032620 0.408062
vt 0.046796 0.415199
vt 0.047265 0.444370
vt 0.031705 0.442601
vt 0.014075 0.442063
vt 0.030000 0.447412
vt 0.014580 0.446715
vt 0.045529 0.448840
vt 0.063606 0.449906
vt 0.065135 0.445467
vt 0.061729 0.415259
vt 0.178009 0.376698
vt 0.174245 0.393620
vt 0.080573 0.450396
vt 0.162112 0.411253
vt 0.162590 0.440332
vt 0.137924 0.442004
vt 0.163536 0.444849
vt 0.140801 0.446369
vt 0.121665 0.443091
vt 0.123627 0.447517
vt 0.104614 0.444598
vt 0.105096 0.448756
vt 0.080955 0.445995
vt 0.078832 0.415720
vt 0.061463 0.407675
vt 0.101995 0.415672
vt 0.119856 0.414232
vt 0.075469 0.410068
vt 0.083157 0.410132
vt 0.099310 0.409833
vt 0.108213 0.409271
vt 0.116109 0.408982
vt 0.070546 0.382483
vt 0.087417 0.384667
vt 0.101181 0.293244
vt 0.095933 0.303575
vt 0.091776 0.316355
vt 0.094686 0.319714
vt 0.090404 0.322126
vt 0.093139 0.325608
vt 0.088973 0.341563
vt 0.080185 0.348386
vt 0.078278 0.363990
vt 0.090054 0.365340
vt 0.097046 0.328833
vt 0.099046 0.321963
vt 0.104409 0.323980
vt 0.102564 0.330806
vt 0.094269 0.342717
vt 0.091029 0.350409
vt 0.101689 0.351693
vt 0.100977 0.344737
vt 0.541500 0.224400
vt 0.537100 0.312600
vt 0.580700 0.311300
vt 0.587200 0.234500
vt 0.347300 0.192100
vt 0.335100 0.246400
vt 0.399000 0.210900
vt 0.397700 0.172200
vt 0.635600 0.210400
vt 0.604100 0.187300
vt 0.629000 0.251300
vt 0.021800 0.144200
vt 0.157400 0.033000
vt 0.105800 0.053200
vt 0.022100 0.136300
vt 0.677200 0.230400
vt 0.681200 0.196800
vt 0.720100 0.139600
vt 0.729400 0.274700
vt 0.804000 0.260800
vt 0.742800 0.101200
vt 0.755500 0.038600
vt 0.878900 0.265200
vt 0.908700 0.257800
vt 0.796400 0.041100
vt 0.910100 0.215300
vt 0.879800 0.153000
vt 0.937500 0.189200
vt 0.928200 0.163800
vt 0.300100 0.112700
vt 0.259900 0.058200
vt 0.237400 0.072500
vt 0.271900 0.143300
vt 0.212500 0.033000
vt 0.210300 0.066900
vt 0.160900 0.055800
vt 0.144200 0.217700
vt 0.129100 0.252100
vt 0.145700 0.254300
vt 0.161300 0.231300
vt 0.170200 0.253400
vt 0.198300 0.223000
vt 0.308000 0.171400
vt 0.296900 0.198100
vt 0.100400 0.183700
vt 0.081800 0.204600
vt 0.099500 0.105300
vt 0.256100 0.176600
vt 0.238300 0.214200
vt 0.238100 0.228300
vt 0.282100 0.185900
vt 0.321300 0.301700
vt 0.356800 0.305100
vt 0.542800 0.187500
vt 0.569500 0.168000
vt 0.431600 0.171200
vt 0.430300 0.214600
vt 0.446200 0.181800
vt 0.621900 0.309200
vt 0.653800 0.306000
vt 0.584700 0.176400
vt 0.483100 0.251500
vt 0.479400 0.312000
vt 0.490700 0.206000
vt 0.499300 0.161800
vt 0.462300 0.148600
vt 0.418100 0.309600
vt 0.416400 0.167900
vt 0.236900 0.283800
vt 0.148900 0.266800
vt 0.688100 0.161900
vt 0.644600 0.165700
vt 0.611800 0.157100
vt 0.585400 0.136000
vt 0.544300 0.158800
vt 0.432900 0.127000
vt 0.396700 0.144600
vt 0.356900 0.147000
vt 0.325300 0.133900
vt 0.316300 0.327200
vt 0.352300 0.332500
vt 0.477000 0.340600
vt 0.536200 0.340600
vt 0.141800 0.291800
vt 0.230300 0.308100
vt 0.624200 0.336700
vt 0.659800 0.330700
vt 0.724100 0.030000
vt 0.712100 0.086800
vt 0.732800 0.302100
vt 0.804700 0.288000
vt 0.879100 0.290500
vt 0.757600 0.009700
vt 0.800200 0.012500
vt 0.909700 0.285200
vt 0.695200 0.123400
vt 0.820500 0.021300
vt 0.901700 0.129200
vt 0.938900 0.266500
vt 0.949600 0.140700
vt 0.944400 0.218400
vt 0.968900 0.194000
vt 0.582100 0.341000
vt 0.413800 0.338500
vt 0.471600 0.386500
vt 0.539400 0.386500
vt 0.539400 0.422000
vt 0.471600 0.422000
vt 0.562600 0.386500
vt 0.562600 0.422000
vt 0.608100 0.386500
vt 0.608100 0.422000
vt 0.678300 0.386500
vt 0.678300 0.422000
vt 0.322900 0.386500
vt 0.340500 0.386500
vt 0.340500 0.422000
vt 0.322900 0.422000
vt 0.372300 0.386500
vt 0.372300 0.422000
vt 0.406100 0.386500
vt 0.406100 0.422000
vt 0.440700 0.386500
vt 0.440700 0.422000
vt 0.164200 0.864100
vt 0.097300 0.864100
vt 0.097300 0.904700
vt 0.164200 0.904700
vt 0.209300 0.864100
vt 0.209300 0.904700
vt 0.248900 0.904700
vt 0.248900 0.864100
vt 0.287300 0.864100
vt 0.287300 0.904700
vt 0.372100 0.904700
vt 0.372100 0.864100
vt 0.748000 0.386500
vt 0.748000 0.422000
vt 0.273900 0.422000
vt 0.273900 0.386500
vt 0.451000 0.904700
vt 0.451000 0.864100
vt 0.379200 0.864100
vt 0.379200 0.904700
vt 0.536300 0.904700
vt 0.536300 0.864100
vt 0.514700 0.864100
vt 0.514700 0.904700
vt 0.113100 0.291400
vt 0.128000 0.276300
vt 0.113100 0.261300
vt 0.076500 0.286900
vt 0.076500 0.264700
vt 0.063800 0.275800
vt 0.099000 0.267700
vt 0.099000 0.284900
vt 0.249500 0.696200
vt 0.140300 0.647200
vt 0.141800 0.799400
vt 0.248500 0.773700
vt 0.386100 0.778200
vt 0.386500 0.729100
vt 0.554500 0.757900
vt 0.552700 0.727200
vt 0.718100 0.693800
vt 0.132900 0.492600
vt 0.097100 0.468300
vt 0.055400 0.776200
vt 0.710600 0.576300
vt 0.840800 0.605300
vt 0.824800 0.540600
vt 0.952000 0.470200
vt 0.247900 0.818300
vt 0.385700 0.818800
vt 0.555800 0.788800
vt 0.719700 0.715800
vt 0.546800 0.607300
vt 0.387800 0.593100
vt 0.251400 0.554000
vt 0.601600 0.537800
vt 0.454100 0.493100
vt 0.454100 0.537800
vt 0.844200 0.620100
vt 0.108000 0.452300
vt 0.143300 0.476100
vt 0.153400 0.461000
vt 0.118200 0.437200
vt 0.051500 0.794200
vt 0.137300 0.817500
vt 0.133000 0.836000
vt 0.047200 0.812700
s 1
usemtl ct_urban_exp
f 417/1/1 376/2/2 416/3/3
f 376/2/2 375/4/4 416/3/3
f 644/5/5 628/6/6 627/7/7
f 647/8/8 644/5/5 627/7/7
f 647/8/8 627/7/7 626/9/9
f 648/10/10 647/8/8 626/9/9
f 626/9/9 625/11/11 648/10/10
f 625/11/11 649/12/12 648/10/10
f 625/11/11 624/13/13 649/12/12
f 624/13/13 650/14/14 649/12/12
f 650/14/14 624/13/13 623/15/15
f 651/16/16 650/14/14 623/15/15
f 623/15/15 564/17/17 651/16/16
f 564/17/17 652/18/18 651/16/16
f 652/18/18 564/17/17 560/19/19
f 572/20/20 652/18/18 560/19/19
f 572/20/20 560/19/19 557/21/21
f 575/22/22 572/20/20 557/21/21
f 575/22/22 557/21/21 555/23/23
f 571/24/24 575/22/22 555/23/23
f 646/25/25 644/5/5 647/8/8
f 573/26/26 652/18/18 572/20/20
f 652/18/18 573/26/26 593/27/27
f 651/16/16 652/18/18 593/27/27
f 593/27/27 591/28/28 651/16/16
f 591/28/28 650/14/29 651/16/16
f 650/14/29 591/28/28 590/29/30
f 649/12/31 650/14/29 590/29/30
f 649/12/31 590/29/30 633/30/32
f 648/10/10 649/12/31 633/30/32
f 633/30/32 635/31/33 648/10/10
f 635/31/33 647/8/8 648/10/10
f 635/31/33 636/32/34 647/8/8
f 636/32/34 646/25/25 647/8/8
f 646/25/25 636/32/34 642/33/35
f 644/5/5 646/25/25 642/33/35
f 645/34/36 644/5/5 642/33/35
f 644/5/37 645/34/37 629/35/37
f 628/6/6 644/5/5 629/35/38
f 643/36/39 636/32/34 638/37/40
f 636/32/34 643/36/39 642/33/41
f 641/38/42 640/39/43 634/40/44
f 640/39/43 637/41/45 634/40/44
f 586/42/46 634/40/44 588/43/47
f 586/42/46 641/38/42 634/40/44
f 583/44/48 641/38/42 586/42/46
f 641/38/42 583/44/48 463/45/49
f 640/39/43 641/38/42 463/45/49
f 639/46/50 640/39/43 463/45/49
f 637/41/45 640/39/43 639/46/50
f 638/37/40 637/41/45 639/46/50
f 636/32/34 637/41/45 638/37/40
f 637/41/45 636/32/34 634/40/44
f 636/32/34 635/31/33 634/40/44
f 634/40/44 635/31/33 633/30/32
f 588/43/47 634/40/44 633/30/32
f 633/30/32 590/29/30 588/43/47
f 583/44/48 631/47/51 632/48/52
f 462/49/53 583/44/48 632/48/52
f 583/44/48 462/49/53 463/45/49
f 584/50/54 631/47/51 583/44/48
f 584/50/54 622/51/55 631/47/51
f 622/51/55 630/52/56 631/47/51
f 622/51/55 621/53/57 630/52/56
f 630/52/56 621/53/57 629/54/38
f 621/53/57 628/55/6 629/54/38
f 628/55/6 621/53/57 620/56/58
f 627/57/7 628/55/6 620/56/58
f 627/57/7 620/56/58 619/58/59
f 626/59/9 627/57/7 619/58/59
f 619/58/59 618/60/60 626/59/9
f 618/60/60 625/61/11 626/59/9
f 618/60/60 617/62/61 625/61/11
f 617/62/61 624/63/13 625/61/11
f 624/63/13 617/62/61 616/64/62
f 623/65/15 624/63/13 616/64/62
f 616/64/62 582/66/63 623/65/15
f 582/66/63 564/67/17 623/65/15
f 584/50/54 585/68/64 622/51/55
f 622/51/55 585/68/64 606/69/65
f 621/53/57 622/51/55 606/69/65
f 620/56/58 621/53/57 606/69/65
f 620/56/58 606/69/65 604/70/66
f 619/58/59 620/56/58 604/70/66
f 604/70/66 602/71/67 619/58/59
f 602/71/67 618/60/60 619/58/59
f 602/71/67 599/72/68 618/60/60
f 599/72/68 617/62/61 618/60/60
f 617/62/61 599/72/68 600/73/69
f 616/64/62 617/62/61 600/73/69
f 600/73/69 615/74/70 616/64/62
f 615/74/70 582/66/71 616/64/62
f 582/66/71 615/74/70 581/75/72
f 581/75/72 615/74/70 613/76/73
f 581/75/72 613/76/73 580/77/74
f 612/78/75 580/77/74 613/76/73
f 580/77/74 612/78/75 579/79/76
f 579/79/76 612/78/77 578/80/78
f 612/78/77 597/81/79 578/80/78
f 614/82/80 610/83/81 611/84/82
f 607/85/83 603/86/84 605/87/85
f 607/85/83 608/88/86 603/86/84
f 608/88/86 601/89/87 603/86/84
f 601/89/87 608/88/86 609/90/88
f 598/91/89 601/89/87 609/90/88
f 609/90/88 610/83/81 598/91/89
f 610/83/81 614/82/80 598/91/89
f 598/91/89 614/82/80 600/73/69
f 614/82/80 615/74/70 600/73/69
f 615/74/70 614/82/80 613/76/73
f 613/76/73 614/82/80 611/84/82
f 611/84/82 612/78/75 613/76/73
f 612/78/77 611/84/82 597/81/79
f 611/84/82 596/92/90 597/81/79
f 611/84/82 610/83/81 596/92/90
f 610/83/81 595/93/91 596/92/90
f 595/93/91 610/83/81 609/90/88
f 594/94/92 595/93/91 609/90/88
f 609/90/88 608/88/86 594/94/92
f 608/88/86 592/95/93 594/94/92
f 592/95/93 608/88/86 607/85/83
f 589/96/94 592/95/93 607/85/83
f 589/96/94 607/85/83 587/97/95
f 587/97/95 607/85/83 605/87/85
f 605/87/85 585/68/96 587/97/95
f 606/69/65 585/68/64 605/87/85
f 604/70/66 606/69/65 605/87/85
f 605/87/85 603/86/84 604/70/66
f 603/86/84 602/71/67 604/70/66
f 603/86/84 601/89/87 602/71/67
f 601/89/87 599/72/97 602/71/67
f 599/72/97 601/89/87 598/91/89
f 600/73/69 599/72/97 598/91/89
f 578/80/78 597/81/79 577/98/98
f 597/81/79 576/99/99 577/98/98
f 597/81/79 596/92/90 576/99/99
f 596/92/90 574/100/100 576/99/99
f 596/92/90 595/93/91 574/100/100
f 595/93/91 573/26/26 574/100/100
f 573/26/26 595/93/91 594/94/92
f 593/27/27 573/26/26 594/94/92
f 594/94/92 592/95/101 593/27/27
f 592/95/93 591/28/28 593/27/102
f 591/28/28 592/95/93 589/96/94
f 590/29/30 591/28/28 589/96/94
f 590/29/30 589/96/94 588/43/47
f 588/43/47 589/96/94 587/97/95
f 587/97/95 586/42/46 588/43/47
f 585/68/96 586/42/46 587/97/95
f 583/44/48 586/42/46 585/68/96
f 585/68/64 584/50/54 583/44/48
f 564/67/17 582/66/63 563/101/103
f 563/101/103 582/66/71 581/75/72
f 563/101/103 581/75/72 565/102/104
f 565/102/104 581/75/72 580/77/74
f 565/102/104 580/77/74 566/103/105
f 566/103/105 580/77/74 579/79/76
f 579/79/76 567/104/106 566/103/105
f 568/105/107 567/104/106 579/79/76
f 578/80/78 568/105/107 579/79/76
f 569/106/108 568/105/107 578/80/78
f 577/98/98 569/106/108 578/80/78
f 570/107/109 569/106/108 577/98/98
f 571/24/24 570/107/109 577/98/98
f 577/98/98 576/99/99 571/24/24
f 576/99/99 575/22/22 571/24/24
f 576/99/99 574/100/100 575/22/22
f 574/100/100 572/20/20 575/22/22
f 574/100/100 573/26/26 572/20/20
f 555/23/23 553/108/110 571/24/24
f 553/108/110 570/107/109 571/24/24
f 553/108/110 302/109/111 570/107/109
f 302/109/111 319/110/112 570/107/109
f 570/107/109 319/110/113 569/106/108
f 319/110/113 317/111/114 569/106/108
f 569/106/108 317/111/114 568/105/107
f 317/111/114 307/112/115 568/105/107
f 568/105/107 307/112/115 567/104/106
f 307/112/115 298/113/116 567/104/106
f 567/104/106 298/113/117 562/114/118
f 567/104/106 562/114/118 566/103/105
f 566/103/105 562/114/118 561/115/119
f 561/115/119 565/102/104 566/103/105
f 559/116/120 565/102/104 561/115/119
f 559/116/120 563/101/103 565/102/104
f 560/117/19 563/101/103 559/116/120
f 560/117/19 564/67/17 563/101/103
f 298/113/117 299/118/121 562/114/118
f 562/114/118 299/118/122 558/119/123
f 562/114/118 558/119/123 561/115/119
f 561/115/119 558/119/123 556/120/124
f 556/120/124 559/116/120 561/115/119
f 557/121/21 559/116/120 556/120/125
f 557/121/21 560/117/19 559/116/120
f 299/118/122 300/122/126 558/119/123
f 558/119/123 300/122/126 554/123/127
f 558/119/123 554/123/127 556/120/124
f 556/120/125 554/123/128 555/124/23
f 555/124/23 557/121/21 556/120/125
f 554/123/128 553/125/110 555/124/23
f 554/123/128 301/126/129 553/125/110
f 300/122/126 301/126/130 554/123/127
f 301/126/129 302/127/111 553/125/110
f 470/128/131 471/129/132 541/130/133
f 492/131/134 470/128/131 541/130/133
f 541/130/133 542/132/135 492/131/134
f 542/132/135 490/133/136 492/131/134
f 542/132/135 544/134/137 490/133/136
f 544/134/137 488/135/138 490/133/136
f 544/134/137 546/136/139 488/135/138
f 546/136/139 486/137/140 488/135/138
f 486/137/140 546/136/139 550/138/141
f 483/139/142 486/137/140 550/138/141
f 483/139/142 550/138/141 73/140/143
f 71/141/144 483/139/142 73/140/143
f 485/142/145 483/139/142 71/141/146
f 69/143/147 485/142/145 71/141/146
f 497/144/148 485/142/145 69/143/147
f 67/145/149 497/144/148 69/143/147
f 508/146/150 497/144/148 67/145/149
f 68/147/151 508/146/150 67/145/149
f 81/148/152 552/149/153 68/147/151
f 552/149/153 508/146/150 68/147/151
f 552/149/153 551/150/154 508/146/150
f 551/150/154 507/151/155 508/146/150
f 507/151/155 551/150/154 523/152/156
f 506/153/157 507/151/155 523/152/156
f 73/154/143 550/155/141 77/156/158
f 550/155/141 549/157/159 77/156/158
f 77/156/158 549/157/159 79/158/160
f 549/157/159 548/159/161 79/158/160
f 79/158/160 548/159/161 81/148/152
f 548/159/161 552/149/153 81/148/152
f 548/159/161 547/160/162 552/149/153
f 547/160/162 551/150/154 552/149/153
f 551/150/154 547/160/162 532/161/163
f 523/152/156 551/150/154 532/161/163
f 550/155/141 546/162/139 549/157/159
f 546/162/139 545/163/164 549/157/159
f 549/157/159 545/163/164 548/159/161
f 545/163/164 547/160/162 548/159/161
f 547/160/162 545/163/164 543/164/165
f 532/161/163 547/160/162 543/164/165
f 532/161/163 543/164/165 540/165/166
f 464/166/167 231/167/168 232/168/169
f 545/163/164 546/162/139 544/169/137
f 543/164/165 545/163/164 544/169/137
f 543/164/165 544/169/137 542/170/135
f 540/165/166 543/164/165 542/170/135
f 540/165/166 542/170/135 541/171/133
f 539/172/170 540/165/166 541/171/133
f 541/171/133 471/173/132 539/172/170
f 471/173/132 538/174/171 539/172/170
f 538/174/171 471/173/132 472/175/172
f 537/176/173 538/174/171 472/175/172
f 472/175/172 474/177/174 537/176/173
f 474/177/174 536/178/175 537/176/173
f 474/177/174 476/179/176 536/178/175
f 476/179/176 535/180/177 536/178/175
f 535/180/177 476/179/176 465/181/178
f 534/182/179 535/180/177 465/181/178
f 465/181/178 464/166/180 534/182/179
f 464/166/180 533/183/181 534/182/179
f 533/183/182 464/166/167 232/168/169
f 233/184/183 533/183/184 232/168/185
f 533/183/184 233/184/183 234/185/186
f 531/186/187 532/161/163 540/165/166
f 531/186/187 540/165/166 539/172/170
f 530/187/188 531/186/187 539/172/170
f 539/172/170 538/174/171 530/187/188
f 538/174/171 529/188/189 530/187/188
f 529/188/189 538/174/171 537/176/173
f 528/189/190 529/188/189 537/176/173
f 537/176/191 536/178/175 528/189/192
f 536/178/175 527/190/193 528/189/192
f 536/178/175 535/180/177 527/190/193
f 535/180/177 526/191/194 527/190/193
f 526/191/194 535/180/177 534/182/179
f 525/192/195 526/191/194 534/182/179
f 534/182/179 533/183/196 525/192/195
f 533/183/196 524/193/197 525/192/195
f 524/193/197 533/183/184 234/185/186
f 236/194/198 524/193/197 234/185/186
f 524/193/197 236/194/198 235/195/199
f 523/152/156 532/161/163 531/186/187
f 522/196/200 523/152/156 531/186/187
f 522/196/200 531/186/187 530/187/188
f 521/197/201 522/196/200 530/187/188
f 530/187/188 529/188/189 521/197/201
f 529/188/189 520/198/202 521/197/201
f 520/198/202 529/188/189 528/189/190
f 519/199/203 520/198/202 528/189/190
f 528/189/192 527/190/193 519/199/204
f 527/190/193 518/200/205 519/199/204
f 527/190/193 526/191/194 518/200/205
f 526/191/194 517/201/206 518/200/205
f 517/201/206 526/191/194 525/192/195
f 516/202/207 517/201/206 525/192/195
f 525/192/195 524/193/197 516/202/207
f 524/193/197 482/203/208 516/202/207
f 482/203/208 524/193/197 235/195/199
f 482/203/208 235/195/199 227/204/209
f 506/153/157 523/152/156 522/196/200
f 515/205/210 506/153/157 522/196/200
f 515/205/210 522/196/200 521/197/201
f 514/206/211 515/205/210 521/197/201
f 521/197/201 520/198/202 514/206/211
f 520/198/202 513/207/212 514/206/211
f 513/207/212 520/198/202 519/199/204
f 512/208/213 513/207/212 519/199/204
f 519/199/204 518/200/205 512/208/213
f 518/200/205 511/209/214 512/208/213
f 518/200/205 517/201/206 511/209/214
f 517/201/206 510/210/215 511/209/214
f 510/210/215 517/201/206 516/202/207
f 509/211/216 510/210/215 516/202/207
f 516/202/207 482/203/208 509/211/216
f 482/203/208 481/212/217 509/211/216
f 509/211/216 481/212/217 479/213/218
f 481/212/217 480/214/219 479/213/218
f 506/153/157 515/205/210 498/215/220
f 515/205/210 499/216/221 498/215/220
f 499/216/221 515/205/210 514/206/211
f 500/217/222 499/216/221 514/206/211
f 514/206/211 513/207/212 500/217/222
f 513/207/212 501/218/223 500/217/222
f 501/218/223 513/207/212 512/208/213
f 502/219/224 501/218/223 512/208/213
f 512/208/213 511/209/214 502/219/224
f 511/209/214 503/220/225 502/219/224
f 511/209/214 510/210/215 503/220/225
f 510/210/215 504/221/226 503/220/225
f 504/221/226 510/210/215 509/211/216
f 479/213/218 504/221/226 509/211/216
f 505/222/227 504/221/226 479/213/218
f 478/223/228 505/222/227 479/213/218
f 475/224/229 505/222/227 478/223/228
f 477/225/230 475/224/229 478/223/228
f 508/146/150 507/151/155 497/144/148
f 507/151/155 496/226/231 497/144/148
f 496/226/231 507/151/155 506/153/157
f 498/215/220 496/226/231 506/153/157
f 505/222/227 475/224/229 473/227/232
f 495/228/233 505/222/227 473/227/232
f 504/221/226 505/222/227 495/228/233
f 503/220/225 504/221/226 495/228/233
f 503/220/225 495/228/233 494/229/234
f 502/219/224 503/220/225 494/229/234
f 494/229/234 493/230/235 502/219/224
f 493/230/235 501/218/223 502/219/224
f 501/218/223 493/230/235 491/231/236
f 500/217/222 501/218/223 491/231/236
f 491/231/236 489/232/237 500/217/222
f 489/232/237 499/216/221 500/217/222
f 489/232/237 487/233/238 499/216/221
f 487/233/238 498/215/220 499/216/221
f 487/233/238 484/234/239 498/215/220
f 484/234/239 496/226/231 498/215/220
f 496/226/231 484/234/239 485/142/145
f 497/144/148 496/226/231 485/142/145
f 495/228/233 473/227/232 469/235/240
f 494/229/234 495/228/233 469/235/240
f 469/235/240 470/128/131 494/229/234
f 470/128/131 493/230/235 494/229/234
f 493/230/235 470/128/131 492/131/134
f 491/231/236 493/230/235 492/131/134
f 492/131/134 490/133/136 491/231/236
f 490/133/136 489/232/237 491/231/236
f 490/133/136 488/135/138 489/232/237
f 488/135/138 487/233/238 489/232/237
f 488/135/138 486/137/140 487/233/238
f 486/137/140 484/234/239 487/233/238
f 484/234/239 486/137/140 483/139/142
f 485/142/145 484/234/239 483/139/142
f 481/212/217 482/203/208 227/204/209
f 481/212/217 227/204/209 226/236/241
f 480/214/219 481/212/217 226/236/241
f 468/237/242 480/214/219 226/236/241
f 480/214/219 468/237/242 479/213/218
f 467/238/243 479/213/218 468/237/242
f 479/213/218 467/238/243 478/223/228
f 466/239/244 478/223/228 467/238/243
f 478/223/228 466/239/244 477/225/230
f 477/225/230 466/239/244 465/240/178
f 465/240/178 476/241/176 477/225/230
f 476/241/176 475/224/229 477/225/230
f 475/224/229 476/241/176 474/242/174
f 473/227/232 475/224/229 474/242/174
f 473/227/232 474/242/174 472/243/172
f 469/235/240 473/227/232 472/243/172
f 472/243/172 471/129/132 469/235/240
f 471/129/132 470/128/131 469/235/240
f 230/244/245 468/237/242 226/236/241
f 467/238/243 468/237/242 230/244/245
f 229/245/246 467/238/243 230/244/245
f 466/239/244 467/238/243 229/245/246
f 228/246/247 466/239/244 229/245/246
f 464/247/180 466/239/244 228/246/247
f 466/239/244 464/247/180 465/240/178
f 231/248/168 464/247/167 228/246/248
f 454/249/249 461/250/250 457/251/251
f 460/252/252 461/250/250 454/249/249
f 460/252/252 271/253/253 461/250/250
f 271/253/253 270/254/254 461/250/250
f 270/254/254 457/251/251 461/250/250
f 425/255/255 399/256/256 398/257/257
f 248/258/258 425/255/255 398/257/257
f 248/258/258 423/259/259 425/255/255
f 247/260/260 423/259/259 248/258/258
f 422/261/261 423/259/259 247/260/260
f 246/262/262 422/261/261 247/260/260
f 422/261/261 246/262/262 419/263/263
f 246/262/262 245/264/264 419/263/263
f 419/263/263 245/264/264 459/265/265
f 245/264/264 242/266/266 459/265/265
f 459/265/265 242/266/266 456/267/267
f 242/266/266 455/268/268 456/267/267
f 242/266/266 243/269/269 455/268/268
f 243/269/269 454/249/249 455/268/268
f 243/269/269 256/270/270 454/249/249
f 256/270/270 460/252/252 454/249/249
f 256/270/270 258/271/271 460/252/252
f 258/271/271 271/253/253 460/252/252
f 458/272/272 459/265/265 449/273/273
f 449/273/274 459/265/265 456/267/267
f 419/263/263 459/265/265 418/274/275
f 418/274/275 459/265/265 458/272/272
f 418/274/275 458/272/272 452/275/276
f 451/276/277 452/275/276 458/272/272
f 450/277/278 451/276/277 458/272/272
f 450/277/278 458/272/272 449/273/273
f 269/278/279 446/279/280 270/280/281
f 446/279/280 457/281/251 270/280/281
f 446/279/280 447/282/282 457/281/251
f 447/282/282 454/283/249 457/281/251
f 447/282/282 448/284/283 454/283/249
f 448/284/283 453/285/284 454/283/249
f 453/285/284 448/284/283 449/286/274
f 456/287/267 453/285/284 449/286/274
f 455/288/268 453/285/284 456/287/267
f 455/288/268 454/283/249 453/285/284
f 420/289/285 418/274/275 445/290/286
f 445/290/286 418/274/275 452/275/276
f 445/290/286 452/275/276 444/291/287
f 452/275/276 451/292/277 444/291/287
f 444/291/288 451/292/289 450/293/290
f 443/294/291 444/291/288 450/293/290
f 443/294/292 450/293/293 449/286/274
f 442/295/294 443/294/292 449/286/274
f 449/286/274 448/284/283 442/295/294
f 448/284/283 441/296/295 442/295/294
f 441/296/295 448/284/283 447/282/282
f 440/297/296 441/296/295 447/282/282
f 440/297/296 447/282/282 446/279/280
f 437/298/297 440/297/296 446/279/280
f 437/298/297 446/279/280 269/278/279
f 268/299/298 437/298/297 269/278/279
f 436/300/299 437/298/297 268/299/298
f 267/301/300 436/300/299 268/299/298
f 427/302/301 426/303/302 432/304/303
f 426/303/302 439/305/304 432/304/303
f 426/303/302 424/306/305 439/305/304
f 424/306/305 421/307/306 439/305/304
f 439/305/304 421/307/306 438/308/307
f 421/307/306 420/289/285 438/308/307
f 438/308/307 420/289/285 445/290/286
f 432/304/303 438/308/307 445/290/286
f 444/291/287 432/304/303 445/290/286
f 432/304/303 444/291/288 443/294/291
f 431/309/308 432/304/303 443/294/291
f 431/309/308 443/294/292 442/295/294
f 433/310/309 431/309/308 442/295/294
f 442/295/294 441/296/295 433/310/309
f 441/296/295 434/311/310 433/310/309
f 434/311/310 441/296/295 440/297/296
f 435/312/311 434/311/310 440/297/296
f 435/312/311 440/297/296 437/298/297
f 432/304/303 439/305/304 438/308/307
f 436/300/299 435/312/311 437/298/297
f 266/313/312 430/314/313 267/301/300
f 430/314/313 436/300/299 267/301/300
f 430/314/313 429/315/314 436/300/299
f 429/315/314 435/312/311 436/300/299
f 429/315/314 428/316/315 435/312/311
f 428/316/315 434/311/310 435/312/311
f 433/310/309 434/311/310 428/316/315
f 428/316/315 427/302/301 433/310/309
f 427/302/301 431/309/308 433/310/309
f 427/302/301 432/304/303 431/309/308
f 415/317/316 430/314/313 266/313/317
f 430/314/313 415/317/316 403/318/318
f 430/314/313 403/318/318 402/319/319
f 429/315/314 430/314/313 402/319/319
f 429/315/314 402/319/319 401/320/320
f 428/316/315 429/315/314 401/320/320
f 428/316/315 401/320/320 400/321/321
f 427/302/301 428/316/315 400/321/321
f 427/302/301 400/321/322 399/256/256
f 426/303/302 427/302/301 399/256/256
f 426/303/302 399/256/256 425/255/255
f 424/306/305 426/303/302 425/255/255
f 425/255/255 423/259/259 424/306/305
f 421/307/306 424/306/305 423/259/259
f 422/261/261 421/307/306 423/259/259
f 421/307/306 422/261/261 419/263/263
f 420/289/285 421/307/306 419/263/263
f 420/289/285 419/263/263 418/274/275
f 378/322/323 376/323/324 417/324/1
f 412/325/325 378/322/323 417/324/1
f 412/325/325 417/324/1 416/326/3
f 411/327/326 412/325/325 416/326/3
f 411/327/327 416/326/328 375/328/329
f 391/329/330 380/330/331 413/331/332
f 414/332/333 391/329/330 413/331/332
f 266/313/334 391/329/330 414/332/333
f 415/317/335 266/313/334 414/332/333
f 408/333/336 404/334/337 403/318/318
f 415/317/316 408/333/336 403/318/318
f 408/333/336 415/317/316 409/335/338
f 415/317/316 414/332/339 409/335/338
f 409/335/338 414/332/339 410/336/340
f 414/332/339 413/331/341 410/336/340
f 410/336/340 413/331/341 411/327/326
f 413/331/341 412/325/325 411/327/326
f 413/331/332 380/330/331 412/325/325
f 380/330/331 378/322/323 412/325/325
f 354/337/342 367/338/343 366/339/344
f 374/340/345 411/327/327 375/328/329
f 410/336/340 411/327/327 374/340/345
f 372/341/346 410/336/340 374/340/345
f 409/335/338 410/336/340 372/341/346
f 384/342/347 409/335/338 372/341/346
f 408/333/336 409/335/338 384/342/347
f 386/343/348 408/333/336 384/342/347
f 408/333/336 386/343/348 404/334/337
f 386/343/348 388/344/349 404/334/337
f 404/334/337 388/344/349 405/345/350
f 388/344/349 354/337/342 405/345/350
f 405/345/350 354/337/342 366/339/344
f 405/345/350 366/339/344 406/346/351
f 366/339/344 310/347/352 406/346/351
f 308/348/353 406/346/351 310/347/352
f 406/346/351 308/348/353 407/349/354
f 306/350/355 407/349/354 308/348/353
f 407/349/354 306/350/355 305/351/356
f 305/351/357 290/352/358 272/353/359
f 273/354/360 305/351/356 272/353/361
f 273/354/360 407/349/354 305/351/356
f 273/354/360 392/355/362 407/349/354
f 392/355/362 406/346/351 407/349/354
f 393/356/363 406/346/351 392/355/362
f 393/356/363 405/345/350 406/346/351
f 404/334/337 405/345/350 393/356/363
f 403/318/318 404/334/337 393/356/363
f 403/318/318 393/356/363 394/357/364
f 402/319/319 403/318/318 394/357/364
f 402/319/319 394/357/364 395/358/365
f 401/320/320 402/319/319 395/358/365
f 401/320/320 395/358/365 396/359/366
f 400/321/321 401/320/320 396/359/366
f 400/321/322 396/359/367 397/360/368
f 399/256/256 400/321/322 397/360/368
f 399/256/256 397/360/368 398/257/257
f 248/258/258 398/257/257 249/361/369
f 249/361/369 398/257/257 261/362/370
f 398/257/257 278/363/371 261/362/370
f 398/257/257 397/360/368 278/363/371
f 397/360/368 276/364/372 278/363/371
f 397/360/368 396/359/367 276/364/372
f 396/359/367 274/365/373 276/364/372
f 396/359/366 395/358/365 274/365/373
f 395/358/365 273/354/360 274/365/373
f 395/358/365 394/357/364 273/354/360
f 394/357/364 392/355/362 273/354/360
f 394/357/364 393/356/363 392/355/362
f 266/366/334 265/367/374 391/368/330
f 265/367/374 389/369/375 391/368/330
f 391/368/330 389/369/375 390/370/376
f 391/368/330 390/370/376 380/371/331
f 390/370/376 381/372/377 380/371/331
f 390/370/376 383/373/378 381/372/379
f 385/374/380 383/373/378 390/370/376
f 389/369/375 385/374/380 390/370/376
f 387/375/381 385/374/380 389/369/375
f 265/367/374 387/375/381 389/369/375
f 387/375/381 265/367/374 264/376/382
f 373/377/383 371/378/384 377/379/385
f 379/380/386 373/377/383 377/379/385
f 382/381/387 373/377/383 379/380/386
f 373/377/388 382/381/389 372/382/346
f 384/383/347 372/382/346 382/381/389
f 354/384/342 388/385/349 264/376/390
f 264/376/390 388/385/349 387/375/391
f 388/385/349 386/386/348 387/375/391
f 387/375/391 386/386/348 385/374/392
f 386/386/348 384/383/347 385/374/392
f 383/373/393 385/374/392 384/383/347
f 383/373/393 384/383/347 382/381/389
f 383/373/378 382/381/387 381/372/379
f 381/372/379 382/381/387 379/380/386
f 380/371/331 381/372/377 379/380/394
f 380/371/331 379/380/394 378/387/323
f 379/380/394 377/379/385 378/387/323
f 378/387/323 377/379/385 376/2/324
f 377/379/385 371/378/384 376/2/324
f 371/378/384 375/4/395 376/2/324
f 374/388/345 375/4/329 371/378/396
f 372/382/346 374/388/345 371/378/396
f 373/377/388 372/382/346 371/378/396
f 331/389/397 370/390/398 332/391/399
f 370/390/398 369/392/400 332/391/399
f 332/391/399 369/392/400 333/393/401
f 369/392/400 368/394/402 333/393/401
f 333/393/401 368/394/402 336/395/403
f 311/396/404 310/397/352 331/389/397
f 310/397/352 370/390/398 331/389/397
f 310/397/352 365/398/405 370/390/398
f 370/390/398 365/398/405 369/392/400
f 365/398/405 364/399/406 369/392/400
f 369/392/400 364/399/406 368/394/402
f 364/399/406 363/400/407 368/394/402
f 368/394/402 363/400/407 336/395/403
f 363/400/407 362/401/408 336/395/403
f 338/402/409 336/395/403 362/401/408
f 353/403/410 338/402/409 362/401/408
f 362/401/411 361/404/412 353/403/413
f 367/405/343 354/384/342 355/406/414
f 367/405/343 355/406/414 356/407/415
f 366/408/344 367/405/343 356/407/415
f 366/408/344 356/407/415 310/397/352
f 356/407/416 365/398/405 310/397/352
f 356/407/415 357/409/417 365/398/405
f 357/409/417 358/410/418 365/398/405
f 365/398/405 358/410/418 364/399/406
f 358/410/418 359/411/419 364/399/406
f 364/399/406 359/411/419 363/400/407
f 359/411/419 360/412/420 363/400/407
f 363/400/407 360/412/420 362/401/411
f 360/412/420 361/404/412 362/401/411
f 361/404/412 347/413/421 353/403/413
f 361/404/412 348/414/422 347/413/421
f 349/415/423 348/414/422 361/404/412
f 360/412/420 349/415/423 361/404/412
f 350/416/424 349/415/423 360/412/420
f 359/411/419 350/416/424 360/412/420
f 351/417/425 350/416/424 359/411/419
f 358/410/418 351/417/425 359/411/419
f 352/418/426 351/417/425 358/410/418
f 289/419/427 352/418/426 358/410/418
f 357/409/417 289/419/427 358/410/418
f 357/409/417 287/420/428 289/419/427
f 287/420/428 357/409/417 356/407/415
f 287/420/428 356/407/415 282/421/429
f 356/407/415 355/406/414 282/421/429
f 355/406/414 263/422/430 282/421/429
f 354/384/342 263/422/430 355/406/414
f 263/422/430 354/384/342 264/376/390
f 338/423/409 353/424/410 347/413/431
f 295/425/432 313/426/433 288/427/434
f 288/427/434 313/426/433 289/419/427
f 313/426/433 346/428/435 289/419/427
f 289/419/427 346/428/435 352/418/426
f 346/428/435 345/429/436 352/418/426
f 352/418/426 345/429/436 351/417/425
f 345/429/436 344/430/437 351/417/425
f 351/417/425 344/430/437 350/416/424
f 344/430/437 343/431/438 350/416/424
f 350/416/424 343/431/438 349/415/423
f 343/431/438 342/432/439 349/415/423
f 349/415/423 342/432/439 348/414/422
f 342/432/439 341/433/440 348/414/422
f 348/414/422 341/433/440 347/413/421
f 341/433/440 340/434/441 347/413/421
f 340/434/442 338/423/409 347/413/431
f 338/423/409 340/434/442 339/435/443
f 337/436/444 338/423/409 339/435/443
f 313/426/433 314/437/445 346/428/435
f 314/437/445 322/438/446 346/428/435
f 346/428/435 322/438/446 345/429/436
f 322/438/446 323/439/447 345/429/436
f 345/429/436 323/439/447 344/430/437
f 323/439/447 325/440/448 344/430/437
f 344/430/437 325/440/448 343/431/438
f 325/440/448 327/441/449 343/431/438
f 343/431/438 327/441/449 342/432/439
f 327/441/449 329/442/450 342/432/439
f 342/432/439 329/442/450 341/433/440
f 329/442/450 334/443/451 341/433/440
f 341/433/440 334/443/451 340/434/441
f 334/443/451 339/435/452 340/434/441
f 334/443/451 335/444/453 339/435/452
f 335/444/453 337/445/454 339/435/452
f 335/444/455 336/446/403 337/445/444
f 336/446/403 338/447/409 337/445/444
f 333/448/401 336/446/403 335/444/455
f 330/449/456 333/448/401 335/444/455
f 330/449/456 335/444/453 334/443/451
f 329/442/450 330/449/456 334/443/451
f 332/450/399 333/448/401 330/449/456
f 328/451/457 332/450/399 330/449/456
f 331/452/397 332/450/399 328/451/457
f 326/453/458 331/452/397 328/451/457
f 311/454/404 331/452/397 326/453/458
f 324/455/459 311/454/404 326/453/458
f 311/454/404 324/455/459 321/456/460
f 308/457/353 311/454/404 321/456/460
f 309/458/461 308/457/353 321/456/460
f 320/459/462 304/460/463 306/461/464
f 328/451/457 330/449/456 329/442/450
f 327/441/449 328/451/457 329/442/450
f 326/453/458 328/451/457 327/441/449
f 325/440/448 326/453/458 327/441/449
f 324/455/459 326/453/458 325/440/448
f 323/439/447 324/455/459 325/440/448
f 321/456/460 324/455/459 323/439/447
f 322/438/446 321/456/460 323/439/447
f 321/456/460 322/438/446 314/437/445
f 309/458/461 321/456/460 314/437/445
f 306/461/355 309/458/461 314/437/445
f 312/462/465 306/461/355 314/437/445
f 312/462/466 320/459/462 306/461/464
f 315/463/467 320/459/462 312/462/466
f 315/463/468 316/464/469 320/459/470
f 316/464/469 318/465/471 320/459/470
f 320/459/470 318/465/471 304/460/472
f 318/465/471 303/466/473 304/460/472
f 319/467/474 302/468/111 303/466/475
f 318/465/476 319/467/474 303/466/475
f 317/469/477 319/467/474 318/465/476
f 316/464/478 317/469/477 318/465/476
f 307/470/479 317/469/477 316/464/478
f 297/471/480 307/470/479 316/464/478
f 316/464/469 315/463/468 297/471/481
f 315/463/468 296/472/482 297/471/481
f 296/472/483 315/463/467 295/425/484
f 295/425/484 315/463/467 312/462/466
f 313/426/433 295/425/432 312/462/465
f 314/437/445 313/426/433 312/462/465
f 311/473/404 308/348/353 310/347/352
f 309/474/461 306/350/355 308/348/353
f 298/475/485 307/470/479 297/471/480
f 306/350/464 304/476/463 305/351/357
f 304/476/463 290/352/358 305/351/357
f 304/476/472 303/477/473 290/352/486
f 303/477/473 291/478/487 290/352/486
f 303/477/475 302/479/111 291/478/488
f 302/479/111 301/480/129 291/478/488
f 291/478/488 301/480/129 292/481/489
f 301/480/129 300/482/126 292/481/489
f 292/481/489 300/482/126 293/483/490
f 300/482/126 299/484/122 293/483/490
f 293/483/490 299/484/122 294/485/491
f 299/484/122 298/475/485 294/485/491
f 294/485/491 298/475/485 297/471/480
f 294/485/492 297/471/481 285/486/493
f 297/471/481 296/472/482 285/486/493
f 285/486/494 296/472/483 286/487/495
f 286/487/495 296/472/483 295/425/484
f 288/427/434 286/487/496 295/425/432
f 293/483/497 294/485/492 285/486/493
f 284/488/498 293/483/497 285/486/493
f 292/481/499 293/483/500 284/488/501
f 283/489/502 292/481/499 284/488/501
f 291/478/503 292/481/499 283/489/502
f 290/352/358 291/478/503 283/489/502
f 290/352/358 283/489/502 272/353/359
f 287/420/428 288/427/434 289/419/427
f 286/487/496 288/427/434 287/420/428
f 282/421/429 286/487/496 287/420/428
f 286/487/496 282/421/429 281/490/504
f 281/490/505 285/486/494 286/487/495
f 285/486/494 281/490/505 280/491/506
f 285/486/494 280/491/506 279/492/507
f 284/488/501 285/486/494 279/492/507
f 277/493/508 284/488/501 279/492/507
f 277/493/508 275/494/509 284/488/501
f 275/494/509 283/489/502 284/488/501
f 272/353/359 283/489/502 275/494/509
f 263/422/430 262/495/510 282/421/429
f 282/421/429 262/495/510 281/490/504
f 281/490/504 262/495/510 260/496/511
f 280/491/512 281/490/504 260/496/511
f 260/496/511 261/362/370 280/491/512
f 261/362/370 279/492/513 280/491/512
f 261/362/370 278/363/371 279/492/513
f 278/363/371 277/493/514 279/492/513
f 278/363/371 276/364/372 277/493/514
f 276/364/372 275/494/515 277/493/514
f 276/364/372 274/365/373 275/494/515
f 274/365/373 272/353/361 275/494/515
f 274/365/373 273/354/360 272/353/361
f 271/253/516 258/271/517 270/497/281
f 258/271/517 269/498/279 270/497/281
f 258/271/517 268/499/298 269/498/279
f 258/271/517 257/500/518 268/499/298
f 267/501/300 268/499/298 257/500/518
f 259/502/519 267/501/300 257/500/518
f 266/366/312 267/501/300 259/502/519
f 253/503/520 266/366/312 259/502/519
f 265/367/374 266/366/334 253/503/520
f 265/367/374 253/503/520 252/504/521
f 265/367/374 252/504/521 264/376/382
f 264/376/382 252/504/521 263/422/430
f 252/504/521 251/505/522 263/422/430
f 263/422/430 251/505/522 262/495/510
f 251/505/522 250/506/523 262/495/510
f 250/506/523 260/496/511 262/495/510
f 250/506/523 249/361/369 260/496/511
f 249/361/369 261/362/370 260/496/511
f 259/502/519 254/507/524 253/503/520
f 254/507/524 259/502/519 255/508/525
f 259/502/519 257/500/526 255/508/525
f 257/500/526 258/271/271 256/270/270
f 255/508/525 257/500/526 256/270/270
f 255/508/525 256/270/270 243/269/269
f 244/509/527 255/508/525 243/269/269
f 244/509/527 241/510/528 255/508/525
f 241/510/528 254/507/524 255/508/525
f 254/507/524 241/510/528 240/511/529
f 254/507/524 240/511/529 253/503/520
f 237/512/530 253/503/520 240/511/529
f 253/503/520 237/512/530 252/504/521
f 252/504/521 237/512/530 251/505/522
f 237/512/530 250/506/523 251/505/522
f 237/512/530 238/513/531 250/506/523
f 238/513/531 249/361/369 250/506/523
f 238/513/531 248/258/258 249/361/369
f 248/258/258 238/513/531 239/514/532
f 247/260/260 248/258/258 239/514/532
f 246/262/262 247/260/260 239/514/532
f 241/510/528 246/262/262 239/514/532
f 246/262/262 241/510/528 245/264/264
f 241/510/528 244/509/527 245/264/264
f 245/264/264 244/509/527 242/266/266
f 244/509/527 243/269/269 242/266/266
f 241/510/528 239/514/532 240/511/529
f 240/511/529 239/514/532 237/512/530
f 239/514/532 238/513/531 237/512/530
f 219/402/533 225/403/534 218/395/535
f 191/391/536 217/393/537 189/394/538
f 217/393/537 218/395/535 189/394/538
f 189/394/538 218/395/535 224/401/539
f 225/403/534 224/401/539 218/395/535
f 224/401/539 225/403/540 223/413/541
f 220/436/542 221/435/543 222/434/544
f 219/423/533 220/436/542 222/434/544
f 219/423/533 222/434/544 225/424/534
f 222/434/544 223/413/545 225/424/534
f 188/400/546 189/394/538 224/401/539
f 188/400/546 224/401/539 216/404/547
f 216/404/547 224/401/539 223/413/541
f 216/404/547 223/413/541 215/414/548
f 215/414/548 223/413/541 222/434/549
f 214/433/550 215/414/548 222/434/549
f 214/433/550 222/434/549 221/435/551
f 213/443/552 214/433/550 221/435/551
f 213/443/552 221/435/553 220/445/554
f 212/444/555 213/443/552 220/445/554
f 212/444/556 220/445/557 219/447/533
f 218/446/535 212/444/556 219/447/533
f 211/449/558 212/444/556 218/446/535
f 217/448/537 211/449/558 218/446/535
f 210/451/559 211/449/558 217/448/537
f 191/450/536 210/451/559 217/448/537
f 187/453/560 210/451/559 191/450/536
f 186/452/561 187/453/560 191/450/536
f 193/398/562 192/390/563 201/399/564
f 192/390/563 190/392/565 201/399/564
f 201/399/564 190/392/565 188/400/546
f 201/399/564 188/400/546 206/412/566
f 206/412/566 188/400/546 216/404/547
f 206/412/566 216/404/547 215/414/548
f 207/415/567 206/412/566 215/414/548
f 207/415/567 215/414/548 214/433/550
f 208/432/568 207/415/567 214/433/550
f 208/432/568 214/433/550 213/443/552
f 209/442/569 208/432/568 213/443/552
f 209/442/569 213/443/552 212/444/555
f 211/449/570 209/442/569 212/444/555
f 204/441/571 209/442/569 211/449/570
f 210/451/559 204/441/571 211/449/570
f 205/440/572 204/441/571 210/451/559
f 187/453/560 205/440/572 210/451/559
f 197/439/573 205/440/572 187/453/560
f 204/441/571 203/431/574 209/442/569
f 203/431/574 208/432/568 209/442/569
f 203/431/574 202/416/575 208/432/568
f 202/416/575 207/415/567 208/432/568
f 202/416/575 200/411/576 207/415/567
f 200/411/576 206/412/566 207/415/567
f 200/411/576 201/399/564 206/412/566
f 197/439/573 196/429/577 205/440/572
f 196/429/577 199/430/578 205/440/572
f 205/440/572 199/430/578 204/441/571
f 199/430/578 203/431/574 204/441/571
f 199/430/578 198/417/579 203/431/574
f 198/417/579 202/416/575 203/431/574
f 198/417/579 194/410/580 202/416/575
f 194/410/580 200/411/576 202/416/575
f 194/410/580 193/398/562 200/411/576
f 193/398/562 201/399/564 200/411/576
f 196/429/577 195/418/581 199/430/578
f 195/418/581 198/417/579 199/430/578
f 195/418/581 194/410/580 198/417/579
f 185/455/582 197/439/573 187/453/560
f 115/438/583 197/439/573 185/455/582
f 115/438/583 112/428/584 197/439/573
f 112/428/584 196/429/577 197/439/573
f 112/428/584 111/419/585 196/429/577
f 111/419/585 195/418/581 196/429/577
f 111/419/585 109/409/586 195/418/581
f 109/409/586 194/410/580 195/418/581
f 109/409/586 108/407/587 194/410/580
f 108/407/587 193/398/562 194/410/580
f 108/407/587 122/397/588 193/398/562
f 122/397/588 192/390/563 193/398/562
f 122/397/588 182/396/589 192/390/563
f 182/396/589 186/389/561 192/390/563
f 192/390/563 186/389/561 190/392/565
f 186/389/561 191/391/536 190/392/565
f 190/392/565 191/391/536 189/394/538
f 190/392/565 189/394/538 188/400/546
f 185/455/582 187/453/560 186/452/561
f 182/454/589 185/455/582 186/452/561
f 182/454/589 181/457/590 185/455/582
f 181/457/590 184/456/591 185/455/582
f 184/456/591 115/438/583 185/455/582
f 184/456/591 183/458/592 115/438/583
f 183/458/592 116/437/593 115/438/583
f 179/461/594 116/437/593 183/458/592
f 117/462/595 116/437/593 179/461/594
f 117/462/596 179/461/597 75/460/598
f 74/459/599 117/462/596 75/460/598
f 113/425/600 117/462/596 74/459/599
f 89/463/601 113/425/600 74/459/599
f 104/487/602 113/425/600 89/463/601
f 88/472/603 104/487/602 89/463/601
f 103/490/604 104/487/602 88/472/603
f 87/486/605 103/490/604 88/472/603
f 87/486/605 98/491/606 103/490/604
f 183/458/592 184/456/591 181/457/590
f 179/350/594 183/474/592 180/349/607
f 183/474/592 181/348/590 180/349/607
f 25/316/608 26/302/609 39/320/610
f 25/316/608 39/320/610 177/319/611
f 177/319/611 39/320/610 41/357/612
f 177/319/611 41/357/612 178/356/613
f 178/356/613 41/357/612 42/346/614
f 178/356/613 42/346/614 123/339/615
f 123/339/615 42/346/614 122/347/588
f 182/473/589 122/347/588 42/346/614
f 181/348/590 182/473/589 42/346/614
f 42/346/614 43/355/616 181/348/590
f 43/355/616 180/349/607 181/348/590
f 44/354/617 180/349/607 43/355/616
f 180/349/607 44/354/617 179/350/594
f 44/354/617 54/351/618 179/350/594
f 179/350/597 54/351/618 63/352/619
f 75/476/598 179/350/597 63/352/619
f 63/352/620 70/478/621 75/476/622
f 70/478/621 72/477/623 75/476/622
f 150/340/624 132/328/625 133/326/626
f 175/327/627 150/340/624 133/326/626
f 143/341/628 150/340/624 175/327/627
f 174/336/629 143/341/628 175/327/627
f 131/342/630 143/341/628 174/336/629
f 173/335/631 131/342/630 174/336/629
f 127/343/632 131/342/630 173/335/631
f 172/333/633 127/343/632 173/335/631
f 127/343/632 172/333/633 126/344/634
f 172/333/633 171/334/635 126/344/634
f 126/344/634 171/334/635 125/337/636
f 171/334/635 176/345/637 125/337/636
f 125/337/636 176/345/637 124/338/638
f 176/345/637 123/339/615 124/338/638
f 176/345/639 178/356/613 123/339/615
f 170/318/640 178/356/613 176/345/639
f 170/318/640 177/319/611 178/356/613
f 165/315/641 177/319/611 170/318/640
f 165/315/641 25/316/608 177/319/611
f 171/334/642 170/318/640 176/345/639
f 175/327/627 133/326/643 134/324/644
f 169/325/645 175/327/627 134/324/644
f 174/336/629 175/327/627 169/325/645
f 168/331/646 174/336/629 169/325/645
f 173/335/631 174/336/629 168/331/646
f 167/332/647 173/335/631 168/331/646
f 172/333/633 173/335/631 167/332/647
f 166/317/648 172/333/633 167/332/647
f 172/333/633 166/317/648 171/334/642
f 166/317/648 170/318/640 171/334/642
f 164/314/649 170/318/640 166/317/648
f 164/314/649 165/315/641 170/318/640
f 169/325/650 134/324/651 135/323/652
f 137/322/653 169/325/650 135/323/652
f 168/331/646 169/325/650 137/322/653
f 138/330/654 168/331/646 137/322/653
f 167/332/647 168/331/646 138/330/654
f 148/329/655 167/332/647 138/330/654
f 166/317/656 167/332/647 148/329/655
f 146/313/657 166/317/656 148/329/655
f 166/317/648 146/313/658 164/314/649
f 8/290/659 28/291/660 7/292/661
f 28/291/660 163/294/662 7/292/661
f 24/309/663 163/294/662 28/291/660
f 24/309/663 162/310/664 163/294/662
f 25/316/665 162/310/664 24/309/663
f 162/310/664 25/316/665 161/311/666
f 25/316/665 165/315/667 161/311/666
f 165/315/667 160/312/668 161/311/666
f 165/315/667 164/314/669 160/312/668
f 164/314/669 159/300/670 160/312/668
f 164/314/669 146/313/671 159/300/670
f 146/313/671 90/301/672 159/300/670
f 159/300/670 90/301/672 158/298/673
f 90/301/672 21/299/674 158/298/673
f 158/298/673 21/299/674 157/279/675
f 21/299/674 20/278/676 157/279/675
f 157/279/675 20/278/676 6/281/677
f 20/278/676 5/280/678 6/281/677
f 163/294/662 11/293/679 7/292/661
f 163/294/662 156/295/680 11/293/679
f 162/310/664 156/295/680 163/294/662
f 156/295/680 162/310/664 161/311/666
f 153/296/681 156/295/680 161/311/666
f 161/311/666 160/312/668 153/296/681
f 160/312/668 152/297/682 153/296/681
f 160/312/668 159/300/670 152/297/682
f 159/300/670 158/298/673 152/297/682
f 152/297/682 158/298/673 154/282/683
f 158/298/673 157/279/675 154/282/683
f 154/282/683 157/279/675 2/283/684
f 157/279/675 6/281/685 2/283/684
f 156/295/680 13/286/686 11/293/679
f 13/286/686 156/295/680 153/296/681
f 151/284/687 13/286/686 153/296/681
f 14/287/688 13/286/686 151/284/687
f 155/285/689 14/287/688 151/284/687
f 15/288/690 14/287/691 155/285/692
f 15/288/690 155/285/692 2/283/693
f 154/282/683 2/283/684 155/285/689
f 151/284/687 154/282/683 155/285/689
f 152/297/682 154/282/683 151/284/687
f 153/296/681 152/297/682 151/284/687
f 143/382/628 141/377/694 150/388/624
f 141/377/694 149/378/695 150/388/624
f 150/388/624 149/378/695 132/4/625
f 149/378/696 136/379/697 132/4/698
f 139/380/699 136/379/697 149/378/696
f 141/377/700 139/380/699 149/378/696
f 147/370/701 148/368/655 140/372/702
f 148/368/655 138/371/654 140/372/702
f 146/366/657 148/368/655 145/369/703
f 148/368/655 147/370/701 145/369/703
f 145/369/703 147/370/701 144/373/704
f 144/373/704 147/370/701 142/381/705
f 147/370/701 140/372/702 142/381/705
f 146/366/657 92/503/706 90/501/707
f 129/367/708 92/503/706 146/366/657
f 129/367/708 146/366/657 145/369/703
f 129/367/708 145/369/703 130/374/709
f 130/374/709 145/369/703 144/373/704
f 144/373/704 131/383/630 130/374/709
f 131/383/630 144/373/704 143/382/628
f 144/373/704 142/381/710 143/382/628
f 141/377/694 143/382/628 142/381/710
f 142/381/705 140/372/702 141/377/700
f 140/372/702 139/380/699 141/377/700
f 138/371/654 139/380/711 140/372/702
f 139/380/711 138/371/654 136/379/697
f 138/371/654 137/387/653 136/379/697
f 137/387/653 135/2/652 136/379/697
f 136/379/697 135/2/652 132/4/698
f 135/2/712 134/1/644 132/4/713
f 134/1/644 133/3/643 132/4/713
f 127/386/632 128/375/714 131/383/630
f 128/375/714 130/374/709 131/383/630
f 128/375/714 129/367/708 130/374/709
f 91/502/715 92/503/706 93/511/716
f 99/512/717 93/511/716 92/503/706
f 92/503/706 129/367/708 99/512/717
f 129/367/708 120/504/718 99/512/717
f 129/367/708 128/375/714 120/504/718
f 128/375/714 121/376/719 120/504/718
f 121/376/719 128/375/714 127/386/632
f 126/385/634 121/376/719 127/386/632
f 118/422/720 121/376/719 126/385/634
f 125/384/636 118/422/720 126/385/634
f 125/384/636 124/405/638 118/422/720
f 124/405/638 107/406/721 118/422/720
f 124/405/638 123/408/615 107/406/721
f 123/408/615 108/407/587 107/406/721
f 123/408/615 122/397/588 108/407/587
f 121/376/719 118/422/720 119/505/722
f 120/504/718 121/376/719 119/505/722
f 99/512/717 120/504/718 100/506/723
f 120/504/718 119/505/722 100/506/723
f 100/506/723 119/505/722 101/496/724
f 119/505/722 102/495/725 101/496/724
f 118/422/720 102/495/725 119/505/722
f 118/422/720 107/406/721 102/495/725
f 107/406/721 105/421/726 102/495/725
f 116/437/593 117/462/595 113/425/727
f 114/426/728 116/437/593 113/425/727
f 116/437/593 114/426/728 115/438/583
f 114/426/728 112/428/584 115/438/583
f 114/426/728 110/427/729 112/428/584
f 113/425/727 110/427/729 114/426/728
f 110/427/729 113/425/727 104/487/730
f 104/487/730 106/420/731 110/427/729
f 110/427/729 111/419/585 112/428/584
f 109/409/586 111/419/585 110/427/729
f 106/420/731 109/409/586 110/427/729
f 106/420/731 108/407/587 109/409/586
f 108/407/587 106/420/731 107/406/721
f 106/420/731 105/421/726 107/406/721
f 105/421/726 106/420/731 104/487/730
f 105/421/726 104/487/730 102/495/725
f 104/487/730 103/490/732 102/495/725
f 103/490/732 98/491/733 102/495/725
f 98/491/733 101/496/724 102/495/725
f 101/496/724 98/491/733 97/492/734
f 96/362/735 101/496/724 97/492/734
f 100/506/723 101/496/724 96/362/735
f 95/361/736 100/506/723 96/362/735
f 99/512/717 100/506/723 95/361/736
f 94/513/737 99/512/717 95/361/736
f 93/511/716 99/512/717 94/513/737
f 87/486/605 83/488/738 98/491/606
f 83/488/738 97/492/739 98/491/606
f 84/493/740 97/492/739 83/488/738
f 96/362/735 97/492/734 84/493/740
f 86/363/741 96/362/735 84/493/740
f 95/361/736 96/362/735 86/363/741
f 59/257/742 95/361/736 86/363/741
f 94/513/737 95/361/736 59/257/742
f 58/258/743 94/513/737 59/257/742
f 58/258/743 57/260/744 94/513/737
f 57/260/744 65/514/745 94/513/737
f 65/514/745 93/511/716 94/513/737
f 55/507/746 93/511/716 65/514/745
f 55/507/746 91/502/715 93/511/716
f 91/502/715 55/507/746 22/500/747
f 91/502/715 22/500/747 21/499/674
f 90/501/672 91/502/715 21/499/674
f 92/503/706 91/502/715 90/501/672
f 74/459/748 76/465/749 89/463/750
f 76/465/749 78/464/751 89/463/750
f 89/463/750 78/464/751 88/472/752
f 78/464/751 80/471/753 88/472/752
f 88/472/752 80/471/753 87/486/754
f 80/471/753 82/485/755 87/486/754
f 87/486/754 82/485/755 83/488/738
f 86/363/741 84/493/740 85/494/756
f 59/257/742 86/363/741 60/364/757
f 60/364/757 86/363/741 85/494/756
f 60/364/757 85/494/756 61/353/758
f 61/353/758 85/494/756 62/489/759
f 85/494/756 84/493/740 62/489/759
f 84/493/740 83/488/738 62/489/759
f 83/488/738 66/483/760 62/489/759
f 82/485/755 66/483/760 83/488/738
f 66/483/760 82/485/761 68/475/762
f 68/475/762 82/485/761 81/470/763
f 82/485/761 80/471/764 81/470/763
f 81/470/763 80/471/764 79/469/765
f 80/471/764 78/464/766 79/469/765
f 79/469/765 78/464/766 77/467/767
f 78/464/766 76/465/768 77/467/767
f 77/467/767 76/465/768 73/468/769
f 76/465/768 72/466/623 73/468/769
f 72/466/623 76/465/749 74/459/748
f 75/460/622 72/466/623 74/459/748
f 73/479/769 72/477/623 71/480/770
f 72/477/623 70/478/621 71/480/770
f 71/480/770 70/478/621 69/482/771
f 70/478/621 64/481/772 69/482/771
f 64/481/772 70/478/621 63/352/620
f 69/482/771 64/481/772 67/484/773
f 67/484/773 66/483/760 68/475/762
f 64/481/772 66/483/760 67/484/773
f 66/483/760 64/481/772 62/489/759
f 56/510/774 55/507/746 65/514/745
f 56/510/774 65/514/745 57/260/744
f 62/489/759 64/481/772 63/352/620
f 63/352/619 54/351/618 62/489/759
f 54/351/618 61/353/758 62/489/759
f 53/365/775 61/353/758 54/351/618
f 53/365/775 60/364/757 61/353/758
f 52/360/776 60/364/757 53/365/775
f 52/360/776 59/257/742 60/364/757
f 51/255/777 59/257/742 52/360/776
f 58/258/743 59/257/742 51/255/777
f 58/258/743 51/255/777 50/259/778
f 57/260/744 58/258/743 50/259/778
f 49/262/779 57/260/744 50/259/778
f 49/262/779 56/510/774 57/260/744
f 56/510/774 49/262/779 33/509/780
f 56/510/774 33/509/780 55/507/746
f 33/509/780 34/508/781 55/507/746
f 55/507/746 34/508/781 22/500/747
f 22/500/747 34/508/781 19/271/782
f 44/354/617 53/365/775 54/351/618
f 45/359/783 53/365/775 44/354/617
f 45/359/783 52/360/776 53/365/775
f 46/256/784 52/360/776 45/359/783
f 46/256/784 51/255/777 52/360/776
f 47/306/785 51/255/777 46/256/784
f 51/255/777 47/306/785 50/259/778
f 48/261/786 50/259/778 47/306/785
f 48/261/786 49/262/779 50/259/778
f 49/262/779 48/261/786 32/264/787
f 49/262/779 32/264/787 33/509/780
f 48/261/786 31/263/788 32/264/787
f 30/289/789 31/263/788 48/261/786
f 36/307/790 30/289/789 48/261/786
f 36/307/790 48/261/786 47/306/785
f 47/306/785 37/303/791 36/307/790
f 37/303/791 47/306/785 46/256/784
f 37/303/791 46/256/784 38/321/792
f 38/321/792 46/256/784 45/359/783
f 38/321/792 45/359/783 40/358/793
f 40/358/793 45/359/783 44/354/617
f 40/358/793 44/354/617 43/355/616
f 41/357/612 40/358/793 43/355/616
f 41/357/612 43/355/616 42/346/614
f 37/303/791 35/305/794 36/307/790
f 39/320/610 40/358/793 41/357/612
f 39/320/610 38/321/792 40/358/793
f 26/302/609 38/321/792 39/320/610
f 26/302/795 37/303/791 38/321/792
f 37/303/791 26/302/795 35/305/794
f 26/302/795 27/304/796 35/305/794
f 27/304/796 29/308/797 35/305/794
f 35/305/794 29/308/797 30/289/789
f 36/307/790 35/305/794 30/289/789
f 34/508/781 18/270/798 19/271/782
f 34/508/781 33/509/780 18/270/798
f 33/509/780 17/269/799 18/270/798
f 33/509/780 32/264/787 17/269/799
f 32/264/787 16/266/800 17/269/799
f 32/264/787 31/263/788 16/266/800
f 31/263/788 12/265/801 16/266/800
f 31/263/788 30/289/789 12/265/801
f 30/289/789 23/274/802 12/265/801
f 30/289/789 29/308/797 23/274/802
f 29/308/797 8/290/659 23/274/802
f 28/291/660 8/290/659 29/308/797
f 27/304/796 28/291/660 29/308/797
f 27/304/796 24/309/663 28/291/660
f 26/302/795 24/309/663 27/304/796
f 26/302/803 25/316/665 24/309/663
f 23/274/802 8/290/659 10/272/804
f 23/274/802 10/272/804 12/265/801
f 7/276/661 11/277/805 9/275/806
f 19/271/807 21/499/674 22/500/747
f 19/271/807 20/498/676 21/499/674
f 19/271/807 5/497/678 20/498/676
f 4/253/808 5/497/678 19/271/807
f 19/271/782 18/270/798 4/253/809
f 18/270/798 3/252/810 4/253/809
f 18/270/798 17/269/799 3/252/810
f 17/269/799 2/249/693 3/252/810
f 17/269/799 16/266/800 2/249/693
f 16/266/800 15/268/690 2/249/693
f 16/266/800 12/265/801 15/268/690
f 12/265/801 14/267/691 15/268/690
f 13/273/811 14/267/691 12/265/801
f 11/277/805 13/273/812 12/265/813
f 10/272/814 11/277/805 12/265/813
f 11/277/805 10/272/814 9/275/806
f 8/290/659 9/275/815 10/272/804
f 9/275/806 8/290/659 7/292/661
f 2/249/693 6/251/816 1/250/817
f 5/254/818 1/250/817 6/251/816
f 4/253/809 1/250/817 5/254/818
f 3/252/810 1/250/817 4/253/809
f 3/252/810 2/249/693 1/250/817
usemtl Karambit
f 653/515/819 654/516/820 655/517/820 656/518/821
f 657/519/822 658/520/823 659/521/824 660/522/825
f 661/523/826 662/524/827 656/518/828 663/525/829
f 664/526/820 665/527/820 666/528/820 667/529/820
f 661/523/826 663/525/829 668/530/830 669/531/831
f 670/532/820 671/533/820 672/534/820 673/535/820
f 674/536/820 675/537/820 676/538/820 677/539/820
f 672/534/820 675/537/820 674/536/820 673/535/820
f 677/539/820 676/538/820 678/540/820 679/541/820
f 678/540/820 680/542/820 681/543/820 679/541/820
f 682/544/832 683/545/820 684/546/820 685/547/833
f 686/548/820 687/549/820 684/546/820 683/545/820
f 687/549/820 686/548/820 665/527/820 688/550/820
f 689/551/820 690/552/820 691/553/834 692/554/835
f 692/554/835 691/553/834 693/555/836 694/556/837
f 657/519/822 695/557/838 696/558/839 658/520/823
f 690/552/820 689/551/820 697/559/820 698/560/820
f 697/559/820 699/561/820 664/526/820 698/560/820
f 688/550/820 665/527/820 664/526/820 699/561/820
f 700/562/840 701/563/841 702/564/842 703/565/843
f 658/520/820 704/566/820 705/567/820 659/521/844
f 706/568/845 653/515/846 707/569/847
f 708/570/848 709/571/849 710/572/850
f 663/525/820 711/573/820 712/574/820 668/530/820
f 668/530/830 670/532/851 669/531/831
f 671/533/820 670/532/820 668/530/820 712/574/820
f 713/575/852 656/518/828 662/524/827
f 655/517/820 711/573/820 663/525/820 656/518/821
f 714/576/820 715/577/820 654/516/820 653/515/819
f 716/578/853 714/576/854 653/515/846 706/568/845
f 717/579/855 718/580/856 710/572/850 716/578/853
f 719/581/820 715/577/820 714/576/820 709/571/857
f 659/521/824 720/582/858 660/522/825
f 719/581/820 709/571/857 659/521/844 705/567/820
f 682/544/859 696/558/839 695/557/838
f 704/566/820 658/520/820 696/558/860 721/583/820
f 694/556/837 693/555/836 702/564/842 701/563/841
f 691/553/861 722/584/861 693/555/861
f 693/555/820 722/584/820 721/583/820 702/564/820
f 696/558/860 682/544/862 703/565/863
f 702/564/820 721/583/820 696/558/860 703/565/863
f 670/532/851 723/585/864 669/531/831
f 669/531/831 723/585/864 724/586/865 661/523/826
f 724/586/865 725/587/866 662/524/827 661/523/826
f 662/524/827 725/587/866 726/588/867 713/575/852
f 713/575/868 726/588/869 707/569/870
f 707/569/847 726/588/871 727/589/872 706/568/845
f 706/568/845 727/589/872 717/579/855 716/578/853
f 709/571/849 714/576/854 716/578/853 710/572/850
f 728/590/873 708/570/848 710/572/850 718/580/856
f 708/570/874 728/590/875 720/582/876
f 729/591/877 660/522/825 720/582/858 728/590/878
f 660/522/825 729/591/877 730/592/879 657/519/822
f 657/519/822 730/592/879 731/593/880 695/557/838
f 695/557/838 731/593/880 682/544/859
f 709/571/857 708/570/874 720/582/876 659/521/844
f 653/515/819 656/518/821 713/575/868 707/569/870
f 705/567/881 704/566/882 732/594/883 733/595/884
f 654/516/885 715/577/886 734/596/887 735/597/888
f 721/583/889 722/584/890 736/598/891 737/599/892
f 712/574/893 711/573/894 738/600/895 739/601/896
f 674/602/897 740/536/897 741/535/898 673/603/898
f 672/534/899 671/533/900 742/604/901 743/605/902
f 672/534/899 743/605/902 744/606/903 675/537/904
f 674/607/905 677/608/905 745/539/905 740/536/905
f 676/538/906 675/537/904 744/606/903 746/609/907
f 670/610/908 673/603/898 741/535/898 747/532/908
f 677/611/909 679/612/910 748/541/910 745/539/909
f 676/613/911 746/609/912 749/538/911
f 681/614/913 750/543/913 748/541/910 679/612/910
f 678/615/914 751/540/914 752/542/915 680/616/915
f 681/614/916 680/616/916 752/542/916 750/543/916
f 671/533/900 712/574/893 739/601/896 742/604/901
f 711/573/894 655/517/917 753/617/918 738/600/895
f 655/517/917 654/516/885 735/597/888 753/617/918
f 715/577/919 719/581/920 754/618/921 734/596/922
f 719/581/920 705/567/881 733/595/884 754/618/921
f 704/566/882 721/583/889 737/599/892 732/594/883
f 670/610/908 747/532/908 723/585/923
f 685/619/924 684/620/925 755/621/925 756/622/924
f 684/620/925 687/623/926 757/624/926 755/621/925
f 687/623/926 688/625/927 758/626/927 757/624/926
f 688/625/927 699/627/928 759/628/928 758/626/927
f 689/629/929 692/630/930 760/631/930 761/632/929
f 692/630/930 694/633/931 762/634/931 760/631/930
f 694/633/931 701/635/932 763/636/932 762/634/931
f 700/637/933 764/638/933 763/636/932 701/635/932
f 683/639/934 682/640/935 765/641/935 766/642/934
f 686/643/936 767/644/936 768/645/937 665/646/937
f 666/647/938 769/648/938 770/649/939 667/650/939
f 703/565/843 682/544/832 685/547/833 700/562/840
f 685/619/924 756/622/924 764/638/933 700/637/933
f 771/515/940 772/518/941 773/517/942 774/516/942
f 775/519/943 776/522/944 777/521/945 778/520/946
f 779/523/947 780/525/948 772/518/949 781/524/950
f 782/526/951 770/529/951 769/528/951 768/527/942
f 779/523/947 783/531/952 784/530/953 780/525/948
f 747/532/942 741/535/942 785/534/942 786/533/942
f 740/536/942 745/539/942 749/538/942 787/537/942
f 785/534/942 741/535/942 740/536/942 787/537/942
f 745/539/942 748/541/942 751/540/942 749/538/942
f 751/540/942 748/541/942 750/543/942 752/542/942
f 765/544/954 756/547/955 755/546/942 766/545/942
f 767/548/942 766/545/942 755/546/942 757/549/942
f 757/549/942 758/550/942 768/527/942 767/548/942
f 761/551/942 760/554/956 788/553/957 789/552/942
f 760/554/956 762/556/958 790/555/959 788/553/957
f 775/519/943 778/520/946 791/558/960 792/557/961
f 789/552/942 793/560/942 794/559/942 761/551/942
f 794/559/942 793/560/942 782/526/951 759/561/942
f 758/550/942 759/561/942 782/526/951 768/527/942
f 764/562/962 795/565/963 796/564/964 763/563/965
f 778/520/942 777/521/966 797/567/942 798/566/942
f 799/568/967 800/569/968 771/515/969
f 801/570/970 802/572/971 803/571/972
f 780/525/942 784/530/942 804/574/942 805/573/942
f 784/530/953 783/531/952 747/532/973
f 786/533/942 804/574/942 784/530/942 747/532/942
f 806/575/974 781/524/950 772/518/949
f 773/517/942 772/518/941 780/525/942 805/573/942
f 807/576/942 771/515/940 774/516/942 808/577/942
f 809/578/975 799/568/967 771/515/969 807/576/976
f 717/579/977 809/578/975 802/572/971 718/580/978
f 810/581/942 803/571/979 807/576/942 808/577/942
f 777/521/945 776/522/944 811/582/980
f 810/581/942 797/567/942 777/521/966 803/571/979
f 765/544/981 792/557/961 791/558/960
f 798/566/942 812/583/942 791/558/982 778/520/942
f 762/556/958 763/563/965 796/564/964 790/555/959
f 788/553/983 790/555/983 813/584/983
f 790/555/942 796/564/942 812/583/942 813/584/942
f 791/558/982 795/565/984 765/544/985
f 796/564/942 795/565/984 791/558/982 812/583/942
f 747/532/973 783/531/952 723/585/986
f 783/531/952 779/523/947 724/586/987 723/585/986
f 724/586/987 779/523/947 781/524/950 725/587/988
f 781/524/950 806/575/974 726/588/989 725/587/988
f 806/575/990 800/569/991 726/588/992
f 800/569/968 799/568/967 727/589/993 726/588/994
f 799/568/967 809/578/975 717/579/977 727/589/993
f 803/571/972 802/572/971 809/578/975 807/576/976
f 728/590/995 718/580/978 802/572/971 801/570/970
f 801/570/996 811/582/997 728/590/998
f 729/591/999 728/590/1000 811/582/980 776/522/944
f 776/522/944 775/519/943 730/592/1001 729/591/999
f 775/519/943 792/557/961 731/593/1002 730/592/1001
f 792/557/961 765/544/981 731/593/1002
f 803/571/979 777/521/966 811/582/997 801/570/996
f 771/515/940 800/569/991 806/575/990 772/518/941
f 797/567/1003 733/595/884 732/594/883 798/566/1004
f 774/516/1005 735/597/888 734/596/887 808/577/1006
f 812/583/1007 737/599/892 736/598/891 813/584/1008
f 804/574/1009 739/601/896 738/600/895 805/573/1010
f 785/534/1011 743/605/902 742/604/901 786/533/1012
f 785/534/1011 787/537/1013 744/606/903 743/605/902
f 749/538/1014 746/609/907 744/606/903 787/537/1013
f 786/533/1012 742/604/901 739/601/896 804/574/1009
f 805/573/1010 738/600/895 753/617/918 773/517/1015
f 773/517/1015 753/617/918 735/597/888 774/516/1005
f 808/577/1016 734/596/922 754/618/921 810/581/1017
f 810/581/1017 754/618/921 733/595/884 797/567/1003
f 798/566/1004 732/594/883 737/599/892 812/583/1007
f 759/628/928 699/627/928 697/651/1018 794/652/1018
f 794/653/1018 697/654/1018 689/629/929 761/632/929
f 793/655/1019 698/656/1019 664/657/1020 782/658/1020
f 686/643/936 683/639/934 766/642/934 767/644/936
f 788/659/1021 691/660/1021 690/661/1022 789/662/1022
f 666/647/938 665/646/937 768/645/937 769/648/938
f 664/657/1020 667/650/939 770/649/939 782/658/1020
f 789/662/1022 690/661/1022 698/656/1019 793/655/1019
f 813/663/1023 736/664/1024 722/665/1023
f 765/666/935 682/667/935 731/668/1025
f 795/565/963 764/562/962 756/547/955 765/544/954
f 751/540/914 678/615/914 676/613/911 749/538/911
f 691/669/1026 788/670/1026 813/663/1023 722/665/1023
f 814/671/820 815/672/820 816/673/820 817/674/820
f 817/674/820 818/675/820 819/676/820 814/671/820
f 819/676/820 818/675/820 820/677/820 821/678/820
f 821/678/820 820/677/820 822/679/820
f 815/672/820 823/680/820 824/681/820 825/682/820 816/673/820
f 826/683/1027 822/679/1028 827/684/1029 828/685/1030
f 828/685/1030 827/684/1029 829/686/1031
f 830/687/1032 831/688/1033 818/675/1034 817/674/1035
f 818/675/1034 831/688/1033 832/689/1036 820/677/1037
f 820/677/1037 832/689/1036 833/690/1038 822/679/1039
f 834/691/1040 821/678/1041 822/679/1028 826/683/1027
f 834/691/1040 835/692/1042 819/676/1043 821/678/1041
f 835/692/1042 836/693/1044 814/671/1045 819/676/1043
f 836/693/1044 837/680/1046 815/672/1046 814/671/1045
f 815/694/1047 837/695/1047 823/696/1047
f 838/673/1048 830/687/1032 817/674/1035 816/673/1048
f 822/679/1039 833/690/1038 839/697/1049 827/684/1050
f 827/684/1050 839/697/1049 829/686/1051
f 840/671/942 841/674/942 842/673/942 843/672/942
f 841/674/942 840/671/942 844/676/942 845/675/942
f 844/676/942 846/678/942 847/677/942 845/675/942
f 846/678/942 848/679/942 847/677/942
f 849/681/942 850/680/942 843/672/942 842/673/942 851/682/942
f 826/683/1052 828/685/1053 852/684/1054 848/679/1055
f 829/686/1056 852/684/1054 828/685/1053
f 830/687/1057 841/674/1058 845/675/1059 831/688/1060
f 845/675/1059 847/677/1061 832/689/1062 831/688/1060
f 847/677/1061 848/679/1063 833/690/1064 832/689/1062
f 834/691/1065 826/683/1052 848/679/1055 846/678/1066
f 834/691/1065 846/678/1066 844/676/1067 835/692/1068
f 835/692/1068 844/676/1067 840/671/1069 836/693/1070
f 836/693/1070 840/671/1069 843/672/1071 837/680/1071
f 843/694/1047 850/696/1047 837/695/1047
f 837/698/1072 850/681/1072 849/680/1072 853/699/1072 824/700/1072 823/701/1072
f 854/702/1073 851/682/1073 842/673/1073 838/703/1073 816/704/1073 825/705/1073
f 838/673/1074 842/673/1074 841/674/1058 830/687/1057
f 848/679/1063 852/684/1075 839/697/1076 833/690/1064
f 852/684/1075 829/686/1077 839/697/1076
